Dataset,Affinity Type,Overlaps with,Mutation Types,,,,,
AB-Bind (PDB only),ddG,SipDAB,,,,,,
,PDB ID,Res. (Å),R-value,R-free,pH,T (K),All atom clashscorea,DOI
,1AK4,2.36,0.238,0.306,7,100,4.71, 10.1016/S0092-8674(00)81823-1
,1BJ1,2.4,0.196,0.266,6,100,4.34, 10.1016/S0969-2126(98)00116-6
,1CZ8,2.4,0.208,0.267,6,100,21.64, 10.1006/JMBI.1999.3192
,1DQJ,2,0.217,0.25,4.6,298,10.15, 10.1021/BI000054L
,1DVF,1.9,0.194,0.249,na,na,12.65, 10.1006/JMBI.1996.0629   
,1FFW,2.7,0.213,0.273,5.5,298,8.28, 10.1107/S090744490001492X
,1JRH,2.8,0.246,0.314,5.5,120,14.75, 10.1006/JMBI.1997.1336
,1JTG,1.73,0.173,0.205,8.8,298,3.8, 10.1038/NSB1001-848
,1KTZ,2.15,0.201,0.215,na,100,4.46, 10.1038/NSB766
,1MHP,2.8,0.222,0.272,7.4,100,25.4, 10.1016/S0022-2836(03)00203-1
,1MLC,2.5,0.184,0.282,na,na,31.62, 10.1016/0022-2836(94)90046-9
,1N8Z,2.52,0.222,0.284,6.5,110,14.17, 10.1038/NATURE01392
,1T83,3,0.226,0.282,6,100,44.34, 10.1074/JBC.M100350200
,1VFB,1.8,0.185,na,na,na,2.61, 10.1073/PNAS.91.3.1089
,1YY9,2.6,0.239,0.289,7.5,100,12.53, 10.1016/J.CCR.2005.03.003
,2JEL,1.5,0.21,0.28,5.8,298,7.43, 10.1006/JMBI.1998.1888   
,2NY7,2.3,0.193,0.255,na,100,15.38, 10.1038/NATURE05580
,2NYY,2.61,0.206,0.246,5.5,100,13.91, 10.1038/NBT1269
,2NZ9,3.79,0.224,0.278,5.6,100,18, 10.1038/NBT1269
,3BDY,2.6,0.194,0.252,7.5,100,2.12, 10.1126/SCIENCE.1165480
,3BE1,2.9,0.236,0.277,8,100,8.16, 10.1126/SCIENCE.1165480
,3BN9,2.17,0.223,0.267,8,100,21.13, 10.1016/J.JMB.2008.05.009
,3HFM,3,0.246,na,na,na,46.85, 10.1073/PNAS.86.15.5938
,3K2M,1.75,0.18,0.221,8.5,100,4.79, 10.1038/NSMB.1793
,3NGB,2.68,0.197,0.256,8.5,100,10.31, 10.1126/SCIENCE.1192819
,3NPS,1.5,0.19,0.228,na,100,7.12, 10.1016/J.JMB.2011.11.036   
,3WJJ,2.6,0.23,0.272,6.5,95,1.44, 10.1093/PROTEIN/GZT022
Kiyoshi et al.,KD,None,,,,,,
,Protein,KD (nM),"KD, mut/KD, wt",LD,,,,
,WT (PDB: 2BDN),0.8,1,1,,,,
,H-L27R,2.4,0.3,1,,,,
,H-L27K,3.5,0.2,1,,,,
,H-N28D,1,0.8,1,,,,
,H-N28Q,8.5,0.09,1,,,,
,H-D31E,5,0.16,1,,,,
,L-Y30K,2.5,0.3,1,,,,
,L-N31R,0.17,4.6,1,,,,
,L-N31K,290,0.003,1,,,,
,L-S53D,0.61,1.3,1,,,,
,L-S53E,0.19,4.2,1,,,,
,L-T56D,0.39,2.1,1,,,,
,L-T56E,0.25,3.2,1,,,,
SiPDAB,ddG,AB-Bind (is subset),,,,,,
SKEMPI 2.0,KD,Possibly overlap with AB-Bind,,,,,,
HIV binding (Dr. Sprenger),?,None,,,,,,
Phillips et al. ,KD,None,Possibly skeptical about data?,,,,,
Mason et al. (Reddy),KD,None,,,,,,
,Variant No.,Sequence,KD,LD,,,,
,1,CSRWKGDGFYEHDYW,0.33,3,,,,
,2,CSRWPGPGMYTNDYW,0.38,5,,,,
,3,CSRWPGPGMYANDYW,0.39,4,,,,
,4,CSRWRGDGFYEHDYW,0.49,3,,,,
,5,CSRWREPGFYEHDYW,0.64,5,,,,
,6,CSRWKEPGFYEHDYW,0.77,5,,,,
,7,CSRWKDPGFYEHDYW,0.77,5,,,,
,8,CSRYGPPGMYTNDYW,0.96,6,,,,
,9,CSRWRDDGLYAHDYW,1.01,4,,,,
,10,CSRWNDRGFYEHDYW,1.07,5,,,,
,11,CSRWPGGGMYANDYW,1.15,4,,,,
,12,CSRWGGPGMYTNDYW,1.32,4,,,,
,13,CSRWRDPGFYEHDYW,1.37,5,,,,
,14,CSRWKQDGFYEHDYW,1.44,4,,,,
,15,CSRYGGPGMYTNDYW,1.57,5,,,,
,16,CSRYGGDGMYQHDYW,1.77,4,,,,
,17,CSRYGGTGMYEHDYW,1.83,5,,,,
,18,CSRYGNGGMYANDYW,2.23,5,,,,
,19,CSRYGPGGMYEHDYW,2.47,6,,,,
,20,CSRWGGPGMYEHDYW,2.53,4,,,,
,21,CSRYRGDGFYEHDYW,2.85,4,,,,
,22,CSRYGGPGLYANDYW,2.88,4,,,,
,23,CSRYGGPGMYQNDYW,3.02,5,,,,
,24,CSRWPQPGMYANDYW,3.02,5,,,,
,25,CSRYGGPGMYEHDYW,3.12,5,,,,
,26,CSRYGDPGMYQHDYW,3.31,6,,,,
,27,CSRYGGPGLYTNDYW,3.32,5,,,,
,28,CSRYGPGGLYTNDYW,3.45,6,,,,
,29,CSRYGGPGLYEHDYW,3.51,5,,,,
,30,CSRWGNPGMYANDYW,3.65,4,,,,
,31,CSRWRHDGFYENDYW,3.71,4,,,,
,32,CSRYGPGGMYANDYW,3.85,5,,,,
,33,CSRWGNGGMYANDYW,3.94,4,,,,
,34,CSRYGERGFYEHDYW,4.02,5,,,,
,35,CSRYGGNGMYTNDYW,4.02,5,,,,
,36,CSRYGSPGMYTNDYW,4.4,6,,,,
,37,CSRYGQPGMYTNDYW,4.65,6,,,,
,38,CSRYGEPGMYQHDYW,4.79,6,,,,
,39,CSRWGGNGMYANDYW,4.87,3,,,,
,40,CSRYGDRGFYEHDYW,5.35,5,,,,
,41,CSRYGPNGLYANDYW,5.47,5,,,,
,42,CSRYGGNGMYQNDYW,5.86,5,,,,
,43,CSRYGNPGMYQNDYW,6.27,6,,,,
,44,CSRYGQPGMYANDYW,6.86,5,,,,
,45,CSRYSGPGMYANDYW,7.14,5,,,,
,46,CSRYGSNGMYQNDYW,7.31,6,,,,
,47,CSRYGGNGMYANDYW,7.68,4,,,,
,48,CSRWERPGLYEHDYW,8.7,6,,,,
,49,CSRWRPDGFYEHDYW,9.12,4,,,,
,50,CSRWREPGLYEHDYW,11.4,6,,,,
,51,CSRYGNPGMYEHDYW,11.69,6,,,,
,52,CSRWDRPGLYEHDYW,11.81,6,,,,
,53,CSRWKEPGLYEHDYW,13.28,6,,,,
,54,CSRYGQPGMYEHDYW,13.32,6,,,,
,55,CSRYGQPGLYEHDYW,18.34,6,,,,
,WT-Tra (PDB: 1N8Z),CSRWGGDGFYAMDYW,0.4,0,,,,
