,#PDB,Mutations,ddG(kcal/mol),Source,LD
79,1DQJ,H:D32A,2.0,AB-Bind,1
80,1DQJ,H:W98A,4.9,AB-Bind,1
81,1DQJ,H:Y33A,5.5,AB-Bind,1
82,1DQJ,H:Y50A,6.9,AB-Bind,1
83,1DQJ,H:Y53A,1.2,AB-Bind,1
84,1DQJ,L:N31A,2.0,AB-Bind,1
85,1DQJ,L:N32A,4.1,AB-Bind,1
86,1DQJ,L:S91A,1.4,AB-Bind,1
87,1DQJ,L:Y50A,2.7,AB-Bind,1
88,1DQJ,L:Y96A,1.1,AB-Bind,1
188,1MHP,H:K64E;L:S28Q,-0.85,AB-Bind,2
189,1MHP,H:K64E;L:S28Q;L:N52Y,-0.95,AB-Bind,3
190,1MHP,H:L60D;H:K64E,-0.14,AB-Bind,2
191,1MHP,H:L60D;H:K64Q,0.04,AB-Bind,2
192,1MHP,H:S35A;H:G102S,1.58,AB-Bind,2
193,1MHP,H:S35A;H:T50V;H:G102S,8.0,AB-Bind,3
194,1MHP,H:S35V;H:G102S,1.43,AB-Bind,2
195,1MHP,H:S35V;H:T50V;H:G102S,8.0,AB-Bind,3
196,1MHP,H:T33E;H:G53Q,1.67,AB-Bind,2
197,1MHP,H:T33I;H:S52T;H:G53N;H:G54N,1.91,AB-Bind,4
198,1MHP,H:T33I;H:S52T;H:G53Q;H:G54F,1.26,AB-Bind,4
199,1MHP,H:T33Q;H:G54W,8.0,AB-Bind,2
200,1MHP,H:T33S;H:G53W,8.0,AB-Bind,2
201,1MHP,H:T50V;H:G102S,1.67,AB-Bind,2
202,1MHP,H:T50V;H:K64E,-0.36,AB-Bind,2
203,1MHP,H:T50V;H:K64E;L:S28Q;L:N52E,-1.24,AB-Bind,4
204,1MHP,H:T50V;H:K64E;L:S28Q;L:N52Y,-1.04,AB-Bind,4
205,1MHP,H:T50V;H:S35A,2.08,AB-Bind,2
206,1MHP,H:T50V;H:S35V,2.73,AB-Bind,2
207,1MHP,H:T50V;L:S28Q,-0.69,AB-Bind,2
208,1MHP,H:T50V;L:S28Q;L:N52Y,-1.2,AB-Bind,3
209,1MHP,H:Y58E;H:H56N,8.0,AB-Bind,2
210,1MHP,H:Y58Q;H:H56N,8.0,AB-Bind,2
211,1MHP,L:N30Y;L:S91I,0.43,AB-Bind,2
212,1MHP,L:W90Q;L:F33Y,0.87,AB-Bind,2
213,1MHP,H:F99W,0.0,AB-Bind,1
214,1MHP,H:F99Y,0.76,AB-Bind,1
215,1MHP,H:G100F,0.57,AB-Bind,1
216,1MHP,H:G100I,8.0,AB-Bind,1
217,1MHP,H:G100L,2.73,AB-Bind,1
218,1MHP,H:G100M,0.1,AB-Bind,1
219,1MHP,H:G100S,0.56,AB-Bind,1
220,1MHP,H:G100V,8.0,AB-Bind,1
221,1MHP,H:G102S,8.0,AB-Bind,1
222,1MHP,H:G53A,0.51,AB-Bind,1
223,1MHP,H:G53N,1.26,AB-Bind,1
224,1MHP,H:G53Q,8.0,AB-Bind,1
225,1MHP,H:G53S,0.68,AB-Bind,1
226,1MHP,H:G53W,8.0,AB-Bind,1
227,1MHP,H:G54I,1.36,AB-Bind,1
228,1MHP,H:G54M,8.0,AB-Bind,1
229,1MHP,H:G54N,8.0,AB-Bind,1
230,1MHP,H:G54T,1.17,AB-Bind,1
231,1MHP,H:G54Y,0.0,AB-Bind,1
232,1MHP,H:H56Y,8.0,AB-Bind,1
233,1MHP,H:K64D,-0.12,AB-Bind,1
234,1MHP,H:K64E,-0.16,AB-Bind,1
235,1MHP,H:K64N,-0.07,AB-Bind,1
236,1MHP,H:K64Q,-0.16,AB-Bind,1
237,1MHP,H:L60D,-0.12,AB-Bind,1
238,1MHP,H:R31Q,1.31,AB-Bind,1
239,1MHP,H:S35A,1.58,AB-Bind,1
240,1MHP,H:S35Q,2.73,AB-Bind,1
241,1MHP,H:S35V,8.0,AB-Bind,1
242,1MHP,H:S52M,2.08,AB-Bind,1
243,1MHP,H:S52T,8.0,AB-Bind,1
244,1MHP,H:T33N,2.73,AB-Bind,1
245,1MHP,H:T33Q,8.0,AB-Bind,1
246,1MHP,H:T33V,0.43,AB-Bind,1
247,1MHP,H:T50E,8.0,AB-Bind,1
248,1MHP,H:T50Q,8.0,AB-Bind,1
249,1MHP,H:T50V,-0.26,AB-Bind,1
250,1MHP,H:Y58E,2.08,AB-Bind,1
251,1MHP,H:Y58Q,2.08,AB-Bind,1
252,1MHP,H:Y58W,0.82,AB-Bind,1
253,1MHP,H:Y59E,0.54,AB-Bind,1
254,1MHP,L:G92Q,1.58,AB-Bind,1
255,1MHP,L:G92S,0.51,AB-Bind,1
256,1MHP,L:H31K,1.17,AB-Bind,1
257,1MHP,L:H31R,1.12,AB-Bind,1
258,1MHP,L:H31W,1.26,AB-Bind,1
259,1MHP,L:L49F,0.71,AB-Bind,1
260,1MHP,L:L49K,0.93,AB-Bind,1
261,1MHP,L:L49W,1.91,AB-Bind,1
262,1MHP,L:L49Y,8.0,AB-Bind,1
263,1MHP,L:N30K,8.0,AB-Bind,1
264,1MHP,L:N30V,1.05,AB-Bind,1
265,1MHP,L:N30W,1.58,AB-Bind,1
266,1MHP,L:N30Y,1.91,AB-Bind,1
267,1MHP,L:N52D,0.5,AB-Bind,1
268,1MHP,L:N52E,-0.18,AB-Bind,1
269,1MHP,L:N52K,0.66,AB-Bind,1
270,1MHP,L:N52R,0.85,AB-Bind,1
271,1MHP,L:N52Y,-0.1,AB-Bind,1
272,1MHP,L:N93D,8.0,AB-Bind,1
273,1MHP,L:S24R,-0.07,AB-Bind,1
274,1MHP,L:S28Q,-0.67,AB-Bind,1
275,1MHP,L:S91K,8.0,AB-Bind,1
276,1MHP,L:S91Q,1.78,AB-Bind,1
277,1MHP,L:S91R,2.73,AB-Bind,1
278,1MHP,L:S91T,2.32,AB-Bind,1
279,1MHP,L:S91W,8.0,AB-Bind,1
280,1MHP,L:W90Q,2.08,AB-Bind,1
281,1MLC,H:S57V;H:T58D,-0.99,AB-Bind,2
282,1MLC,H:S57V;H:T58D;L:N32G;L:N92A,-1.74,AB-Bind,4
283,1MLC,H:S57V;H:T58D;L:N92A,-2.4,AB-Bind,3
284,1MLC,H:T28D;H:E35S;H:S57V;H:T58D;H:G99D;L:N92A,-2.95,AB-Bind,6
285,1MLC,H:T28D;H:E35S;H:S57V;H:T58D;L:N92A,1.91,AB-Bind,5
286,1MLC,H:T28D;H:S30G;H:S57V;H:T58D;L:N92A,-2.36,AB-Bind,5
287,1MLC,H:T28D;H:S57V;H:T58D;H:G99D;L:N92A,-0.2,AB-Bind,5
288,1MLC,H:T28D;H:S57V;H:T58D;H:R98M;H:D100Q;L:N92A,-0.41,AB-Bind,6
289,1MLC,H:T28D;H:S57V;H:T58D;H:Y59E;L:N92A,-1.47,AB-Bind,5
290,1MLC,H:T28D;H:S57V;H:T58D;L:N32L;L:N92A,-2.59,AB-Bind,5
291,1MLC,H:T28D;H:S57V;H:T58D;L:N92A,-2.74,AB-Bind,4
292,1MLC,H:T28D;H:S57V;H:T58D;L:S91N;L:N92A,1.78,AB-Bind,5
293,1MLC,H:T28D;H:S57V;H:T58D;L:S91N;L:N92A;L:S93A,-1.61,AB-Bind,6
294,1MLC,H:T28D;H:Y32R;H:S57V;H:T58D;H:R98S;L:N92A,1.78,AB-Bind,6
295,1MLC,H:T28D;H:Y32W;H:S57V;H:T58D;H:R98V;H:D100Q;L:N92A,0.41,AB-Bind,7
296,1MLC,L:N32G;L:N92A,-0.69,AB-Bind,2
297,1MLC,H:K65D,0.02,AB-Bind,1
298,1MLC,H:S57A,-0.38,AB-Bind,1
299,1MLC,H:S57V,-0.49,AB-Bind,1
300,1MLC,H:T28D,-0.15,AB-Bind,1
301,1MLC,H:T31A,0.45,AB-Bind,1
302,1MLC,H:T31V,0.53,AB-Bind,1
303,1MLC,H:T31W,0.13,AB-Bind,1
304,1MLC,H:T58D,-0.56,AB-Bind,1
305,1MLC,L:N32G,-0.85,AB-Bind,1
306,1MLC,L:N32Y,0.0,AB-Bind,1
307,1MLC,L:N92A,-1.25,AB-Bind,1
308,1N8Z,H:W95A;H:Y100aA,8.0,AB-Bind,2
309,1N8Z,L:H91A;H:Y100aA,8.0,AB-Bind,2
310,1N8Z,L:N30S;L:H91F;L:Y92W,-0.07,AB-Bind,3
311,1N8Z,L:N30S;L:H91F;L:Y92W;L:T94S;H:D98W;H:Y100aF;H:Y102V,0.05,AB-Bind,7
312,1N8Z,H:D31A,0.25,AB-Bind,1
313,1N8Z,H:D98A,1.21,AB-Bind,1
314,1N8Z,H:D98W,-0.69,AB-Bind,1
315,1N8Z,H:F100A,1.17,AB-Bind,1
316,1N8Z,H:K30A,0.61,AB-Bind,1
317,1N8Z,H:N54A,-0.15,AB-Bind,1
318,1N8Z,H:R50A,8.0,AB-Bind,1
319,1N8Z,H:T32A,0.38,AB-Bind,1
320,1N8Z,H:T53A,0.78,AB-Bind,1
321,1N8Z,H:W95A,8.0,AB-Bind,1
322,1N8Z,H:Y100aA,8.0,AB-Bind,1
323,1N8Z,H:Y100aF,-0.05,AB-Bind,1
324,1N8Z,H:Y100aF,0.82,AB-Bind,1
325,1N8Z,H:Y102V,0.22,AB-Bind,1
326,1N8Z,H:Y33A,-0.09,AB-Bind,1
327,1N8Z,H:Y52A,0.23,AB-Bind,1
328,1N8Z,H:Y56A,0.87,AB-Bind,1
329,1N8Z,L:D28N,-0.28,AB-Bind,1
330,1N8Z,L:F53N,1.21,AB-Bind,1
331,1N8Z,L:H91A,8.0,AB-Bind,1
332,1N8Z,L:H91F,-0.43,AB-Bind,1
333,1N8Z,L:H91F,0.03,AB-Bind,1
334,1N8Z,L:N30A,1.12,AB-Bind,1
335,1N8Z,L:N30S,0.06,AB-Bind,1
336,1N8Z,L:R66G,0.22,AB-Bind,1
337,1N8Z,L:S50A,-0.07,AB-Bind,1
338,1N8Z,L:S52A,-0.31,AB-Bind,1
339,1N8Z,L:T31A,0.8,AB-Bind,1
340,1N8Z,L:T93A,0.82,AB-Bind,1
341,1N8Z,L:T94A,-0.12,AB-Bind,1
342,1N8Z,L:T94S,0.31,AB-Bind,1
343,1N8Z,L:Y49A,1.05,AB-Bind,1
344,1N8Z,L:Y92A,1.36,AB-Bind,1
345,1N8Z,L:Y92F,-0.21,AB-Bind,1
618,1VFB,H:D100A,2.9,AB-Bind,1
619,1VFB,H:D54A,1.0,AB-Bind,1
620,1VFB,H:D58E,0.08,AB-Bind,1
621,1VFB,H:D58N,-0.13,AB-Bind,1
622,1VFB,H:G31A,0.3,AB-Bind,1
623,1VFB,H:G31E,-0.51,AB-Bind,1
624,1VFB,H:G31W,0.01,AB-Bind,1
625,1VFB,H:R99W,0.71,AB-Bind,1
626,1VFB,H:R99Y,1.26,AB-Bind,1
627,1VFB,H:S28D,0.0,AB-Bind,1
628,1VFB,H:S28E,-0.1,AB-Bind,1
629,1VFB,H:S28N,0.15,AB-Bind,1
630,1VFB,H:S28Q,0.08,AB-Bind,1
631,1VFB,H:W52A,0.9,AB-Bind,1
632,1VFB,H:Y101A,4.0,AB-Bind,1
633,1VFB,H:Y101F,1.6,AB-Bind,1
634,1VFB,H:Y32A,1.1,AB-Bind,1
635,1VFB,H:Y32E,1.91,AB-Bind,1
636,1VFB,L:L46D,8.0,AB-Bind,1
637,1VFB,L:L46E,8.0,AB-Bind,1
638,1VFB,L:N31W,0.17,AB-Bind,1
639,1VFB,L:T52F,0.47,AB-Bind,1
640,1VFB,L:T53R,1.67,AB-Bind,1
641,1VFB,L:W92A,3.3,AB-Bind,1
642,1VFB,L:Y32A,1.7,AB-Bind,1
643,1VFB,L:Y32W,8.0,AB-Bind,1
644,1VFB,L:Y50A,0.5,AB-Bind,1
645,1VFB,L:Y50K,1.67,AB-Bind,1
646,1VFB,L:Y50R,0.85,AB-Bind,1
647,1YY9,L:S26D;L:T31E;L:N93A,-1.33,AB-Bind,3
648,1YY9,L:S26D;L:T31E;L:N93A;H:N56A;H:T61E,-0.65,AB-Bind,5
649,1YY9,L:T31E;L:N93A,-0.82,AB-Bind,2
650,1YY9,H:N56A,-0.06,AB-Bind,1
651,1YY9,H:T61E,-0.06,AB-Bind,1
652,1YY9,L:N93A,-0.74,AB-Bind,1
653,1YY9,L:S26D,-0.2,AB-Bind,1
654,1YY9,L:T31E,-0.52,AB-Bind,1
698,2NY7,H:N31H;H:V33T;H:I34L,-0.69,AB-Bind,3
699,2NY7,H:N31H;H:V33T;H:I34V,-0.81,AB-Bind,3
700,2NY7,H:P97E;H:Y98W;H:S99G,-1.23,AB-Bind,3
701,2NY7,H:P97E;H:Y98W;H:S99G;H:D100aD;H:D100bQ;H:S100cR;H:P100dR;H:Q100eY,-0.74,AB-Bind,8
702,2NY7,H:P97E;H:Y98W;H:S99G;H:D100aD;H:D100bQ;H:S100cV;H:P100dR;H:Q100eY,-2.26,AB-Bind,8
703,2NY7,H:P97E;H:Y98W;H:S99G;H:D100aE;H:D100bM;H:S100cF;H:P100dR;H:Q100eY,-2.46,AB-Bind,8
704,2NY7,H:P97E;H:Y98W;H:S99G;H:D100aE;H:D100bM;H:S100cR;H:P100dR;H:Q100eF,-2.3,AB-Bind,8
705,2NY7,H:P97E;H:Y98W;H:S99G;H:D100aE;H:D100bQ;H:S100cF;H:P100dR;H:Q100eF,-1.61,AB-Bind,8
706,2NY7,H:P97E;H:Y98W;H:S99G;H:D100aH;H:D100bQ;H:S100cR;H:P100dR;H:Q100eY,-2.27,AB-Bind,8
707,2NY7,H:P97E;H:Y98W;H:S99G;H:D100aT;H:D100bQ;H:S100cR;H:P100dR;H:Q100eF,-2.12,AB-Bind,8
708,2NY7,H:V33T;H:H35M,-0.57,AB-Bind,2
709,2NY7,H:V33T;H:I34V,-1.25,AB-Bind,2
710,2NY7,L:A93G;L:S95A,-0.38,AB-Bind,2
711,2NY7,L:A93W;L:S95Q,-1.47,AB-Bind,2
712,2NY7,L:S28K;L:I28aE;L:R29F;L:S30G,-0.16,AB-Bind,4
713,2NY7,L:S28P;L:I28aL;L:R29H;L:S30R;L:R31A,-1.3,AB-Bind,5
714,2NY7,L:S28Q;L:I28aL;L:R29D;L:S30G;L:R31S,-2.0,AB-Bind,5
715,2NY7,L:S28T;L:I28aV;L:R29Y;L:S30R;L:R31D,-1.03,AB-Bind,5
716,2NY7,L:V90K;L:A93D;L:S95F,-2.0,AB-Bind,3
717,2NY7,L:V90K;L:A93G;L:S94G;L:S95T,-1.93,AB-Bind,4
718,2NY7,L:V90L;L:A93R;L:S94G;L:S95N,-1.61,AB-Bind,4
719,2NY7,L:V90M;L:A93G;L:S94F;L:S95T,-1.36,AB-Bind,4
720,2NY7,L:V90M;L:A93G;L:S94R;L:S95D,-0.24,AB-Bind,4
721,2NY7,L:V90Q;L:A93D;L:S95L,-1.61,AB-Bind,3
722,2NY7,L:V90Q;L:A93W;L:S94P;L:S95F,-2.27,AB-Bind,4
723,2NY7,L:V90S;L:A93G;L:S94R;L:S95D,-1.52,AB-Bind,4
724,2NY7,L:V90T;L:A93R;L:S94G,-2.65,AB-Bind,3
725,2NY7,L:V90T;L:A93R;L:S94G;L:S95H,-2.71,AB-Bind,4
726,2NY7,L:V90T;L:A93R;L:S94G;L:S95I,-2.31,AB-Bind,4
727,2NY7,L:V90T;L:A93R;L:S94G;L:S95V,-0.98,AB-Bind,4
728,2NY7,L:V90T;L:A93W;L:S95G,-1.56,AB-Bind,3
748,2NYY,H:K30R,0.07,AB-Bind,1
749,2NYY,H:M34Q,-0.06,AB-Bind,1
750,2NYY,H:Y31D,0.07,AB-Bind,1
751,2NYY,H:Y31Q,0.13,AB-Bind,1
752,2NYY,H:Y57Q,0.52,AB-Bind,1
753,2NYY,L:D30Y,0.65,AB-Bind,1
754,2NYY,L:H34R,0.1,AB-Bind,1
755,2NYY,L:S28Q,0.42,AB-Bind,1
756,2NYY,L:S31N,-0.36,AB-Bind,1
776,3BDY,H:D31A,0.2,AB-Bind,1
777,3BDY,H:D98A,0.0,AB-Bind,1
778,3BDY,H:F100A,0.7,AB-Bind,1
779,3BDY,H:G96A,0.2,AB-Bind,1
780,3BDY,H:G97A,-0.1,AB-Bind,1
781,3BDY,H:G99A,0.8,AB-Bind,1
782,3BDY,H:K30A,0.2,AB-Bind,1
783,3BDY,H:N54A,-0.2,AB-Bind,1
784,3BDY,H:R50A,-0.3,AB-Bind,1
785,3BDY,H:R58A,-0.2,AB-Bind,1
786,3BDY,H:T32A,-0.4,AB-Bind,1
787,3BDY,H:T53A,-0.5,AB-Bind,1
788,3BDY,H:W95A,2.0,AB-Bind,1
789,3BDY,H:Y100aA,0.5,AB-Bind,1
790,3BDY,H:Y33A,0.3,AB-Bind,1
791,3BDY,H:Y52A,0.4,AB-Bind,1
792,3BDY,H:Y56A,0.2,AB-Bind,1
793,3BDY,L:D27aA,0.0,AB-Bind,1
794,3BDY,L:G31A,1.2,AB-Bind,1
795,3BDY,L:G51A,1.0,AB-Bind,1
796,3BDY,L:H91A,2.0,AB-Bind,1
797,3BDY,L:I27bA,1.1,AB-Bind,1
798,3BDY,L:I29A,0.8,AB-Bind,1
799,3BDY,L:P27cA,0.2,AB-Bind,1
800,3BDY,L:R27dA,-0.2,AB-Bind,1
801,3BDY,L:S28A,1.0,AB-Bind,1
802,3BDY,L:S30A,1.3,AB-Bind,1
803,3BDY,L:S52A,0.1,AB-Bind,1
804,3BDY,L:T93A,-0.3,AB-Bind,1
805,3BDY,L:T94A,0.0,AB-Bind,1
806,3BDY,L:W50A,1.3,AB-Bind,1
807,3BDY,L:Y32A,1.7,AB-Bind,1
808,3BDY,L:Y53A,0.7,AB-Bind,1
809,3BDY,L:Y92A,1.4,AB-Bind,1
810,3BE1,H:D31A,0.4,AB-Bind,1
811,3BE1,H:D98A,-0.1,AB-Bind,1
812,3BE1,H:F100A,1.9,AB-Bind,1
813,3BE1,H:G96A,0.1,AB-Bind,1
814,3BE1,H:G97A,0.3,AB-Bind,1
815,3BE1,H:G99A,1.8,AB-Bind,1
816,3BE1,H:K30A,-0.3,AB-Bind,1
817,3BE1,H:N54A,-0.8,AB-Bind,1
818,3BE1,H:R50A,2.4,AB-Bind,1
819,3BE1,H:R58A,2.5,AB-Bind,1
820,3BE1,H:T32A,-0.4,AB-Bind,1
821,3BE1,H:T53A,0.1,AB-Bind,1
822,3BE1,H:W95A,1.8,AB-Bind,1
823,3BE1,H:Y100aA,1.2,AB-Bind,1
824,3BE1,H:Y33A,2.4,AB-Bind,1
825,3BE1,H:Y52A,-0.8,AB-Bind,1
826,3BE1,H:Y56A,1.8,AB-Bind,1
827,3BE1,L:D27aA,0.0,AB-Bind,1
828,3BE1,L:G31A,0.3,AB-Bind,1
829,3BE1,L:G51A,-0.3,AB-Bind,1
830,3BE1,L:H91A,0.9,AB-Bind,1
831,3BE1,L:I27bA,-0.2,AB-Bind,1
832,3BE1,L:I29A,0.9,AB-Bind,1
833,3BE1,L:P27cA,0.1,AB-Bind,1
834,3BE1,L:R27dA,-0.2,AB-Bind,1
835,3BE1,L:S28A,0.3,AB-Bind,1
836,3BE1,L:S30A,-0.2,AB-Bind,1
837,3BE1,L:S52A,0.3,AB-Bind,1
838,3BE1,L:T93A,-0.4,AB-Bind,1
839,3BE1,L:T94A,1.4,AB-Bind,1
840,3BE1,L:W50A,1.4,AB-Bind,1
841,3BE1,L:Y32A,-0.8,AB-Bind,1
842,3BE1,L:Y53A,0.9,AB-Bind,1
843,3BE1,L:Y92A,0.5,AB-Bind,1
871,3BN9,H:P100H,8.0,AB-Bind,1
872,3BN9,H:Q100aV,1.36,AB-Bind,1
873,3BN9,H:S30G,1.36,AB-Bind,1
874,3BN9,H:S30N,1.36,AB-Bind,1
875,3BN9,H:T28R,0.3,AB-Bind,1
876,3BN9,H:T98Q,0.0,AB-Bind,1
877,3BN9,H:T98R,-0.06,AB-Bind,1
878,3BN9,H:Y99S,0.41,AB-Bind,1
905,3HFM,H:C95A,5.52,AB-Bind,1
906,3HFM,H:C95F,3.25,AB-Bind,1
907,3HFM,H:D32A,1.9,AB-Bind,1
908,3HFM,H:D32N,0.17,AB-Bind,1
909,3HFM,H:S31A,0.17,AB-Bind,1
910,3HFM,H:Y33A,6.0,AB-Bind,1
911,3HFM,H:Y50A,8.0,AB-Bind,1
912,3HFM,L:N31A,5.22,AB-Bind,1
913,3HFM,L:N31D,1.34,AB-Bind,1
914,3HFM,L:N31E,5.67,AB-Bind,1
915,3HFM,L:N32A,5.11,AB-Bind,1
916,3HFM,L:Q53A,0.95,AB-Bind,1
917,3HFM,L:Y50A,4.57,AB-Bind,1
918,3HFM,L:Y50F,2.36,AB-Bind,1
919,3HFM,L:Y50L,4.4,AB-Bind,1
920,3HFM,L:Y96A,2.71,AB-Bind,1
921,3HFM,L:Y96F,1.4,AB-Bind,1
934,3NGB,H:A56G;H:V57T;H:P62K;H:V73T,1.67,AB-Bind,4
935,3NGB,H:C32S;H:C98A,0.26,AB-Bind,2
936,3NGB,H:I30T;H:K52N;H:R53N;H:G54S;H:A56G;H:V57T;H:R61Q;H:P62K;H:V73T;H:Y74S;L:Y28S,0.87,AB-Bind,11
937,3NGB,H:T33Y;H:G55S;H:A56G;H:V57T;H:P62K;H:V73T;H:Y74S,1.91,AB-Bind,7
938,3NGB,H:A56G,-0.06,AB-Bind,1
939,3NGB,H:G54S,0.73,AB-Bind,1
940,3NGB,H:I30T,0.08,AB-Bind,1
941,3NGB,H:K52N,0.18,AB-Bind,1
942,3NGB,H:P62K,0.23,AB-Bind,1
943,3NGB,H:R53N,0.05,AB-Bind,1
944,3NGB,H:R61Q,0.1,AB-Bind,1
945,3NGB,H:T33Y,0.08,AB-Bind,1
946,3NGB,H:V57T,0.14,AB-Bind,1
947,3NGB,H:V73T,0.16,AB-Bind,1
948,3NGB,H:Y74S,0.33,AB-Bind,1
89,1DVF,A:H30A,1.67,AB-Bind,1
90,1DVF,A:S93A,1.17,AB-Bind,1
91,1DVF,A:W92A,0.34,AB-Bind,1
92,1DVF,A:Y32A,2.05,AB-Bind,1
93,1DVF,A:Y49A,1.64,AB-Bind,1
94,1DVF,A:Y49A,1.75,AB-Bind,1
95,1DVF,A:Y50A,0.69,AB-Bind,1
96,1DVF,B:D100A,2.82,AB-Bind,1
97,1DVF,B:D54A,4.32,AB-Bind,1
98,1DVF,B:D58A,1.62,AB-Bind,1
99,1DVF,B:E98A,4.23,AB-Bind,1
100,1DVF,B:N56A,1.17,AB-Bind,1
101,1DVF,B:R99A,1.89,AB-Bind,1
102,1DVF,B:T30A,0.92,AB-Bind,1
103,1DVF,B:W52A,4.17,AB-Bind,1
104,1DVF,B:Y101F,2.03,AB-Bind,1
105,1DVF,B:Y32A,1.85,AB-Bind,1
106,1DVF,C:Y49A,1.88,AB-Bind,1
107,1DVF,D:D52A,1.7,AB-Bind,1
108,1DVF,D:H33A,1.88,AB-Bind,1
109,1DVF,D:I101A,2.71,AB-Bind,1
110,1DVF,D:K30A,1.01,AB-Bind,1
111,1DVF,D:N55A,1.88,AB-Bind,1
112,1DVF,D:Q104A,1.64,AB-Bind,1
113,1DVF,D:R106A,4.13,AB-Bind,1
114,1DVF,D:Y102A,4.79,AB-Bind,1
79,1KIQ,B:F101Y,-2.595427291,SKEMPI 2.0,1
80,1KIP,B:A32Y,-0.832831904,SKEMPI 2.0,1
81,1KIR,A:S50Y,-1.442950506,SKEMPI 2.0,1
82,1NCA,H:N31Q,0.0,SKEMPI 2.0,1
83,1NCA,H:E96D,0.427001759,SKEMPI 2.0,1
84,1NCA,H:D97K,0.7429182,SKEMPI 2.0,1
85,1NCA,H:N98Q,0.564465622,SKEMPI 2.0,1
117,1JRH,L:E27A,0.564465622,SKEMPI 2.0,1
118,1JRH,L:D28A,0.452149468,SKEMPI 2.0,1
119,1JRH,L:Y30A,1.15309251,SKEMPI 2.0,1
120,1JRH,L:Y91A,0.604223501,SKEMPI 2.0,1
121,1JRH,L:W92A,2.931900235,SKEMPI 2.0,1
122,1JRH,L:S93A,-0.676781776,SKEMPI 2.0,1
123,1JRH,L:T94A,0.400783618,SKEMPI 2.0,1
124,1JRH,L:W96A,1.733154745,SKEMPI 2.0,1
125,1JRH,H:Y32A,1.491027414,SKEMPI 2.0,1
126,1JRH,H:W52A,2.794436372,SKEMPI 2.0,1
127,1JRH,H:W53A,2.518820725,SKEMPI 2.0,1
128,1JRH,H:D54A,1.962050276,SKEMPI 2.0,1
129,1JRH,H:D55A,1.733154745,SKEMPI 2.0,1
130,1JRH,H:D56A,1.929332854,SKEMPI 2.0,1
131,1JRH,H:Y58A,1.306152986,SKEMPI 2.0,1
132,1JRH,H:R95A,0.564465622,SKEMPI 2.0,1
133,1JRH,H:F98A,0.0,SKEMPI 2.0,1
134,1JRH,H:Y99A,1.103783535,SKEMPI 2.0,1
135,1JRH,H:H100bA,1.766137641,SKEMPI 2.0,1
136,1NMB,H:D56N,3.072566483,SKEMPI 2.0,1
137,1NMB,H:D56E,3.072566483,SKEMPI 2.0,1
138,1NMB,H:Y99A,2.226819678,SKEMPI 2.0,1
139,1NMB,H:Y100aF,1.476567661,SKEMPI 2.0,1
140,1NMB,L:Y32F,0.48510028,SKEMPI 2.0,1
141,1NMB,L:T93F,-0.024865707,SKEMPI 2.0,1
142,1NMB,L:T93W,0.1916071,SKEMPI 2.0,1
143,1NMB,L:L94V,0.936263305,SKEMPI 2.0,1
177,3G6D,H:H104A,-0.991467381,SKEMPI 2.0,1
178,3G6D,H:W105A,-1.556770574,SKEMPI 2.0,1
179,3G6D,H:K210T;H:K215T,-0.138301434,SKEMPI 2.0,2
180,3G6D,L:E3V;L:G76R;L:T77V;L:Q78E;L:E80G,0.145447128,SKEMPI 2.0,4
181,3G6D,L:T89S;L:M92I;L:V93D;L:T94K,0.830110034,SKEMPI 2.0,3
182,3G6D,L:E3V;L:G76R;L:T77V;L:Q78E;L:E80G;L:T89S;L:M92I;L:V93D;L:T94K,0.282381979,SKEMPI 2.0,4
183,3G6D,L:E3V;L:G76R;L:T77V;L:Q78E;L:E80G;H:D54N,0.115655096,SKEMPI 2.0,4
184,1XGU,B:F33L,1.936741006,SKEMPI 2.0,1
185,1XGU,B:F33I,1.872956498,SKEMPI 2.0,1
186,1XGU,B:F33V,3.025186819,SKEMPI 2.0,1
187,1XGU,B:F33A,4.224178772,SKEMPI 2.0,1
188,1XGP,B:A33F,-4.224178772,SKEMPI 2.0,1
189,1XGP,B:A33L,-2.287437766,SKEMPI 2.0,1
190,1XGP,B:A33I,-2.351222274,SKEMPI 2.0,1
191,1XGP,B:A33V,-1.198991953,SKEMPI 2.0,1
192,1XGQ,B:V33F,-3.025186819,SKEMPI 2.0,1
193,1XGQ,B:V33L,-1.088445813,SKEMPI 2.0,1
194,1XGQ,B:V33I,-1.152230322,SKEMPI 2.0,1
195,1XGQ,B:V33A,1.198991953,SKEMPI 2.0,1
196,1XGR,B:I33F,-1.872956498,SKEMPI 2.0,1
197,1XGR,B:I33L,0.063784508,SKEMPI 2.0,1
198,1XGR,B:I33V,1.152230322,SKEMPI 2.0,1
199,1XGR,B:I33A,2.351222274,SKEMPI 2.0,1
200,1XGT,B:L33F,-1.936741006,SKEMPI 2.0,1
201,1XGT,B:L33I,-0.063784508,SKEMPI 2.0,1
202,1XGT,B:L33V,1.088445813,SKEMPI 2.0,1
203,1XGT,B:L33A,2.287437766,SKEMPI 2.0,1
204,3N85,L:W91F,0.145212812,SKEMPI 2.0,1
205,3N85,L:W94Y,-0.040277958,SKEMPI 2.0,1
206,3N85,H:W30K,-0.816198202,SKEMPI 2.0,1
207,3N85,H:W30R,-0.576274929,SKEMPI 2.0,1
208,3N85,H:S32Y,0.059422738,SKEMPI 2.0,1
209,3N85,H:S32A,-0.139416426,SKEMPI 2.0,1
210,3N85,H:S50G,0.507308982,SKEMPI 2.0,1
211,3N85,H:S52Y,-0.816198202,SKEMPI 2.0,1
212,3N85,H:W96F,-0.015796592,SKEMPI 2.0,1
213,3N85,H:W96F,-0.015796592,SKEMPI 2.0,1
214,3L5X,L:H91Q;L:N92D;L:E93L;L:Y94G,-1.857016707,SKEMPI 2.0,3
215,3L5X,L:N92D;L:E93W;L:Y94G,-1.750275554,SKEMPI 2.0,3
216,3L5X,L:H91Q;L:N92D;L:E93I;L:Y94G,-1.612811691,SKEMPI 2.0,3
217,3L5X,L:N92E;L:E93W;L:Y94G,-1.612811691,SKEMPI 2.0,3
218,3L5X,L:N92D;L:E93P;L:Y94G,-1.529153417,SKEMPI 2.0,3
219,3L5X,L:H91Q;L:N92D;L:E93Y;L:Y94G,-1.509900808,SKEMPI 2.0,3
220,3L5X,L:N92S;L:E93W;L:Y94G,-1.323273795,SKEMPI 2.0,3
221,3L5X,L:N92E;L:E93S;L:Y94G,-1.316312892,SKEMPI 2.0,3
222,3L5X,L:N92S;L:E93H;L:Y94G,-1.295890028,SKEMPI 2.0,3
223,3L5X,L:N92F;L:E93W;L:Y94G,-1.282641489,SKEMPI 2.0,3
224,3L5X,L:N92D;L:E93W;L:Y94E,-1.244524178,SKEMPI 2.0,3
225,3L5X,L:N92S;L:E93Y;L:Y94G,-1.003013189,SKEMPI 2.0,3
226,3L5X,L:H91P;L:N92L;L:E93D;L:Y94V,-0.892781752,SKEMPI 2.0,3
227,3L5X,L:N92V;L:E93W;L:Y94G,-0.868888269,SKEMPI 2.0,3
228,3L5X,L:Y94A,-0.862228384,SKEMPI 2.0,1
229,3L5X,L:N92L;L:E93M;L:Y94G,-0.858925248,SKEMPI 2.0,3
230,3L5X,L:H91P;L:N92L;L:E93D;L:Y94T,-0.842670128,SKEMPI 2.0,3
231,3L5X,L:N92D;L:E93Y;L:Y94A,-0.839469948,SKEMPI 2.0,3
232,3L5X,L:N92S;L:E93I;L:Y94G,-0.839469948,SKEMPI 2.0,3
233,3L5X,L:E93H;L:Y94G,-0.793361153,SKEMPI 2.0,2
234,3L5X,L:N92D;L:E93W;L:Y94S,-0.744964145,SKEMPI 2.0,3
235,3L5X,L:N92L;L:E93N;L:Y94G,-0.723441141,SKEMPI 2.0,3
236,3L5X,L:N92L;L:E93D;L:Y94S,-0.707778433,SKEMPI 2.0,3
237,3L5X,L:H91P;L:N92I;L:E93D;L:Y94A,-0.672710159,SKEMPI 2.0,3
238,3L5X,L:H91P;L:N92L;L:E93D;L:Y94S,-0.658271217,SKEMPI 2.0,3
239,3L5X,L:N92L;L:E93L;L:Y94G,-0.651176705,SKEMPI 2.0,3
240,3L5X,L:N92L;L:E93D;L:Y94S,-0.57601143,SKEMPI 2.0,3
241,3L5X,L:N92D;L:E93N;L:Y94S,-0.555543324,SKEMPI 2.0,3
242,3L5X,L:N92D;L:E93R;L:Y94D,-0.543581136,SKEMPI 2.0,3
243,3L5X,L:N92S;L:E93V;L:Y94G,-0.537686036,SKEMPI 2.0,3
244,3L5X,L:N92V;L:E93G;L:Y94G,-0.481644389,SKEMPI 2.0,3
245,3L5X,L:H91P;L:N92L;L:Y94A,-0.462309374,SKEMPI 2.0,3
246,3L5X,L:N92D;L:E93L;L:Y94G,-0.446929103,SKEMPI 2.0,3
247,3L5X,L:E93F;L:Y94G,-0.445243648,SKEMPI 2.0,2
248,3L5X,L:N92S;L:E93W;L:Y94A,-0.315230526,SKEMPI 2.0,3
249,3L5X,L:N92S;L:E93S;L:Y94G,-0.259248139,SKEMPI 2.0,3
250,1BJ1,H:Y27A,2.332831854,SKEMPI 2.0,1
251,1BJ1,H:Y54A,1.381122353,SKEMPI 2.0,1
252,1BJ1,H:T59A,0.884922073,SKEMPI 2.0,1
253,1BJ1,H:Y99A,4.61750359,SKEMPI 2.0,1
254,1BJ1,H:H107A,0.821450789,SKEMPI 2.0,1
255,1BJ1,L:M4L;H:T28D;H:N31H;H:H101Y;H:S105T,-1.521380022,SKEMPI 2.0,4
257,1BJ1,H:H101Y;H:Y103R;H:S105T,-1.220362912,SKEMPI 2.0,3
258,1BJ1,H:H101Y;H:Y103I;H:G104A;H:S105K,-0.448619181,SKEMPI 2.0,3
259,1BJ1,H:H101Y;H:Y103R;H:G104N;H:S105T,-0.793361153,SKEMPI 2.0,3
260,1BJ1,H:Y54W,-0.142797518,SKEMPI 2.0,1
261,1BJ1,H:T28D;H:N31H,-0.720802879,SKEMPI 2.0,2
262,1BJ1,H:L72V;H:T74V,0.697666261,SKEMPI 2.0,2
263,1BJ1,H:L72I;H:T74K,0.079598732,SKEMPI 2.0,2
264,1BJ1,H:T28D;H:N31H;H:Y54W;H:H101Y;H:S105T,-1.251961291,SKEMPI 2.0,3
265,1BJ1,H:T28D,-0.228895531,SKEMPI 2.0,1
266,1BJ1,H:N31H,-0.793361153,SKEMPI 2.0,1
267,1BJ1,H:H101Y,-1.647364671,SKEMPI 2.0,1
268,1BJ1,H:S105T,-0.406117274,SKEMPI 2.0,1
256,1CZ8,L:L4M;H:D28T;H:H31N;H:Y101H;H:T105S,2.939849162,SKEMPI 2.0,4
361,2B2X,H:V50T;H:E64K;L:Q28S;L:Y52N,1.08522261,SKEMPI 2.0,3
362,2B2X,H:V50T;H:E64K;L:Q28S;L:Y52N;L:L49K,2.04699589,SKEMPI 2.0,3
363,2B2X,H:E64K;L:Q28S;L:Y52N,0.811426259,SKEMPI 2.0,3
364,2B2X,H:V50T;H:E64K;L:Q28S;L:Y52N;H:L60D,0.95764425,SKEMPI 2.0,3
365,2B2X,H:V50T;L:Q28S;L:Y52N,0.923742413,SKEMPI 2.0,3
366,2B2X,H:V50T;H:E64Q;L:Q28S;L:Y52N,0.923742413,SKEMPI 2.0,3
367,2B2X,H:V50T;H:E64D;L:Q28S;L:Y52N,0.95764425,SKEMPI 2.0,3
368,2B2X,H:V50T;H:E64N;L:Q28S;L:Y52N,1.009758513,SKEMPI 2.0,3
369,2B2X,H:V50T;H:E64K;L:Y52N,0.392286472,SKEMPI 2.0,3
370,2B2X,H:V50T;H:E64K;L:Q28S,0.977815114,SKEMPI 2.0,3
371,2B2X,H:V50T;H:E64K;L:Q28S;L:Y52N;H:G100M,1.191469421,SKEMPI 2.0,3
372,2B2X,H:V50T;H:E64K;L:Q28S;L:Y52N;L:S24R,1.015466341,SKEMPI 2.0,3
373,2B2X,H:V50T;H:E64K;L:Q28S;L:Y52E,0.900710448,SKEMPI 2.0,3
374,2B2X,H:V50T;H:E64K;L:Q28S;L:Y52N;H:F99W,1.08522261,SKEMPI 2.0,3
375,2B2X,H:V50T;H:E64K;L:Q28S;L:Y52N;H:G100F,1.682155691,SKEMPI 2.0,3
376,2B2X,H:V50T;H:E64K;L:Q28S;L:Y52N;H:G54Y,1.08522261,SKEMPI 2.0,3
377,2B2X,H:V50T;H:E64K;L:Q28S;L:Y52N;H:F99W,1.08522261,SKEMPI 2.0,3
378,2B2X,L:Q28S;L:Y52N,0.709644677,SKEMPI 2.0,2
379,2B2X,H:V50T;H:E64Q;L:Q28S;L:Y52N;H:L60D,1.12994307,SKEMPI 2.0,3
380,2B2X,H:V50T;L:Q28S;L:Y52N;H:L60D,0.937712021,SKEMPI 2.0,3
381,2B2X,H:E64K,-0.163315208,SKEMPI 2.0,1
382,2B2X,H:V50T,0.093755229,SKEMPI 2.0,1
383,2B2X,L:Y52E,-0.233129454,SKEMPI 2.0,1
384,2B2X,H:V50T;H:E64K;L:Q28S;L:Y52N;L:N30V,2.176807067,SKEMPI 2.0,3
385,2B2X,H:V50T;H:E64K;L:Q28S;L:Y52N;L:H31R,2.254273999,SKEMPI 2.0,3
386,2B2X,H:V50T;H:E64K;L:Q28S;L:Y52N;L:H31K,2.296268675,SKEMPI 2.0,3
387,2B2X,H:V50T;H:E64K;L:Q28S;L:Y52N;L:L49K,1.915209794,SKEMPI 2.0,3
388,2B2X,H:V50T;H:E64K;L:Q28S;L:Y52R,1.964083871,SKEMPI 2.0,3
389,2B2X,H:V50T;H:E64K;L:Q28S;L:Y52K,1.769209536,SKEMPI 2.0,3
390,2B2X,H:V50T;H:E64K;L:Q28S;L:Y52N;H:R31Q,2.445194889,SKEMPI 2.0,3
391,2B2X,H:V50T;H:E64K;L:Q28S;L:Y52N;H:S35Q,3.92216089,SKEMPI 2.0,3
392,2B2X,H:E64K;L:Q28S;L:Y52N,1.08522261,SKEMPI 2.0,3
393,2B2X,H:V50T;H:E64K;L:Q28S;L:Y52N;H:Y59E,1.651136019,SKEMPI 2.0,3
394,2B2X,H:V50T;H:E64K;L:Q28S;L:Y52N;H:L60D,1.08522261,SKEMPI 2.0,3
395,2B2X,H:V50T;L:Q28S;L:Y52N,1.08522261,SKEMPI 2.0,3
396,2B2X,H:V50T;H:E64Q;L:Q28S;L:Y52N,1.08522261,SKEMPI 2.0,3
397,2B2X,H:V50T;H:E64D;L:Q28S;L:Y52N,0.856109617,SKEMPI 2.0,3
398,2B2X,H:V50T;H:E64N;L:Q28S;L:Y52N,1.08522261,SKEMPI 2.0,3
399,2B2X,H:V50T;H:E64K;L:Y52N,0.193872305,SKEMPI 2.0,3
400,2B2X,H:V50T;H:E64K;L:Q28S;L:Y52N;L:N30Y,3.069605159,SKEMPI 2.0,3
401,2B2X,H:V50T;H:E64K;L:Q28S;L:Y52N;L:N30W,2.721237319,SKEMPI 2.0,3
402,2B2X,H:V50T;H:E64K;L:Q28S,1.08522261,SKEMPI 2.0,3
403,2B2X,H:V50T;H:E64K;L:Q28S;L:Y52N;L:S91T,3.495159131,SKEMPI 2.0,3
404,2B2X,H:V50T;H:E64K;L:Q28S;L:Y52N;L:S91R,3.92216089,SKEMPI 2.0,3
405,2B2X,H:V50T;H:E64K;L:Q28S;L:Y52N;L:G92Q,2.721237319,SKEMPI 2.0,3
406,2B2X,H:V50T;H:E64K;L:Q28S;L:Y52N;L:G92S,1.61847118,SKEMPI 2.0,3
407,2B2X,H:V50T;H:E64K;L:Q28S;L:Y52N;L:S91R;L:N30E,3.92216089,SKEMPI 2.0,3
408,2B2X,H:V50T;H:E64K;L:Q28S;L:Y52N;H:S52M,3.244653942,SKEMPI 2.0,3
409,2B2X,H:V50T;H:E64K;L:Q28S;L:Y52N;H:G53S,1.788021175,SKEMPI 2.0,3
410,2B2X,H:V50T;H:E64K;L:Q28S;L:Y52N;H:G53A,1.61847118,SKEMPI 2.0,3
411,2B2X,H:V50T;H:E64K;L:Q28S;L:Y52N;H:G54I,2.50369175,SKEMPI 2.0,3
412,2B2X,H:V50T;H:E64K;L:Q28S;L:Y52N;H:G54T,2.296268675,SKEMPI 2.0,3
413,2B2X,H:V50T;H:E64K;L:Q28S;L:Y52N;H:Y58Q,3.244653942,SKEMPI 2.0,3
414,2B2X,H:V50T;H:E64K;L:Q28S;L:Y52N;H:Y58E,3.244653942,SKEMPI 2.0,3
415,2B2X,H:V50T;H:E64K;L:Q28S;L:Y52N;H:Y58W,1.939226128,SKEMPI 2.0,3
416,2B2X,H:V50T;H:E64K;L:Q28S;L:Y52N;H:G100M,1.191469421,SKEMPI 2.0,3
417,2B2X,H:V50T;H:E64K;L:Q28S;L:Y52N;L:S24R,0.706972077,SKEMPI 2.0,3
418,2B2X,H:V50T;H:E64K;L:Q28S;L:Y52N;L:L49F,1.826184802,SKEMPI 2.0,3
419,2B2X,H:V50T;H:E64K;L:Q28S;L:Y52N;L:L49W,3.069605159,SKEMPI 2.0,3
420,2B2X,H:V50T;H:E64K;L:Q28S;L:Y52D,1.606150103,SKEMPI 2.0,3
421,2B2X,H:V50T;H:E64K;L:Q28S;L:Y52E,1.08522261,SKEMPI 2.0,3
422,2B2X,H:V50T;H:E64K;L:Q28S;L:Y52N;L:W90Q,3.244653942,SKEMPI 2.0,3
423,2B2X,H:V50T;H:E64K;L:Q28S;L:Y52N;L:S91Q,2.930693509,SKEMPI 2.0,3
424,2B2X,H:V50T;H:E64K;L:Q28S;L:Y52N;L:W90Q;L:F33Y,1.991316297,SKEMPI 2.0,3
425,2B2X,H:V50T;H:E64K;L:Q28S;L:Y52N;H:T33V,1.537082112,SKEMPI 2.0,3
426,2B2X,H:V50T;H:E64K;L:Q28S;L:Y52N;H:T33N,3.92216089,SKEMPI 2.0,3
427,2B2X,H:V50T;H:E64K;L:Q28S;L:Y52N;H:S35A,2.721237319,SKEMPI 2.0,3
428,2B2X,H:V50T;H:E64K;L:Q28S;L:Y52N;H:F99W,1.08522261,SKEMPI 2.0,3
429,2B2X,H:V50T;H:E64K;L:Q28S;L:Y52N;H:F99Y,1.870280963,SKEMPI 2.0,3
430,2B2X,H:V50T;H:E64K;L:Q28S;L:Y52N;H:G100L,3.92216089,SKEMPI 2.0,3
431,2B2X,H:V50T;H:E64K;L:Q28S;L:Y52N;H:G100F,1.29765584,SKEMPI 2.0,3
432,2B2X,H:V50T;H:E64K;L:Q28S;L:Y52N;H:G100S,1.665429777,SKEMPI 2.0,3
433,2B2X,H:E64K;L:Q28S;L:Y52N;H:S35V,3.92216089,SKEMPI 2.0,3
434,2B2X,H:E64K;L:Q28S;L:Y52N;H:S35A,3.244653942,SKEMPI 2.0,3
435,2B2X,H:V50T;H:E64K;L:Q28S;L:Y52N;H:S35A;H:G102S,2.721237319,SKEMPI 2.0,3
436,2B2X,H:V50T;H:E64K;L:Q28S;L:Y52N;H:S35V;H:G102S,2.568307372,SKEMPI 2.0,3
437,2B2X,H:E64K;L:Q28S;L:Y52N;H:G102S,2.819825143,SKEMPI 2.0,3
438,2B2X,H:V50T;H:E64K;L:Q28S;L:Y52N;L:H31W,2.39108563,SKEMPI 2.0,3
439,2B2X,H:V50T;H:E64K;L:Q28S;L:Y52N;L:N30Y;L:S91I,1.537082112,SKEMPI 2.0,3
440,2B2X,H:V50T;H:E64K;L:Q28S;L:Y52N;H:G53N,2.39108563,SKEMPI 2.0,3
441,2B2X,H:V50T;H:E64K;L:Q28S;L:Y52N;H:G54Y,1.08522261,SKEMPI 2.0,3
442,2B2X,H:V50T;H:E64K;L:Q28S;L:Y52N;H:F99W,1.08522261,SKEMPI 2.0,3
443,2B2X,H:V50T;H:E64K;L:Q28S;L:Y52N;H:F99Y,1.870280963,SKEMPI 2.0,3
444,2B2X,H:V50T;H:E64K;L:Q28S;L:Y52N;H:T33E;H:G53Q,2.819825143,SKEMPI 2.0,3
445,2B2X,H:V50T;H:E64K;L:Q28S;L:Y52N;H:T33I;H:S52T;H:G53N;H:G54N,3.069605159,SKEMPI 2.0,3
446,2B2X,H:V50T;H:E64K;L:Q28S;L:Y52N;H:T33I;H:S52T;H:G53Q;H:G54F,2.39108563,SKEMPI 2.0,3
447,2B2X,H:E64K;L:Y52N,0.362564815,SKEMPI 2.0,2
448,2B2X,L:Q28S;L:Y52N,1.08522261,SKEMPI 2.0,2
449,2B2X,H:V50T;L:Y52N,0.193872305,SKEMPI 2.0,2
450,2B2X,H:E64K,0.093755229,SKEMPI 2.0,1
451,2B2X,H:V50T,-0.043708633,SKEMPI 2.0,1
510,2NZ9,D:S30K;D:D31Y;D:H32D,-0.051956958,SKEMPI 2.0,3
527,2BDN,H:L27R,0.676781776,SKEMPI 2.0,1
528,2BDN,H:L27K,0.909207594,SKEMPI 2.0,1
529,2BDN,H:N28D,0.137463863,SKEMPI 2.0,1
530,2BDN,H:N28Q,1.455815927,SKEMPI 2.0,1
531,2BDN,H:D31E,1.128931244,SKEMPI 2.0,1
532,2BDN,L:Y30K,0.701929485,SKEMPI 2.0,1
533,2BDN,L:N31R,-0.954120594,SKEMPI 2.0,1
534,2BDN,L:N31K,3.630299433,SKEMPI 2.0,1
535,2BDN,L:S53D,-0.167039141,SKEMPI 2.0,1
536,2BDN,L:S53E,-0.885601896,SKEMPI 2.0,1
537,2BDN,L:T56D,-0.442598372,SKEMPI 2.0,1
538,2BDN,L:T56E,-0.716539655,SKEMPI 2.0,1
539,5C6T,H:R31S,0.324090877,SKEMPI 2.0,1
540,5C6T,H:S32A,-0.903312493,SKEMPI 2.0,1
541,5C6T,H:N102A,1.587341803,SKEMPI 2.0,1
542,5C6T,H:Y103A,1.785808179,SKEMPI 2.0,1
543,5C6T,H:F104A,1.518823106,SKEMPI 2.0,1
544,5C6T,H:Y109A,0.377692784,SKEMPI 2.0,1
545,5C6T,L:Y50A,0.573870893,SKEMPI 2.0,1
546,5C6T,L:R51A,0.127912767,SKEMPI 2.0,1
576,3SE8,H:R30A,-0.040410112,SKEMPI 2.0,1
577,3SE8,H:W47A,1.509226073,SKEMPI 2.0,1
578,3SE8,H:W50A,1.364333639,SKEMPI 2.0,1
579,3SE8,H:K52A,1.137090745,SKEMPI 2.0,1
580,3SE8,H:L53A,0.056041647,SKEMPI 2.0,1
581,3SE8,H:W54A,0.778688938,SKEMPI 2.0,1
582,3SE8,H:G55A,0.365347014,SKEMPI 2.0,1
583,3SE8,H:V57A,1.278555837,SKEMPI 2.0,1
584,3SE8,H:S58A,1.177427331,SKEMPI 2.0,1
585,3SE8,H:Y59A,0.87562094,SKEMPI 2.0,1
586,3SE8,H:R61A,1.234034578,SKEMPI 2.0,1
587,3SE8,H:Q62A,1.140170918,SKEMPI 2.0,1
588,3SE8,H:Q64A,0.56250685,SKEMPI 2.0,1
589,3SE8,H:R71A,2.705555743,SKEMPI 2.0,1
590,3SE8,H:Q75A,0.099138468,SKEMPI 2.0,1
591,3SE8,H:P76aA,0.019252608,SKEMPI 2.0,1
592,3SE8,H:P76dA,-0.072558275,SKEMPI 2.0,1
593,3SE8,H:D99A,-0.398343879,SKEMPI 2.0,1
594,3SE8,H:Y100A,0.84909486,SKEMPI 2.0,1
595,3SE8,H:D100cA,-0.249780017,SKEMPI 2.0,1
596,3SE8,H:F100dA,1.092268558,SKEMPI 2.0,1
597,3SE8,L:E1A,-0.56937428,SKEMPI 2.0,1
598,3SE8,L:Q27A,-0.221122137,SKEMPI 2.0,1
599,3SE8,L:N31A,0.198839165,SKEMPI 2.0,1
600,3SE8,L:D50A,0.87562094,SKEMPI 2.0,1
601,3SE8,L:F91A,-0.884059885,SKEMPI 2.0,1
602,3SE8,L:E96A,1.548456301,SKEMPI 2.0,1
603,3SE8,L:F97A,0.851554078,SKEMPI 2.0,1
66,1C08,L:Y50F,1.2000295813738369,SiPMAB,1
67,1C08,L:S91A,0.4916448572382759,SiPMAB,1
68,1C08,L:S93A,0.06176130359605736,SiPMAB,1
69,1C08,L:N31A,3.884481529470291,SiPMAB,1
70,1C08,L:N31D,0.9486411626948144,SiPMAB,1
71,1C08,L:N32A,3.722874700916499,SiPMAB,1
72,1C08,L:N32D,2.6991353256467328,SiPMAB,1
73,1C08,L:N92D,1.0656040772356121,SiPMAB,1
74,1C08,L:N31A,5.216723063659929,SiPMAB,1
75,1C08,L:N31D,1.3441523473601134,SiPMAB,1
76,1C08,L:N31E,5.710206060446817,SiPMAB,1
77,1C08,L:N32A,5.109884747889794,SiPMAB,1
78,1C08,L:Y50A,4.559861301302732,SiPMAB,1
79,1C08,L:Y50L,4.395369716798452,SiPMAB,1
80,1C08,L:Y50F,2.356037945798782,SiPMAB,1
81,1C08,L:Q53A,0.9535617059537156,SiPMAB,1
82,1C08,L:Y96A,2.708390726744568,SiPMAB,1
83,1C08,L:Y96F,1.4024762398450665,SiPMAB,1
84,1C08,H:S31A,0.1704462195528471,SiPMAB,1
85,1C08,H:D32A,1.8991705247111756,SiPMAB,1
86,1C08,H:D32N,0.1704462195528471,SiPMAB,1
87,1C08,H:Y33A,6.038076410521407,SiPMAB,1
88,1C08,H:Y50A,7.3231999501436755,SiPMAB,1
89,1C08,H:W98A,5.513423007256447,SiPMAB,1
90,1C08,H:W98F,3.2471755269853038,SiPMAB,1
91,1C08,H:Y53W,0.7064668073338414,SiPMAB,1
92,1C08,H:Y53F,0.6202604037173831,SiPMAB,1
93,1C08,H:Y53L,0.8071030543458608,SiPMAB,1
94,1C08,H:Y53A,3.252089285937343,SiPMAB,1
95,1C08,H:Y33W,1.7498775639640218,SiPMAB,1
96,1C08,H:Y33F,1.0708415808043679,SiPMAB,1
97,1C08,H:Y33L,2.0073771728282246,SiPMAB,1
98,1C08,H:Y50F,1.6102362942692796,SiPMAB,1
99,1C08,H:Y50L,2.8505909405780248,SiPMAB,1
100,1C08,H:Y58F,0.36276079485318036,SiPMAB,1
101,1C08,H:Y58L,1.51441299290002,SiPMAB,1
102,1C08,H:Y58A,1.6760198214538118,SiPMAB,1
103,1DJQ,L:N31A,2.0151455066930843,SiPMAB,1
104,1DJQ,L:N32A,4.092715138153365,SiPMAB,1
105,1DJQ,L:Y50A,2.6810529592618533,SiPMAB,1
106,1DJQ,L:S91A,1.4340226137094962,SiPMAB,1
107,1DJQ,L:Y96A,1.1350826629072923,SiPMAB,1
108,1DJQ,H:D32A,2.0151455066930843,SiPMAB,1
109,1DJQ,H:Y33A,5.526737751862862,SiPMAB,1
110,1DJQ,H:Y50A,6.890976131247318,SiPMAB,1
111,1DJQ,H:Y53A,1.1815756198031355,SiPMAB,1
112,1DJQ,H:W98A,4.934154517039185,SiPMAB,1
1,1N8Z,B:G100K;B:A106E;B:M107H,0.113920109,Mason et al. 2021,3
2,1N8Z,B:G100P;B:D102P;B:F104M;B:A106T;B:M107N,0.030375215,Mason et al. 2021,5
3,1N8Z,B:G100P;B:D102P;B:F104M;B:M107N,0.014992873,Mason et al. 2021,4
4,1N8Z,B:G100R;B:A106E;B:M107H,-0.120178903,Mason et al. 2021,3
5,1N8Z,B:G100R;B:G101E;B:D102P;B:A106E;B:M107H,-0.278329978,Mason et al. 2021,5
6,1N8Z,B:G100K;B:G101E;B:D102P;B:A106E;B:M107H,-0.387838558,Mason et al. 2021,5
7,1N8Z,B:G100K;B:G101D;B:D102P;B:A106E;B:M107H,-0.387838558,Mason et al. 2021,5
8,1N8Z,B:W99Y;B:G101P;B:D102P;B:F104M;B:A106T;B:M107N,-0.518441091,Mason et al. 2021,6
9,1N8Z,B:G100R;B:G101D;B:F104L;B:M107H,-0.548507795,Mason et al. 2021,4
10,1N8Z,B:G100N;B:G101D;B:D102R;B:A106E;B:M107H,-0.582681903,Mason et al. 2021,5
11,1N8Z,B:G100P;B:D102G;B:F104M;B:M107N,-0.625380527,Mason et al. 2021,4
12,1N8Z,B:D102P;B:F104M;B:A106T;B:M107N,-0.707025209,Mason et al. 2021,4
13,1N8Z,B:G100R;B:G101D;B:D102P;B:A106E;B:M107H,-0.729042126,Mason et al. 2021,5
14,1N8Z,B:G100K;B:G101Q;B:A106E;B:M107H,-0.758552203,Mason et al. 2021,4
15,1N8Z,B:W99Y;B:D102P;B:F104M;B:A106T;B:M107N,-0.809736398,Mason et al. 2021,5
16,1N8Z,B:W99Y;B:F104M;B:A106Q;B:M107H,-0.88074193,Mason et al. 2021,4
17,1N8Z,B:W99Y;B:D102T;B:F104M;B:A106E;B:M107H,-0.90048332,Mason et al. 2021,5
18,1N8Z,B:W99Y;B:G101N;B:D102G;B:F104M;B:M107N,-1.017550148,Mason et al. 2021,5
19,1N8Z,B:W99Y;B:G101P;B:D102G;B:F104M;B:A106E;B:M107H,-1.078081455,Mason et al. 2021,6
20,1N8Z,B:D102P;B:F104M;B:A106E;B:M107H,-1.092294622,Mason et al. 2021,4
21,1N8Z,B:W99Y;B:G100R;B:A106E;B:M107H,-1.162823896,Mason et al. 2021,4
22,1N8Z,B:W99Y;B:D102P;B:F104L;B:M107N,-1.169024862,Mason et al. 2021,4
23,1N8Z,B:W99Y;B:D102P;B:F104M;B:A106Q;B:M107N,-1.197133922,Mason et al. 2021,5
24,1N8Z,B:G100P;B:G101Q;B:D102P;B:F104M;B:M107N,-1.197133922,Mason et al. 2021,5
25,1N8Z,B:W99Y;B:D102P;B:F104M;B:A106E;B:M107H,-1.216425103,Mason et al. 2021,5
26,1N8Z,B:W99Y;B:G101D;B:D102P;B:F104M;B:A106Q;B:M107H,-1.25143234,Mason et al. 2021,6
27,1N8Z,B:W99Y;B:D102P;B:F104L;B:A106T;B:M107N,-1.253218727,Mason et al. 2021,5
28,1N8Z,B:W99Y;B:G101P;B:D102G;B:F104L;B:A106T;B:M107N,-1.275964298,Mason et al. 2021,6
29,1N8Z,B:W99Y;B:D102P;B:F104L;B:A106E;B:M107H,-1.28617467,Mason et al. 2021,5
30,1N8Z,B:G101N;B:D102P;B:F104M;B:M107N,-1.309335767,Mason et al. 2021,4
31,1N8Z,B:G100R;B:G101H;B:A106E;B:M107N,-1.318991202,Mason et al. 2021,4
32,1N8Z,B:W99Y;B:G101P;B:D102G;B:F104M;B:M107N,-1.340926557,Mason et al. 2021,5
33,1N8Z,B:G101N;B:D102G;B:F104M;B:M107N,-1.354610559,Mason et al. 2021,4
34,1N8Z,B:W99Y;B:G101E;B:D102R;B:A106E;B:M107H,-1.366514214,Mason et al. 2021,5
35,1N8Z,B:W99Y;B:D102N;B:F104M;B:A106T;B:M107N,-1.366514214,Mason et al. 2021,5
36,1N8Z,B:W99Y;B:G101S;B:D102P;B:F104M;B:A106T;B:M107N,-1.420002094,Mason et al. 2021,6
37,1N8Z,B:W99Y;B:G101Q;B:D102P;B:F104M;B:A106T;B:M107N,-1.452727927,Mason et al. 2021,6
38,1N8Z,B:W99Y;B:G101E;B:D102P;B:F104M;B:A106Q;B:M107H,-1.470294079,Mason et al. 2021,6
39,1N8Z,B:D102N;B:F104M;B:M107N,-1.480102782,Mason et al. 2021,3
40,1N8Z,B:W99Y;B:G101D;B:D102R;B:A106E;B:M107H,-1.535769901,Mason et al. 2021,5
41,1N8Z,B:W99Y;B:G101P;B:D102N;B:F104L;B:M107N,-1.548905823,Mason et al. 2021,5
42,1N8Z,B:W99Y;B:D102N;B:F104M;B:A106Q;B:M107N,-1.589690317,Mason et al. 2021,5
43,1N8Z,B:W99Y;B:G101N;B:D102P;B:F104M;B:A106Q;B:M107N,-1.629737991,Mason et al. 2021,6
44,1N8Z,B:W99Y;B:G101Q;B:D102P;B:F104M;B:M107N,-1.682994,Mason et al. 2021,5
45,1N8Z,B:W99Y;B:G100S;B:D102P;B:F104M;B:M107N,-1.706684634,Mason et al. 2021,5
46,1N8Z,B:W99Y;B:G101S;B:D102N;B:F104M;B:A106Q;B:M107N,-1.720619086,Mason et al. 2021,6
47,1N8Z,B:W99Y;B:D102N;B:F104M;B:M107N,-1.749859067,Mason et al. 2021,4
48,1N8Z,B:G100E;B:G101R;B:D102P;B:F104L;B:A106E;B:M107H,-1.823706829,Mason et al. 2021,6
49,1N8Z,B:G100R;B:G101P;B:A106E;B:M107H,-1.851626532,Mason et al. 2021,4
50,1N8Z,B:G100R;B:G101E;B:D102P;B:F104L;B:A106E;B:M107H,-1.983769213,Mason et al. 2021,6
51,1N8Z,B:W99Y;B:G101N;B:D102P;B:F104M;B:A106E;B:M107H,-1.998645196,Mason et al. 2021,6
52,1N8Z,B:G100D;B:G101R;B:D102P;B:F104L;B:A106E;B:M107H,-2.004693115,Mason et al. 2021,6
53,1N8Z,B:G100K;B:G101E;B:D102P;B:F104L;B:A106E;B:M107H,-2.074164045,Mason et al. 2021,6
54,1N8Z,B:W99Y;B:G101Q;B:D102P;B:F104M;B:A106E;B:M107H,-2.075945059,Mason et al. 2021,6
55,1N8Z,B:W99Y;B:G101Q;B:D102P;B:F104L;B:A106E;B:M107H,-2.265336962,Mason et al. 2021,6
1949,3BGN,H:T28P;H:S30R;H:N59K;H:E74D;H:T76A;H:S77G,4.186214452297988,Phillips et al. 2021,6
865,3BGN,H:T28P;H:Q62P;H:E74D;H:S75F;H:T76A;H:S77G;H:A79V,0.3724768965571173,Phillips et al. 2021,7
61,3BGN,H:T28P;H:S30R;H:N59K;H:Q62P;H:S75F;H:T76A;H:A79V;H:L104V,-0.052325759159962834,Phillips et al. 2021,8
196,3BGN,H:T28P;H:S30R;H:Q62P;H:E74D;H:S75F;H:T76A;H:S77G;H:A79V;H:L104V,0.05355764145067584,Phillips et al. 2021,9
1231,3BGN,H:T28P;H:N59K;H:T76A;H:A79V,1.019864352362946,Phillips et al. 2021,4
1384,3BGN,H:T28P;H:Q62P;H:E74D;H:T76A;H:S77G,1.3634108942034293,Phillips et al. 2021,5
1170,3BGN,H:T28P;H:S30R;H:A58T;H:Q62P;H:S75F,0.8576075143044973,Phillips et al. 2021,5
1961,3BGN,H:T28P;H:S30R;H:A58T;H:N59K;H:E74D;H:T76A;H:S77G,4.22187445441013,Phillips et al. 2021,7
2018,3BGN,H:T28P;H:A58T;H:E74D,4.456233222132314,Phillips et al. 2021,3
795,3BGN,H:T28P;H:S30R;H:A58T;H:Q62P;H:E74D;H:S77G,0.3220001629858082,Phillips et al. 2021,6
976,3BGN,H:T28P;H:S30R;H:A58T,0.49480498154473557,Phillips et al. 2021,3
1031,3BGN,H:T28P;H:S30R;H:A58T;H:Q62P;H:E74D,0.5744805959701271,Phillips et al. 2021,5
1729,3BGN,H:T28P;H:S30R;H:Q62P;H:E74D,2.3701903907480766,Phillips et al. 2021,4
851,3BGN,H:T28P;H:S30R;H:E74D;H:A79V,0.36133059017030206,Phillips et al. 2021,4
721,3BGN,H:T28P;H:S30R;H:E74D;H:S75F;H:S77G;H:L104V,0.2802404513677535,Phillips et al. 2021,6
274,3BGN,H:T28P;H:S30R;H:A58T;H:N59K;H:Q62P;H:T76A;H:A79V,0.08819822950915521,Phillips et al. 2021,7
1569,3BGN,H:T28P;H:S30R;H:A58T;H:Q62P,1.7409196993935026,Phillips et al. 2021,4
1893,3BGN,H:T28P;H:A58T;H:S75F;H:S77G,3.9844769782654863,Phillips et al. 2021,4
167,3BGN,H:T28P;H:S30R;H:A58T;H:Q62P;H:S77G;H:L104V,0.037781724137527374,Phillips et al. 2021,6
372,3BGN,H:T28P;H:S30R;H:A58T;H:N59K;H:Q62P;H:E74D;H:S75F;H:T76A;H:A79V,0.1302896572279094,Phillips et al. 2021,9
1091,3BGN,H:T28P;H:Q62P;H:E74D;H:S75F;H:S77G;H:L104V,0.6792212012443885,Phillips et al. 2021,6
1382,3BGN,H:T28P;H:A58T,1.361364054582407,Phillips et al. 2021,2
1661,3BGN,H:T28P;H:A79V,2.040845604489656,Phillips et al. 2021,2
863,3BGN,H:T28P;H:A58T;H:N59K;H:E74D;H:S75F;H:T76A;H:A79V;H:L104V,0.37107183195065885,Phillips et al. 2021,8
1670,3BGN,H:T28P;H:Q62P,2.0734775040730966,Phillips et al. 2021,2
1409,3BGN,H:T28P;H:S30R,1.3970770762340547,Phillips et al. 2021,2
1620,3BGN,H:T28P;H:A58T;H:N59K,1.9061073259053107,Phillips et al. 2021,3
1505,3BGN,H:T28P;H:S30R;H:N59K;H:S75F;H:T76A;H:S77G,1.5801955512839014,Phillips et al. 2021,6
999,3BGN,H:T28P;H:E74D;H:S75F;H:A79V,0.5180490892326752,Phillips et al. 2021,4
342,3BGN,H:T28P;H:S30R;H:N59K;H:Q62P;H:S77G,0.11666578739188464,Phillips et al. 2021,5
1161,3BGN,H:T28P;H:S30R;H:N59K;H:Q62P;H:E74D;H:S75F;H:T76A,0.8429615452527283,Phillips et al. 2021,7
1025,3BGN,H:T28P;H:S77G;H:A79V,0.5665739269963657,Phillips et al. 2021,3
598,3BGN,H:T28P;H:S30R;H:A58T;H:N59K,0.21749310723695287,Phillips et al. 2021,4
1379,3BGN,H:T28P;H:N59K;H:Q62P;H:S75F;H:S77G;H:A79V,1.3595015251675362,Phillips et al. 2021,6
268,3BGN,H:T28P;H:S30R;H:A58T;H:N59K;H:E74D;H:T76A;H:S77G;H:A79V;H:L104V,0.0861853849195396,Phillips et al. 2021,9
686,3BGN,H:T28P;H:A58T;H:E74D;H:S75F;H:T76A;H:S77G;H:A79V,0.26402339582599366,Phillips et al. 2021,7
101,3BGN,H:T28P;H:A58T;H:N59K;H:Q62P;H:E74D;H:T76A;H:S77G;H:A79V,-0.01574237051799211,Phillips et al. 2021,8
955,3BGN,H:T28P;H:A58T;H:N59K;H:Q62P;H:E74D;H:S75F,0.4622241539426708,Phillips et al. 2021,6
695,3BGN,H:T28P;H:A58T;H:T76A;H:S77G,0.2689530895727348,Phillips et al. 2021,4
1820,3BGN,H:T28P;H:S30R;H:E74D;H:S75F;H:T76A,3.568333936218628,Phillips et al. 2021,5
900,3BGN,H:T28P;H:A58T;H:N59K;H:Q62P;H:E74D;H:T76A;H:S77G;H:A79V;H:L104V,0.403849587041872,Phillips et al. 2021,9
1452,3BGN,H:T28P;H:E74D;H:S75F,1.4726616880686703,Phillips et al. 2021,3
878,3BGN,H:T28P;H:E74D;H:S75F;H:T76A;H:S77G;H:A79V,0.385305715858737,Phillips et al. 2021,6
244,3BGN,H:T28P;H:S30R;H:A58T;H:N59K;H:Q62P;H:E74D;H:S75F;H:T76A;H:S77G;H:A79V,0.07259430725308759,Phillips et al. 2021,10
326,3BGN,H:T28P;H:A58T;H:N59K;H:Q62P;H:E74D;H:S75F;H:T76A;H:A79V,0.10972343629345158,Phillips et al. 2021,8
77,3BGN,H:T28P;H:S30R;H:Q62P;H:S75F;H:S77G;H:A79V;H:L104V,-0.03553654990596064,Phillips et al. 2021,7
1173,3BGN,H:T28P;H:Q62P;H:T76A;H:S77G;H:A79V;H:L104V,0.8728454530823913,Phillips et al. 2021,6
111,3BGN,H:T28P;H:S30R;H:A58T;H:Q62P;H:E74D;H:S75F;H:S77G;H:A79V;H:L104V,-0.008042413633505018,Phillips et al. 2021,9
404,3BGN,H:T28P;H:S30R;H:Q62P;H:E74D;H:A79V;H:L104V,0.14381459877071442,Phillips et al. 2021,6
1256,3BGN,H:T28P;H:Q62P;H:S75F;H:T76A,1.0649139535002727,Phillips et al. 2021,4
421,3BGN,H:T28P;H:N59K;H:Q62P;H:S75F;H:T76A;H:A79V,0.1505880343085704,Phillips et al. 2021,6
995,3BGN,H:T28P;H:S30R;H:A58T;H:E74D;H:S75F;H:T76A,0.5100553106505633,Phillips et al. 2021,6
401,3BGN,H:T28P;H:S30R;H:A58T;H:Q62P;H:E74D;H:S75F;H:T76A;H:A79V;H:L104V,0.14266827286464498,Phillips et al. 2021,9
425,3BGN,H:T28P;H:S30R;H:A58T;H:N59K;H:E74D;H:S75F;H:T76A,0.1539966879935101,Phillips et al. 2021,7
341,3BGN,H:T28P;H:S30R;H:A58T;H:N59K;H:Q62P;H:E74D,0.1164507602365077,Phillips et al. 2021,6
350,3BGN,H:T28P;H:S30R;H:N59K;H:E74D;H:T76A;H:S77G;H:L104V,0.1222027788422755,Phillips et al. 2021,7
1192,3BGN,H:T28P;H:S30R;H:A58T;H:N59K;H:Q62P;H:E74D,0.9301034790921193,Phillips et al. 2021,6
388,3BGN,H:T28P;H:N59K;H:Q62P;H:S75F;H:T76A;H:S77G;H:L104V,0.1356137208572515,Phillips et al. 2021,7
874,3BGN,H:T28P;H:S30R;H:A58T;H:Q62P;H:E74D;H:T76A,0.3829449633431932,Phillips et al. 2021,6
2014,3BGN,H:T28P;H:N59K;H:Q62P,4.421316937574879,Phillips et al. 2021,3
33,3BGN,H:T28P;H:S30R;H:N59K;H:S75F;H:T76A;H:S77G;H:L104V,-0.09304309170898617,Phillips et al. 2021,7
1282,3BGN,H:T28P;H:S30R;H:N59K;H:Q62P;H:E74D;H:T76A;H:A79V,1.1360928895501268,Phillips et al. 2021,7
1345,3BGN,H:T28P;H:S30R;H:Q62P;H:E74D;H:T76A;H:S77G,1.2824044323139079,Phillips et al. 2021,6
248,3BGN,H:T28P;H:S30R;H:A58T;H:N59K;H:E74D;H:S75F;H:S77G,0.07341402496583746,Phillips et al. 2021,7
1464,3BGN,H:T28P;H:Q62P;H:E74D;H:S75F;H:S77G,1.5008588701301848,Phillips et al. 2021,5
1816,3BGN,H:T28P;H:S75F;H:T76A;H:A79V,3.5336841025782944,Phillips et al. 2021,4
622,3BGN,H:T28P;H:S30R;H:E74D;H:S75F;H:A79V,0.2278588711917281,Phillips et al. 2021,5
707,3BGN,H:T28P;H:S30R;H:A58T;H:E74D;H:S75F,0.27468003815492475,Phillips et al. 2021,5
433,3BGN,H:T28P;H:A58T;H:N59K;H:Q62P;H:E74D;H:S75F;H:S77G;H:A79V,0.15528963254374936,Phillips et al. 2021,8
323,3BGN,H:T28P;H:S30R;H:A58T;H:E74D;H:S75F;H:T76A;H:S77G;H:A79V;H:L104V,0.10773339217678497,Phillips et al. 2021,9
765,3BGN,H:T28P;H:S30R;H:E74D;H:T76A;H:L104V,0.3018715128300769,Phillips et al. 2021,5
216,3BGN,H:T28P;H:N59K;H:Q62P;H:S75F;H:T76A;H:L104V,0.06208762406315024,Phillips et al. 2021,6
324,3BGN,H:T28P;H:A58T;H:S75F;H:T76A;H:S77G;H:A79V,0.1081339806280961,Phillips et al. 2021,6
1791,3BGN,H:T28P;H:S30R;H:A58T;H:N59K;H:E74D;H:S75F;H:T76A,3.2391283939833193,Phillips et al. 2021,7
2007,3BGN,H:T28P;H:S30R;H:A58T;H:E74D;H:S77G,4.358176718627951,Phillips et al. 2021,5
1757,3BGN,H:T28P;H:S30R;H:N59K;H:S75F;H:T76A;H:A79V,2.7427707107271138,Phillips et al. 2021,6
1598,3BGN,H:T28P;H:A58T;H:N59K;H:Q62P;H:E74D;H:T76A;H:L104V,1.8310067936155765,Phillips et al. 2021,7
252,3BGN,H:T28P;H:S30R;H:S77G,0.07650513447525702,Phillips et al. 2021,3
1973,3BGN,H:T28P;H:A58T,4.255159154768759,Phillips et al. 2021,2
16,3BGN,H:T28P;H:S30R;H:N59K;H:S75F,-0.17254445854830425,Phillips et al. 2021,4
456,3BGN,H:T28P;H:S30R;H:A58T;H:N59K;H:E74D;H:S75F;H:S77G;H:L104V,0.1622906061347924,Phillips et al. 2021,8
1531,3BGN,H:T28P;H:S30R;H:N59K,1.6438576775107296,Phillips et al. 2021,3
1590,3BGN,H:T28P;H:A58T;H:Q62P;H:E74D;H:T76A;H:A79V;H:L104V,1.8058522945270505,Phillips et al. 2021,7
896,3BGN,H:T28P;H:A58T;H:N59K;H:Q62P;H:E74D;H:S75F;H:T76A,0.4013503437103285,Phillips et al. 2021,7
1527,3BGN,H:T28P;H:S77G,1.6389808529457663,Phillips et al. 2021,2
194,3BGN,H:T28P;H:S30R;H:N59K;H:Q62P;H:A79V,0.05206027847575886,Phillips et al. 2021,5
913,3BGN,H:T28P;H:S30R;H:Q62P;H:T76A;H:L104V,0.412425271311562,Phillips et al. 2021,5
687,3BGN,H:T28P;H:S30R;H:A58T;H:Q62P;H:E74D;H:S75F;H:S77G,0.2641826459378521,Phillips et al. 2021,7
1393,3BGN,H:T28P;H:N59K;H:Q62P;H:E74D,1.3730361520176295,Phillips et al. 2021,4
442,3BGN,H:T28P;H:A58T;H:N59K;H:Q62P;H:E74D;H:T76A;H:A79V,0.15872922729603758,Phillips et al. 2021,7
351,3BGN,H:T28P;H:S30R;H:E74D;H:S75F;H:T76A;H:A79V,0.12245472591242298,Phillips et al. 2021,6
767,3BGN,H:T28P;H:S30R;H:A58T;H:S75F;H:L104V,0.30197741431758596,Phillips et al. 2021,5
1191,3BGN,H:T28P;H:S30R;H:N59K;H:Q62P;H:S75F;H:T76A;H:S77G,0.9264614418426652,Phillips et al. 2021,7
1103,3BGN,H:T28P;H:E74D;H:S75F,0.7049142944837797,Phillips et al. 2021,3
1160,3BGN,H:T28P;H:A58T;H:Q62P;H:E74D;H:S77G;H:L104V,0.8393499866496827,Phillips et al. 2021,6
843,3BGN,H:T28P;H:A58T;H:E74D;H:S75F;H:S77G;H:A79V,0.3581085134052003,Phillips et al. 2021,6
1336,3BGN,H:T28P;H:N59K;H:Q62P;H:S77G;H:L104V,1.2523944864088286,Phillips et al. 2021,5
431,3BGN,H:T28P;H:A58T;H:N59K;H:Q62P;H:S75F;H:T76A;H:S77G,0.15505376949517924,Phillips et al. 2021,7
1610,3BGN,H:T28P;H:T76A;H:A79V;H:L104V,1.863950855702621,Phillips et al. 2021,4
1863,3BGN,H:T28P;H:S30R;H:A58T;H:T76A;H:S77G,3.8311502857300783,Phillips et al. 2021,5
11446,4FQY,H:F29S;H:S30N;H:S31N;H:I52S;H:N59A;H:T71S;H:S75F;H:T76S;H:R87T;H:Y95F;H:Y106S,5.03166064948981,Phillips et al. 2021,11
28849,4FQY,H:F29S;H:T71S;H:S75F;H:T76S;H:S77N;H:R87T,4.985922861035552,Phillips et al. 2021,6
37681,4FQY,H:F29S;H:S30N;H:S31N;H:I52S;H:N59A;H:K74I;H:S75F;H:T76S;H:S84N;H:R87T,4.928229544992683,Phillips et al. 2021,10
11952,4FQY,H:F29S;H:S30N;H:S31N;H:I52S;H:T57S;H:A58T;H:T71S;H:T76S;H:S77N;H:S84N;H:Y106S,5.031660649489807,Phillips et al. 2021,11
11139,4FQY,H:F29S;H:I52S;H:T57S;H:A58T;H:T71S;H:K74I;H:S77N;H:Y106S,5.03166064948981,Phillips et al. 2021,8
25304,4FQY,H:F29S;H:S30N;H:S31N;H:I52S;H:T57S;H:T71S;H:S75F;H:T76S;H:S84N;H:R87T;H:Y106S,4.722595344441488,Phillips et al. 2021,11
34068,4FQY,H:F29S;H:S30N;H:A58T;H:T76S;H:S77N;H:R87T;H:Y106S,5.03166064948981,Phillips et al. 2021,7
22965,4FQY,H:F29S;H:I52S;H:A58T;H:N59A;H:T71S;H:K74I;H:S75F;H:S84N;H:R87T;H:Y95F;H:Y106S,4.877851493627914,Phillips et al. 2021,11
37654,4FQY,H:F29S;H:S30N;H:S31N;H:I52S;H:A58T;H:K74I;H:T76S;H:Y95F,5.03166064948981,Phillips et al. 2021,8
44921,4FQY,H:F29S;H:S30N;H:S31N;H:T57S;H:A58T;H:T71S;H:T76S;H:S77N;H:S84N;H:R87T;H:Y95F,5.03166064948981,Phillips et al. 2021,11
55812,4FQY,H:F29S;H:T57S;H:N59A;H:T76S;H:S77N;H:S84N;H:R87T;H:Y95F,5.031660649489749,Phillips et al. 2021,8
33424,4FQY,H:F29S;H:S30N;H:I52S;H:T71S;H:K74I;H:Y95F,5.031660649489808,Phillips et al. 2021,6
25340,4FQY,H:F29S;H:S30N;H:S31N;H:I52S;H:T57S;H:T76S,4.870263557937739,Phillips et al. 2021,6
1990,4FQY,H:F29S;H:S30N;H:S31N;H:I52S;H:T57S;H:N59A;H:T71S;H:K74I;H:S75F;H:T76S;H:S84N;H:R87T;H:Y95F,-0.18994956351100029,Phillips et al. 2021,13
46332,4FQY,H:F29S;H:S31N;H:T57S;H:A58T;H:N59A;H:S75F;H:S77N;H:Y95F;H:Y106S,5.031660649489808,Phillips et al. 2021,9
31736,4FQY,H:F29S;H:I52S;H:A58T;H:N59A;H:S75F;H:S84N,5.031660649488928,Phillips et al. 2021,6
9288,4FQY,H:F29S;H:S30N;H:S31N;H:I52S;H:A58T;H:T71S;H:S84N;H:Y95F;H:Y106S,5.03166064948981,Phillips et al. 2021,9
4069,4FQY,H:F29S;H:A58T;H:T71S;H:S75F;H:T76S;H:R87T;H:Y106S,5.03166064948981,Phillips et al. 2021,7
34312,4FQY,H:F29S;H:S31N;H:I52S;H:T57S;H:A58T;H:N59A;H:K74I;H:S77N;H:Y95F,4.93356670418368,Phillips et al. 2021,9
21425,4FQY,H:F29S;H:S30N;H:S31N;H:A58T;H:K74I;H:S77N;H:Y106S,5.03166064948981,Phillips et al. 2021,7
27632,4FQY,H:F29S;H:S31N;H:T57S;H:A58T;H:S84N;H:Y95F,5.03166064948981,Phillips et al. 2021,6
45295,4FQY,H:F29S;H:S30N;H:S31N;H:N59A;H:T71S;H:K74I;H:R87T,5.03166064948981,Phillips et al. 2021,7
12572,4FQY,H:F29S;H:S30N;H:A58T;H:N59A;H:T76S;H:S77N;H:S84N,5.03166064948981,Phillips et al. 2021,7
54995,4FQY,H:F29S;H:A58T;H:N59A;H:T71S;H:S75F;H:S84N;H:R87T;H:Y95F,5.03166064948981,Phillips et al. 2021,8
46665,4FQY,H:F29S;H:S30N;H:S31N;H:I52S;H:A58T;H:T71S;H:S75F;H:S77N;H:R87T,5.03166064948981,Phillips et al. 2021,9
21335,4FQY,H:F29S;H:S30N;H:S31N;H:T57S;H:T71S;H:K74I;H:S75F;H:T76S;H:S84N;H:R87T,5.03166064948981,Phillips et al. 2021,10
21341,4FQY,H:F29S;H:S30N;H:S31N;H:T57S;H:T71S;H:S77N;H:R87T;H:Y95F,5.03166064948981,Phillips et al. 2021,8
31449,4FQY,H:F29S;H:N59A;H:T71S;H:K74I;H:S75F;H:T76S;H:S84N;H:R87T,4.955856306879717,Phillips et al. 2021,8
8051,4FQY,H:F29S;H:S30N;H:I52S;H:T71S;H:S75F;H:S84N;H:Y95F,5.03166064948981,Phillips et al. 2021,7
48010,4FQY,H:F29S;H:S30N;H:T57S;H:R87T;H:Y106S,5.031660649489804,Phillips et al. 2021,5
30421,4FQY,H:F29S;H:I52S;H:T57S;H:N59A;H:R87T;H:Y95F,5.03166064948981,Phillips et al. 2021,6
23007,4FQY,H:F29S;H:I52S;H:A58T;H:T71S;H:K74I;H:T76S;H:Y95F,5.03166064948981,Phillips et al. 2021,7
42734,4FQY,H:F29S;H:S31N;H:K74I;H:S75F,5.03166064948981,Phillips et al. 2021,4
25195,4FQY,H:F29S;H:S30N;H:S31N;H:I52S;H:T57S;H:A58T;H:N59A;H:T71S;H:T76S;H:S84N;H:R87T;H:Y95F,4.933838827149707,Phillips et al. 2021,12
19020,4FQY,H:F29S;H:S31N;H:I52S;H:T57S;H:A58T;H:N59A;H:T71S;H:T76S;H:S77N;H:R87T;H:Y95F,5.031660649489802,Phillips et al. 2021,11
26579,4FQY,H:F29S;H:S30N;H:T57S;H:A58T;H:N59A;H:S75F;H:T76S;H:S84N;H:R87T,5.031660649488892,Phillips et al. 2021,9
49662,4FQY,H:F29S;H:S30N;H:T71S;H:S77N;H:R87T,5.03166064948981,Phillips et al. 2021,5
57950,4FQY,H:F29S;H:S30N;H:T57S;H:A58T;H:N59A;H:T71S;H:S75F;H:T76S;H:S77N,5.03166064948981,Phillips et al. 2021,9
54421,4FQY,H:F29S;H:S31N;H:I52S;H:T57S;H:A58T;H:S75F;H:T76S;H:S77N,5.03166064948981,Phillips et al. 2021,8
56668,4FQY,H:F29S;H:S31N;H:I52S;H:T57S,5.03166064948981,Phillips et al. 2021,4
32783,4FQY,H:F29S;H:S30N;H:S31N;H:A58T;H:T71S;H:T76S;H:S77N;H:S84N;H:R87T;H:Y95F;H:Y106S,4.813014462574336,Phillips et al. 2021,11
7337,4FQY,H:F29S;H:S31N;H:A58T;H:K74I;H:S75F;H:S77N;H:S84N;H:R87T;H:Y106S,5.03166064948981,Phillips et al. 2021,9
7194,4FQY,H:F29S;H:S30N;H:I52S;H:A58T;H:T71S;H:K74I;H:S77N;H:S84N;H:Y95F;H:Y106S,5.03166064948981,Phillips et al. 2021,10
19603,4FQY,H:F29S;H:I52S;H:K74I;H:S77N;H:S84N;H:R87T;H:Y95F;H:Y106S,5.003647750472354,Phillips et al. 2021,8
2761,4FQY,H:F29S;H:S31N;H:I52S;H:T57S;H:A58T;H:T71S;H:K74I;H:S75F;H:S84N,1.400378397516273,Phillips et al. 2021,9
43243,4FQY,H:F29S;H:A58T;H:K74I;H:S75F;H:T76S;H:S77N,5.03166064948981,Phillips et al. 2021,6
63730,4FQY,H:F29S;H:S31N;H:I52S;H:K74I,5.03166064948981,Phillips et al. 2021,4
21181,4FQY,H:F29S;H:S30N;H:S31N;H:I52S;H:K74I;H:S84N;H:Y95F,4.793378382999084,Phillips et al. 2021,7
60809,4FQY,H:F29S;H:S31N;H:I52S;H:S75F;H:T76S;H:S77N;H:S84N;H:R87T,5.03166064948981,Phillips et al. 2021,8
51297,4FQY,H:F29S;H:T57S;H:A58T;H:N59A;H:T71S;H:T76S;H:S77N,5.03166064948981,Phillips et al. 2021,7
35163,4FQY,H:F29S;H:S31N;H:T57S;H:N59A;H:T71S;H:S75F;H:T76S;H:R87T;H:Y95F,5.0316606494897815,Phillips et al. 2021,9
54934,4FQY,H:F29S;H:I52S;H:A58T;H:N59A;H:T71S;H:K74I;H:S75F;H:T76S,5.03166064948981,Phillips et al. 2021,8
45788,4FQY,H:F29S;H:S31N;H:T57S;H:N59A;H:T71S;H:K74I;H:S75F;H:T76S;H:S84N,5.03166064948981,Phillips et al. 2021,9
17347,4FQY,H:F29S;H:S30N;H:S31N;H:A58T;H:K74I;H:S75F;H:T76S;H:S84N,5.03166064948981,Phillips et al. 2021,8
64141,4FQY,H:F29S;H:I52S;H:T57S;H:N59A;H:T71S;H:K74I,5.03166064948981,Phillips et al. 2021,6
43201,4FQY,H:F29S;H:S31N;H:A58T;H:T71S;H:S75F;H:T76S;H:S77N,5.03166064948981,Phillips et al. 2021,7
35409,4FQY,H:F29S;H:S31N;H:A58T;H:N59A;H:T71S;H:Y95F;H:Y106S,5.03166064948981,Phillips et al. 2021,7
4359,4FQY,H:F29S;H:S30N;H:S31N;H:A58T;H:N59A;H:T76S;H:S77N;H:R87T;H:Y95F,4.632642845687387,Phillips et al. 2021,9
42828,4FQY,H:F29S;H:I52S;H:T71S;H:S75F;H:S77N;H:S84N,5.03166064948981,Phillips et al. 2021,6
58248,4FQY,H:F29S;H:S30N;H:T57S;H:N59A,5.03166064948981,Phillips et al. 2021,4
25120,4FQY,H:F29S;H:S31N;H:T57S;H:A58T;H:N59A;H:T71S;H:T76S;H:S77N,5.03166064948981,Phillips et al. 2021,8
55861,4FQY,H:F29S;H:T57S;H:A58T;H:N59A;H:T71S;H:S84N;H:R87T;H:Y95F,5.031660649489808,Phillips et al. 2021,8
8421,4FQY,H:F29S;H:S30N;H:I52S;H:T57S;H:A58T;H:K74I;H:T76S;H:R87T;H:Y106S,4.09910713514994,Phillips et al. 2021,9
27791,4FQY,H:F29S;H:S31N;H:A58T;H:N59A;H:S84N;H:Y95F,5.018428940520272,Phillips et al. 2021,6
1733,4FQY,H:F29S;H:S30N;H:I52S;H:T57S;H:A58T;H:T71S;H:K74I;H:S75F;H:S84N;H:R87T;H:Y95F,0.654455233041273,Phillips et al. 2021,11
59786,4FQY,H:F29S;H:S30N;H:T57S;H:T71S;H:K74I,5.03166064948981,Phillips et al. 2021,5
22719,4FQY,H:F29S;H:S31N;H:A58T;H:N59A;H:K74I;H:S75F;H:S77N;H:Y95F;H:Y106S,5.03166064948981,Phillips et al. 2021,9
55977,4FQY,H:F29S;H:S31N;H:A58T;H:N59A;H:S75F;H:S77N;H:S84N;H:R87T,4.8790763664804295,Phillips et al. 2021,8
56740,4FQY,H:F29S;H:S30N;H:S31N;H:I52S;H:T57S;H:A58T;H:N59A;H:K74I,5.03166064948981,Phillips et al. 2021,8
17254,4FQY,H:F29S;H:S30N;H:S31N;H:I52S;H:A58T;H:T76S;H:S77N;H:S84N;H:R87T;H:Y95F,5.03166064948981,Phillips et al. 2021,10
25295,4FQY,H:F29S;H:S30N;H:S31N;H:I52S;H:T57S;H:T71S;H:K74I;H:S77N;H:S84N;H:Y95F,5.031660649489802,Phillips et al. 2021,10
18331,4FQY,H:F29S;H:S30N;H:S31N;H:T57S;H:N59A;H:K74I;H:S75F;H:T76S;H:S84N;H:Y95F,5.03166064948981,Phillips et al. 2021,10
46333,4FQY,H:F29S;H:S31N;H:T57S;H:A58T;H:N59A;H:T76S;H:S77N;H:S84N;H:R87T,5.03166064948981,Phillips et al. 2021,9
12262,4FQY,H:F29S;H:S31N;H:I52S;H:A58T;H:N59A;H:T71S;H:K74I;H:T76S;H:S84N;H:R87T;H:Y95F,4.990459556078372,Phillips et al. 2021,11
43603,4FQY,H:F29S;H:S30N;H:S31N;H:T57S;H:A58T;H:N59A,5.031660649489739,Phillips et al. 2021,6
62062,4FQY,H:F29S;H:S30N;H:I52S;H:T57S;H:K74I;H:S75F,5.03166064948981,Phillips et al. 2021,6
24390,4FQY,H:F29S;H:I52S;H:A58T;H:N59A;H:T71S;H:T76S;H:S77N;H:Y95F,5.03166064948981,Phillips et al. 2021,8
46533,4FQY,H:F29S;H:I52S;H:K74I;H:S84N;H:R87T;H:Y106S,5.03166064948981,Phillips et al. 2021,6
65327,4FQY,H:F29S;H:A58T;H:N59A;H:T76S,5.03166064948981,Phillips et al. 2021,4
34064,4FQY,H:F29S;H:S30N;H:A58T;H:S75F;H:S77N;H:S84N;H:Y95F,4.963182405511695,Phillips et al. 2021,7
1675,4FQY,H:F29S;H:S30N;H:I52S;H:T57S;H:A58T;H:T71S;H:K74I;H:S75F;H:S77N;H:S84N;H:Y95F,1.3445268876883938,Phillips et al. 2021,11
64747,4FQY,H:F29S;H:S31N;H:A58T;H:T71S;H:T76S;H:S77N;H:R87T,5.03166064948981,Phillips et al. 2021,7
5603,4FQY,H:F29S;H:S30N;H:S31N;H:T57S;H:N59A;H:T71S;H:K74I;H:S75F;H:T76S;H:S84N;H:R87T,3.7694954982056066,Phillips et al. 2021,11
1024,4FQY,H:F29S;H:S30N;H:S31N;H:I52S;H:A58T;H:T71S;H:K74I;H:S75F;H:S84N;H:R87T;H:Y106S,1.681928425083365,Phillips et al. 2021,11
2732,4FQY,H:F29S;H:S30N;H:S31N;H:T57S;H:N59A;H:T71S;H:K74I;H:T76S;H:S84N,1.70391412938343,Phillips et al. 2021,9
29747,4FQY,H:F29S;H:S30N;H:A58T;H:K74I;H:T76S;H:S77N;H:R87T,4.931826041655905,Phillips et al. 2021,7
16701,4FQY,H:F29S;H:S30N;H:S84N;H:R87T;H:Y95F,5.03166064948981,Phillips et al. 2021,5
17631,4FQY,H:F29S;H:I52S;H:A58T;H:T71S;H:K74I;H:T76S;H:Y95F,5.03166064948981,Phillips et al. 2021,7
54987,4FQY,H:F29S;H:I52S;H:N59A;H:K74I;H:T76S;H:S84N;H:Y95F,5.03166064948981,Phillips et al. 2021,7
33297,4FQY,H:F29S;H:S30N;H:I52S;H:A58T;H:K74I;H:T76S;H:S84N;H:R87T;H:Y95F,5.03166064948981,Phillips et al. 2021,9
29853,4FQY,H:F29S;H:S31N;H:I52S;H:T57S;H:A58T;H:K74I;H:S75F,4.752169836333488,Phillips et al. 2021,7
43266,4FQY,H:F29S;H:S30N;H:S31N;H:I52S;H:A58T;H:N59A;H:S75F;H:T76S,5.03166064948981,Phillips et al. 2021,8
29164,4FQY,H:F29S;H:S30N;H:S31N;H:T57S;H:N59A;H:S77N;H:S84N;H:Y95F,5.031660649487435,Phillips et al. 2021,8
181,4FQY,H:F29S;H:S30N;H:I52S;H:T57S;H:N59A;H:T71S;H:K74I;H:S75F;H:T76S;H:S84N;H:R87T,1.7115237139371637,Phillips et al. 2021,11
35465,4FQY,H:F29S;H:S31N;H:A58T;H:T71S;H:K74I;H:S75F;H:T76S;H:S77N;H:S84N;H:R87T;H:Y95F,5.03166064948981,Phillips et al. 2021,11
11425,4FQY,H:F29S;H:S30N;H:S31N;H:I52S;H:A58T;H:N59A;H:K74I;H:S75F;H:S77N;H:R87T,3.22560799879354,Phillips et al. 2021,10
6124,4FQY,H:F29S;H:A58T;H:K74I;H:T76S;H:S77N;H:S84N;H:R87T;H:Y106S,5.03166064948981,Phillips et al. 2021,8
51835,4FQY,H:F29S;H:I52S;H:T71S;H:K74I;H:Y95F;H:Y106S,5.031660649489793,Phillips et al. 2021,6
53820,4FQY,H:F29S;H:I52S;H:T71S;H:S84N,5.03166064948981,Phillips et al. 2021,4
55149,4FQY,H:F29S;H:S30N;H:S31N;H:T71S;H:S84N;H:R87T;H:Y95F,5.03166064948981,Phillips et al. 2021,7
