#PDB,Mutations,ddG(kcal/mol),Source,LD,Interface?
1C08,H:Y50A,7.32319995,SiPMAB,1,TRUE
1DQJ,H:Y50A,6.9,AB-Bind,1,TRUE
1C08,H:Y33A,6.038076411,SiPMAB,1,TRUE
3HFM,H:Y33A,6,AB-Bind,1,TRUE
1C08,L:N31E,5.71020606,SiPMAB,1,TRUE
3HFM,L:N31E,5.67,AB-Bind,1,TRUE
3HFM,H:C95A,5.52,AB-Bind,1,FALSE
1C08,H:W98A,5.513423007,SiPMAB,1,TRUE
1DQJ,H:Y33A,5.5,AB-Bind,1,TRUE
3HFM,L:N31A,5.22,AB-Bind,1,TRUE
1C08,L:N31A,5.216723064,SiPMAB,1,TRUE
3HFM,L:N32A,5.11,AB-Bind,1,TRUE
1C08,L:N32A,5.109884748,SiPMAB,1,TRUE
1DQJ,H:W98A,4.9,AB-Bind,1,TRUE
1DVF,D:Y102A,4.79,AB-Bind,1,FALSE
1BJ1,H:Y99A,4.61750359,SKEMPI 2.0,1,TRUE
3HFM,L:Y50A,4.57,AB-Bind,1,TRUE
1C08,L:Y50A,4.559861301,SiPMAB,1,TRUE
3HFM,L:Y50L,4.4,AB-Bind,1,TRUE
1C08,L:Y50L,4.395369717,SiPMAB,1,TRUE
3GBN,H:P28T;H:R30S;H:K58N;H:F74S,4.349563106,Phillips et al. 2021,4,TRUE
1DVF,B:D54A,4.32,AB-Bind,1,TRUE
1DVF,B:E98A,4.23,AB-Bind,1,TRUE
1XGU,B:F33A,4.224178772,SKEMPI 2.0,1,TRUE
3GBN,H:P28T;H:R30S;H:F74S;H:G76S,4.221874454,Phillips et al. 2021,4,TRUE
1DVF,B:W52A,4.17,AB-Bind,1,TRUE
3GBN,H:P28T;H:R30S;H:P61Q;H:F74S,4.131190918,Phillips et al. 2021,4,TRUE
1DVF,D:R106A,4.13,AB-Bind,1,FALSE
1DQJ,L:N32A,4.1,AB-Bind,1,TRUE
3GBN,H:P28T;H:R30S;H:F74S,4.073033154,Phillips et al. 2021,3,TRUE
1VFB,H:Y101A,4,AB-Bind,1,TRUE
2B2X,H:V50T;H:E64K;L:Q28S;L:Y52N;H:S35Q,3.92216089,SKEMPI 2.0,5,TRUE
2B2X,H:V50T;H:E64K;L:Q28S;L:Y52N;L:S91R,3.92216089,SKEMPI 2.0,5,TRUE
2B2X,H:V50T;H:E64K;L:Q28S;L:Y52N;L:S91R;L:N30E,3.92216089,SKEMPI 2.0,6,TRUE
2B2X,H:V50T;H:E64K;L:Q28S;L:Y52N;H:T33N,3.92216089,SKEMPI 2.0,5,TRUE
2B2X,H:V50T;H:E64K;L:Q28S;L:Y52N;H:G100L,3.92216089,SKEMPI 2.0,5,TRUE
2B2X,H:E64K;L:Q28S;L:Y52N;H:S35V,3.92216089,SKEMPI 2.0,4,TRUE
3GBN,H:P28T;H:R30S;H:F74S;H:V78A,3.919272534,Phillips et al. 2021,4,TRUE
3GBN,H:P28T;H:R30S;H:T57A;H:F74S,3.893936424,Phillips et al. 2021,4,TRUE
1C08,L:N31A,3.884481529,SiPMAB,1,TRUE
1C08,L:N32A,3.722874701,SiPMAB,1,TRUE
2BDN,L:N31K,3.630299433,SKEMPI 2.0,1,TRUE
4FQY,H:S52I,3.549578732,Phillips et al. 2021,1,TRUE
2B2X,H:V50T;H:E64K;L:Q28S;L:Y52N;L:S91T,3.495159131,SKEMPI 2.0,5,TRUE
4FQY,H:S29F;H:N31S;H:I73K,3.494379128,Phillips et al. 2021,3,TRUE
4FQY,H:S29F;H:I73K;H:N76S,3.460016146,Phillips et al. 2021,3,TRUE
1VFB,L:W92A,3.3,AB-Bind,1,TRUE
4FQY,H:I73K,3.261608526,Phillips et al. 2021,1,TRUE
4FQY,H:S29F;H:I73K,3.259443923,Phillips et al. 2021,2,TRUE
1C08,H:Y53A,3.252089286,SiPMAB,1,TRUE
3HFM,H:C95F,3.25,AB-Bind,1,FALSE
1C08,H:W98F,3.247175527,SiPMAB,1,TRUE
2B2X,H:V50T;H:E64K;L:Q28S;L:Y52N;H:S52M,3.244653942,SKEMPI 2.0,5,TRUE
2B2X,H:V50T;H:E64K;L:Q28S;L:Y52N;H:Y58Q,3.244653942,SKEMPI 2.0,5,TRUE
2B2X,H:V50T;H:E64K;L:Q28S;L:Y52N;H:Y58E,3.244653942,SKEMPI 2.0,5,TRUE
2B2X,H:V50T;H:E64K;L:Q28S;L:Y52N;L:W90Q,3.244653942,SKEMPI 2.0,5,TRUE
2B2X,H:E64K;L:Q28S;L:Y52N;H:S35A,3.244653942,SKEMPI 2.0,4,TRUE
3GBN,H:P28T;H:R30S;H:F74S;H:V100L,3.239128394,Phillips et al. 2021,4,TRUE
1NMB,H:D56N,3.072566483,SKEMPI 2.0,1,TRUE
1NMB,H:D56E,3.072566483,SKEMPI 2.0,1,TRUE
2B2X,H:V50T;H:E64K;L:Q28S;L:Y52N;L:N30Y,3.069605159,SKEMPI 2.0,5,TRUE
2B2X,H:V50T;H:E64K;L:Q28S;L:Y52N;L:L49W,3.069605159,SKEMPI 2.0,5,TRUE
2B2X,H:V50T;H:E64K;L:Q28S;L:Y52N;H:T33I;H:S52T;H:G53N;H:G54N,3.069605159,SKEMPI 2.0,8,TRUE
4FQY,H:N31S;H:S56T;H:T57A,3.060902299,Phillips et al. 2021,3,TRUE
4FQY,H:S56T;H:A58N;H:I73K,3.036658943,Phillips et al. 2021,3,TRUE
1XGU,B:F33V,3.025186819,SKEMPI 2.0,1,TRUE
4FQY,H:S29F;H:I73K;H:S100BY,3.023783729,Phillips et al. 2021,3,TRUE
1CZ8,L:L4M;H:D28T;H:H31N;H:Y101H;H:T105S,2.939849162,SKEMPI 2.0,5,TRUE
1JRH,L:W92A,2.931900235,SKEMPI 2.0,1,TRUE
2B2X,H:V50T;H:E64K;L:Q28S;L:Y52N;L:S91Q,2.930693509,SKEMPI 2.0,5,TRUE
1VFB,H:D100A,2.9,AB-Bind,1,TRUE
1C08,H:Y50L,2.850590941,SiPMAB,1,TRUE
1DVF,B:D100A,2.82,AB-Bind,1,TRUE
2B2X,H:E64K;L:Q28S;L:Y52N;H:G102S,2.819825143,SKEMPI 2.0,4,TRUE
2B2X,H:V50T;H:E64K;L:Q28S;L:Y52N;H:T33E;H:G53Q,2.819825143,SKEMPI 2.0,6,TRUE
1JRH,H:W52A,2.794436372,SKEMPI 2.0,1,TRUE
4FQY,H:N30S;H:S56T;H:T57A;H:N76S,2.737714237,Phillips et al. 2021,4,TRUE
1MHP,H:T50V;H:S35V,2.73,AB-Bind,2,TRUE
1MHP,H:G100L,2.73,AB-Bind,1,TRUE
1MHP,H:S35Q,2.73,AB-Bind,1,FALSE
1MHP,H:T33N,2.73,AB-Bind,1,TRUE
1MHP,L:S91R,2.73,AB-Bind,1,TRUE
2B2X,H:V50T;H:E64K;L:Q28S;L:Y52N;L:N30W,2.721237319,SKEMPI 2.0,5,TRUE
2B2X,H:V50T;H:E64K;L:Q28S;L:Y52N;L:G92Q,2.721237319,SKEMPI 2.0,5,TRUE
2B2X,H:V50T;H:E64K;L:Q28S;L:Y52N;H:S35A,2.721237319,SKEMPI 2.0,5,TRUE
2B2X,H:V50T;H:E64K;L:Q28S;L:Y52N;H:S35A;H:G102S,2.721237319,SKEMPI 2.0,6,TRUE
3HFM,L:Y96A,2.71,AB-Bind,1,TRUE
1DVF,D:I101A,2.71,AB-Bind,1,FALSE
1C08,L:Y96A,2.708390727,SiPMAB,1,TRUE
3SE8,H:R71A,2.705555743,SKEMPI 2.0,1,TRUE
1DQJ,L:Y50A,2.7,AB-Bind,1,TRUE
1C08,L:N32D,2.699135326,SiPMAB,1,TRUE
4FQY,H:F74S,2.673682013,Phillips et al. 2021,1,TRUE
4FQY,H:F74S;H:T83R,2.671359868,Phillips et al. 2021,2,TRUE
2B2X,H:V50T;H:E64K;L:Q28S;L:Y52N;H:S35V;H:G102S,2.568307372,SKEMPI 2.0,6,TRUE
4FQY,H:N31S;H:S56T;H:T57A;H:N82AS,2.520978451,Phillips et al. 2021,4,TRUE
1JRH,H:W53A,2.518820725,SKEMPI 2.0,1,TRUE
2B2X,H:V50T;H:E64K;L:Q28S;L:Y52N;H:G54I,2.50369175,SKEMPI 2.0,5,TRUE
3BE1,H:R58A,2.5,AB-Bind,1,TRUE
2B2X,H:V50T;H:E64K;L:Q28S;L:Y52N;H:R31Q,2.445194889,SKEMPI 2.0,5,TRUE
3BE1,H:R50A,2.4,AB-Bind,1,TRUE
3BE1,H:Y33A,2.4,AB-Bind,1,TRUE
2B2X,H:V50T;H:E64K;L:Q28S;L:Y52N;L:H31W,2.39108563,SKEMPI 2.0,5,TRUE
2B2X,H:V50T;H:E64K;L:Q28S;L:Y52N;H:G53N,2.39108563,SKEMPI 2.0,5,TRUE
2B2X,H:V50T;H:E64K;L:Q28S;L:Y52N;H:T33I;H:S52T;H:G53Q;H:G54F,2.39108563,SKEMPI 2.0,8,TRUE
4FQY,H:N31S;H:S56T;H:T57A;H:N76S,2.378505204,Phillips et al. 2021,4,TRUE
3HFM,L:Y50F,2.36,AB-Bind,1,TRUE
3GBN,H:P28T;H:R30S;H:A75T;H:G76S,2.359412278,Phillips et al. 2021,4,TRUE
1C08,L:Y50F,2.356037946,SiPMAB,1,TRUE
1XGR,B:I33A,2.351222274,SKEMPI 2.0,1,TRUE
4FQY,H:N30S;H:S56T;H:T57A;H:T83R,2.350029095,Phillips et al. 2021,4,TRUE
1BJ1,H:Y27A,2.332831854,SKEMPI 2.0,1,FALSE
1MHP,L:S91T,2.32,AB-Bind,1,TRUE
2B2X,H:V50T;H:E64K;L:Q28S;L:Y52N;L:H31K,2.296268675,SKEMPI 2.0,5,TRUE
2B2X,H:V50T;H:E64K;L:Q28S;L:Y52N;H:G54T,2.296268675,SKEMPI 2.0,5,TRUE
4FQY,H:N30S;H:S56T;H:T57A,2.295210576,Phillips et al. 2021,3,TRUE
1XGT,B:L33A,2.287437766,SKEMPI 2.0,1,TRUE
4FQY,H:S29F;H:S56T;H:T57A;H:N76S,2.282421284,Phillips et al. 2021,4,TRUE
2B2X,H:V50T;H:E64K;L:Q28S;L:Y52N;L:H31R,2.254273999,SKEMPI 2.0,5,TRUE
1NMB,H:Y99A,2.226819678,SKEMPI 2.0,1,TRUE
4FQY,H:A58N;H:I73K,2.194956843,Phillips et al. 2021,2,TRUE
2B2X,H:V50T;H:E64K;L:Q28S;L:Y52N;L:N30V,2.176807067,SKEMPI 2.0,5,TRUE
4FQY,H:S56T;H:T57A;H:N76S;H:T83R,2.164202429,Phillips et al. 2021,4,TRUE
4FQY,H:N31S;H:T57A;H:N76S,2.110163636,Phillips et al. 2021,3,TRUE
1MHP,H:T50V;H:S35A,2.08,AB-Bind,2,TRUE
1MHP,H:S52M,2.08,AB-Bind,1,TRUE
1MHP,H:Y58E,2.08,AB-Bind,1,TRUE
1MHP,H:Y58Q,2.08,AB-Bind,1,TRUE
1MHP,L:W90Q,2.08,AB-Bind,1,TRUE
1DVF,A:Y32A,2.05,AB-Bind,1,TRUE
2B2X,H:V50T;H:E64K;L:Q28S;L:Y52N;L:L49K,2.04699589,SKEMPI 2.0,5,TRUE
4FQY,H:N31S;H:T57A,2.032665818,Phillips et al. 2021,2,TRUE
1DVF,B:Y101F,2.03,AB-Bind,1,TRUE
1C08,H:Y33L,2.007377173,SiPMAB,1,TRUE
4FQY,H:S29F;H:N30S,2.006946239,Phillips et al. 2021,2,TRUE
1DQJ,H:D32A,2,AB-Bind,1,TRUE
1DQJ,L:N31A,2,AB-Bind,1,TRUE
3BDY,H:W95A,2,AB-Bind,1,TRUE
3BDY,L:H91A,2,AB-Bind,1,TRUE
2B2X,H:V50T;H:E64K;L:Q28S;L:Y52N;L:W90Q;L:F33Y,1.991316297,SKEMPI 2.0,6,TRUE
2B2X,H:V50T;H:E64K;L:Q28S;L:Y52R,1.964083871,SKEMPI 2.0,4,TRUE
1JRH,H:D54A,1.962050276,SKEMPI 2.0,1,TRUE
3GBN,H:P28T;H:D73E;H:F74S;H:V78A,1.945927898,Phillips et al. 2021,4,TRUE
4FQY,H:N30S;H:S56T;H:T57A;H:S70T,1.945913942,Phillips et al. 2021,4,TRUE
4FQY,H:S56T;H:T57A;H:N76S;H:N82AS,1.941034517,Phillips et al. 2021,4,TRUE
2B2X,H:V50T;H:E64K;L:Q28S;L:Y52N;H:Y58W,1.939226128,SKEMPI 2.0,5,TRUE
1XGU,B:F33L,1.936741006,SKEMPI 2.0,1,TRUE
1JRH,H:D56A,1.929332854,SKEMPI 2.0,1,TRUE
2B2X,H:V50T;H:E64K;L:Q28S;L:Y52N;L:L49K,1.915209794,SKEMPI 2.0,5,TRUE
1MHP,H:T33I;H:S52T;H:G53N;H:G54N,1.91,AB-Bind,4,TRUE
1MHP,L:L49W,1.91,AB-Bind,1,TRUE
1MHP,L:N30Y,1.91,AB-Bind,1,TRUE
1MLC,H:T28D;H:E35S;H:S57V;H:T58D;L:N92A,1.91,AB-Bind,5,TRUE
1VFB,H:Y32E,1.91,AB-Bind,1,TRUE
3NGB,H:T33Y;H:G55S;H:A56G;H:V57T;H:P62K;H:V73T;H:Y74S,1.91,AB-Bind,7,TRUE
3BE1,H:F100A,1.9,AB-Bind,1,TRUE
3HFM,H:D32A,1.9,AB-Bind,1,TRUE
1C08,H:D32A,1.899170525,SiPMAB,1,TRUE
1DVF,B:R99A,1.89,AB-Bind,1,TRUE
4FQY,H:N30S;H:S56T;H:T57A;H:F91Y,1.881514572,Phillips et al. 2021,4,TRUE
1DVF,C:Y49A,1.88,AB-Bind,1,TRUE
1DVF,D:H33A,1.88,AB-Bind,1,TRUE
1DVF,D:N55A,1.88,AB-Bind,1,FALSE
1XGU,B:F33I,1.872956498,SKEMPI 2.0,1,TRUE
2B2X,H:V50T;H:E64K;L:Q28S;L:Y52N;H:F99Y,1.870280963,SKEMPI 2.0,5,TRUE
2B2X,H:V50T;H:E64K;L:Q28S;L:Y52N;H:F99Y,1.870280963,SKEMPI 2.0,5,TRUE
1DVF,B:Y32A,1.85,AB-Bind,1,TRUE
4FQY,H:S29F;H:A58N;H:I73K,1.848879578,Phillips et al. 2021,3,TRUE
4FQY,H:S56T;H:T57A;H:S70T;H:N76S,1.839019104,Phillips et al. 2021,4,TRUE
3GBN,H:R30S;H:F74S;H:G76S;H:V78A,1.831006794,Phillips et al. 2021,4,TRUE
2B2X,H:V50T;H:E64K;L:Q28S;L:Y52N;L:L49F,1.826184802,SKEMPI 2.0,5,TRUE
4FQY,H:N30S;H:N31S;H:N76S,1.824112003,Phillips et al. 2021,3,TRUE
3BE1,H:G99A,1.8,AB-Bind,1,TRUE
3BE1,H:W95A,1.8,AB-Bind,1,TRUE
3BE1,H:Y56A,1.8,AB-Bind,1,TRUE
2B2X,H:V50T;H:E64K;L:Q28S;L:Y52N;H:G53S,1.788021175,SKEMPI 2.0,5,TRUE
5C6T,H:Y103A,1.785808179,SKEMPI 2.0,1,TRUE
1MHP,L:S91Q,1.78,AB-Bind,1,TRUE
1MLC,H:T28D;H:S57V;H:T58D;L:S91N;L:N92A,1.78,AB-Bind,5,TRUE
1MLC,H:T28D;H:Y32R;H:S57V;H:T58D;H:R98S;L:N92A,1.78,AB-Bind,6,TRUE
4FQY,H:N30S;H:N31S,1.778361868,Phillips et al. 2021,2,TRUE
4FQY,H:S56T;H:T57A;H:N76S,1.7747017,Phillips et al. 2021,3,TRUE
2B2X,H:V50T;H:E64K;L:Q28S;L:Y52K,1.769209536,SKEMPI 2.0,4,TRUE
1JRH,H:H100bA,1.766137641,SKEMPI 2.0,1,FALSE
1DVF,A:Y49A,1.75,AB-Bind,1,TRUE
1C08,H:Y33W,1.749877564,SiPMAB,1,TRUE
3GBN,H:P28T;H:D73E;H:F74S;H:G76S,1.735486424,Phillips et al. 2021,4,TRUE
1JRH,L:W96A,1.733154745,SKEMPI 2.0,1,TRUE
1JRH,H:D55A,1.733154745,SKEMPI 2.0,1,FALSE
1VFB,L:Y32A,1.7,AB-Bind,1,TRUE
3BDY,L:Y32A,1.7,AB-Bind,1,TRUE
1DVF,D:D52A,1.7,AB-Bind,1,TRUE
2B2X,H:V50T;H:E64K;L:Q28S;L:Y52N;H:G100F,1.682155691,SKEMPI 2.0,5,TRUE
1C08,H:Y58A,1.676019821,SiPMAB,1,TRUE
1MHP,H:T33E;H:G53Q,1.67,AB-Bind,2,TRUE
1MHP,H:T50V;H:G102S,1.67,AB-Bind,2,TRUE
1VFB,L:T53R,1.67,AB-Bind,1,TRUE
1VFB,L:Y50K,1.67,AB-Bind,1,TRUE
3NGB,H:A56G;H:V57T;H:P62K;H:V73T,1.67,AB-Bind,4,TRUE
1DVF,A:H30A,1.67,AB-Bind,1,TRUE
2B2X,H:V50T;H:E64K;L:Q28S;L:Y52N;H:G100S,1.665429777,SKEMPI 2.0,5,TRUE
2B2X,H:V50T;H:E64K;L:Q28S;L:Y52N;H:Y59E,1.651136019,SKEMPI 2.0,5,TRUE
1DVF,A:Y49A,1.64,AB-Bind,1,TRUE
1DVF,D:Q104A,1.64,AB-Bind,1,FALSE
1DVF,B:D58A,1.62,AB-Bind,1,TRUE
2B2X,H:V50T;H:E64K;L:Q28S;L:Y52N;L:G92S,1.61847118,SKEMPI 2.0,5,TRUE
2B2X,H:V50T;H:E64K;L:Q28S;L:Y52N;H:G53A,1.61847118,SKEMPI 2.0,5,TRUE
1C08,H:Y50F,1.610236294,SiPMAB,1,TRUE
2B2X,H:V50T;H:E64K;L:Q28S;L:Y52D,1.606150103,SKEMPI 2.0,4,TRUE
1VFB,H:Y101F,1.6,AB-Bind,1,TRUE
5C6T,H:N102A,1.587341803,SKEMPI 2.0,1,TRUE
1MHP,H:S35A;H:G102S,1.58,AB-Bind,2,FALSE
1MHP,H:S35A,1.58,AB-Bind,1,FALSE
1MHP,L:G92Q,1.58,AB-Bind,1,FALSE
1MHP,L:N30W,1.58,AB-Bind,1,TRUE
3GBN,H:P28T;H:R30S;H:G76S,1.57141701,Phillips et al. 2021,3,TRUE
4FQY,H:N31S;H:F91Y,1.568791184,Phillips et al. 2021,2,TRUE
3SE8,L:E96A,1.548456301,SKEMPI 2.0,1,TRUE
2B2X,H:V50T;H:E64K;L:Q28S;L:Y52N;H:T33V,1.537082112,SKEMPI 2.0,5,TRUE
2B2X,H:V50T;H:E64K;L:Q28S;L:Y52N;L:N30Y;L:S91I,1.537082112,SKEMPI 2.0,6,TRUE
5C6T,H:F104A,1.518823106,SKEMPI 2.0,1,TRUE
1C08,H:Y58L,1.514412993,SiPMAB,1,TRUE
3SE8,H:W47A,1.509226073,SKEMPI 2.0,1,TRUE
1JRH,H:Y32A,1.491027414,SKEMPI 2.0,1,TRUE
1NMB,H:Y100aF,1.476567661,SKEMPI 2.0,1,FALSE
2BDN,H:N28Q,1.455815927,SKEMPI 2.0,1,TRUE
1MHP,H:S35V;H:G102S,1.43,AB-Bind,2,FALSE
1C08,L:Y96F,1.40247624,SiPMAB,1,TRUE
4FQY,H:T57A;H:N76S,1.400047581,Phillips et al. 2021,2,TRUE
1DQJ,L:S91A,1.4,AB-Bind,1,TRUE
3BDY,L:Y92A,1.4,AB-Bind,1,TRUE
3BE1,L:T94A,1.4,AB-Bind,1,TRUE
3BE1,L:W50A,1.4,AB-Bind,1,TRUE
3HFM,L:Y96F,1.4,AB-Bind,1,TRUE
1BJ1,H:Y54A,1.381122353,SKEMPI 2.0,1,TRUE
3SE8,H:W50A,1.364333639,SKEMPI 2.0,1,TRUE
1MHP,H:G54I,1.36,AB-Bind,1,TRUE
1N8Z,L:Y92A,1.36,AB-Bind,1,TRUE
3BN9,H:Q100aV,1.36,AB-Bind,1,FALSE
3BN9,H:S30G,1.36,AB-Bind,1,TRUE
3BN9,H:S30N,1.36,AB-Bind,1,TRUE
1C08,L:N31D,1.344152347,SiPMAB,1,TRUE
3HFM,L:N31D,1.34,AB-Bind,1,TRUE
3GBN,H:P28T;H:R30S;H:D73E,1.326158031,Phillips et al. 2021,3,TRUE
1MHP,H:R31Q,1.31,AB-Bind,1,TRUE
3GBN,H:P28T;H:D73E;H:F74S,1.309446727,Phillips et al. 2021,3,TRUE
4FQY,H:N31S;H:N76S,1.307752453,Phillips et al. 2021,2,TRUE
1JRH,H:Y58A,1.306152986,SKEMPI 2.0,1,TRUE
3BDY,L:S30A,1.3,AB-Bind,1,TRUE
3BDY,L:W50A,1.3,AB-Bind,1,TRUE
2B2X,H:V50T;H:E64K;L:Q28S;L:Y52N;H:G100F,1.29765584,SKEMPI 2.0,5,TRUE
3SE8,H:V57A,1.278555837,SKEMPI 2.0,1,TRUE
1MHP,H:T33I;H:S52T;H:G53Q;H:G54F,1.26,AB-Bind,4,TRUE
1MHP,H:G53N,1.26,AB-Bind,1,TRUE
1MHP,L:H31W,1.26,AB-Bind,1,TRUE
1VFB,H:R99Y,1.26,AB-Bind,1,TRUE
4FQY,H:N31S,1.256795968,Phillips et al. 2021,1,TRUE
3SE8,H:R61A,1.234034578,SKEMPI 2.0,1,TRUE
1N8Z,H:D98A,1.21,AB-Bind,1,FALSE
1N8Z,L:F53N,1.21,AB-Bind,1,TRUE
1C08,L:Y50F,1.200029581,SiPMAB,1,TRUE
1DQJ,H:Y53A,1.2,AB-Bind,1,TRUE
3BDY,L:G31A,1.2,AB-Bind,1,TRUE
3BE1,H:Y100aA,1.2,AB-Bind,1,TRUE
1XGQ,B:V33A,1.198991953,SKEMPI 2.0,1,TRUE
2B2X,H:V50T;H:E64K;L:Q28S;L:Y52N;H:G100M,1.191469421,SKEMPI 2.0,5,TRUE
2B2X,H:V50T;H:E64K;L:Q28S;L:Y52N;H:G100M,1.191469421,SKEMPI 2.0,5,TRUE
3SE8,H:S58A,1.177427331,SKEMPI 2.0,1,TRUE
3GBN,H:P28T;H:F74S;H:G76S,1.170125759,Phillips et al. 2021,3,TRUE
1MHP,H:G54T,1.17,AB-Bind,1,TRUE
1MHP,L:H31K,1.17,AB-Bind,1,TRUE
1N8Z,H:F100A,1.17,AB-Bind,1,FALSE
1DVF,A:S93A,1.17,AB-Bind,1,TRUE
1DVF,B:N56A,1.17,AB-Bind,1,TRUE
1JRH,L:Y30A,1.15309251,SKEMPI 2.0,1,TRUE
1XGR,B:I33V,1.152230322,SKEMPI 2.0,1,TRUE
3SE8,H:Q62A,1.140170918,SKEMPI 2.0,1,TRUE
3SE8,H:K52A,1.137090745,SKEMPI 2.0,1,TRUE
2B2X,H:V50T;H:E64Q;L:Q28S;L:Y52N;H:L60D,1.12994307,SKEMPI 2.0,5,TRUE
3GBN,H:R30S;H:F74S;H:G76S,1.128979909,Phillips et al. 2021,3,TRUE
2BDN,H:D31E,1.128931244,SKEMPI 2.0,1,TRUE
1MHP,L:H31R,1.12,AB-Bind,1,TRUE
1N8Z,L:N30A,1.12,AB-Bind,1,TRUE
1JRH,H:Y99A,1.103783535,SKEMPI 2.0,1,TRUE
1DQJ,L:Y96A,1.1,AB-Bind,1,TRUE
1VFB,H:Y32A,1.1,AB-Bind,1,TRUE
3BDY,L:I27bA,1.1,AB-Bind,1,FALSE
3SE8,H:F100dA,1.092268558,SKEMPI 2.0,1,FALSE
1XGT,B:L33V,1.088445813,SKEMPI 2.0,1,TRUE
2B2X,H:V50T;H:E64K;L:Q28S;L:Y52N,1.08522261,SKEMPI 2.0,4,TRUE
2B2X,H:V50T;H:E64K;L:Q28S;L:Y52N;H:F99W,1.08522261,SKEMPI 2.0,5,TRUE
2B2X,H:V50T;H:E64K;L:Q28S;L:Y52N;H:G54Y,1.08522261,SKEMPI 2.0,5,TRUE
2B2X,H:V50T;H:E64K;L:Q28S;L:Y52N;H:F99W,1.08522261,SKEMPI 2.0,5,TRUE
2B2X,H:E64K;L:Q28S;L:Y52N,1.08522261,SKEMPI 2.0,3,TRUE
2B2X,H:V50T;H:E64K;L:Q28S;L:Y52N;H:L60D,1.08522261,SKEMPI 2.0,5,TRUE
2B2X,H:V50T;L:Q28S;L:Y52N,1.08522261,SKEMPI 2.0,3,TRUE
2B2X,H:V50T;H:E64Q;L:Q28S;L:Y52N,1.08522261,SKEMPI 2.0,4,TRUE
2B2X,H:V50T;H:E64N;L:Q28S;L:Y52N,1.08522261,SKEMPI 2.0,4,TRUE
2B2X,H:V50T;H:E64K;L:Q28S,1.08522261,SKEMPI 2.0,3,TRUE
2B2X,H:V50T;H:E64K;L:Q28S;L:Y52E,1.08522261,SKEMPI 2.0,4,TRUE
2B2X,H:V50T;H:E64K;L:Q28S;L:Y52N;H:F99W,1.08522261,SKEMPI 2.0,5,TRUE
2B2X,H:V50T;H:E64K;L:Q28S;L:Y52N;H:G54Y,1.08522261,SKEMPI 2.0,5,TRUE
2B2X,H:V50T;H:E64K;L:Q28S;L:Y52N;H:F99W,1.08522261,SKEMPI 2.0,5,TRUE
2B2X,L:Q28S;L:Y52N,1.08522261,SKEMPI 2.0,2,TRUE
1C08,H:Y33F,1.070841581,SiPMAB,1,TRUE
1C08,L:N92D,1.065604077,SiPMAB,1,TRUE
1MHP,L:N30V,1.05,AB-Bind,1,TRUE
1N8Z,L:Y49A,1.05,AB-Bind,1,TRUE
2B2X,H:V50T;H:E64K;L:Q28S;L:Y52N;L:S24R,1.015466341,SKEMPI 2.0,5,TRUE
1DVF,D:K30A,1.01,AB-Bind,1,TRUE
2B2X,H:V50T;H:E64N;L:Q28S;L:Y52N,1.009758513,SKEMPI 2.0,4,TRUE
1VFB,H:D54A,1,AB-Bind,1,TRUE
3BDY,L:G51A,1,AB-Bind,1,FALSE
3BDY,L:S28A,1,AB-Bind,1,TRUE
2B2X,H:V50T;H:E64K;L:Q28S,0.977815114,SKEMPI 2.0,3,TRUE
2B2X,H:V50T;H:E64K;L:Q28S;L:Y52N;H:L60D,0.95764425,SKEMPI 2.0,5,TRUE
2B2X,H:V50T;H:E64D;L:Q28S;L:Y52N,0.95764425,SKEMPI 2.0,4,TRUE
1C08,L:Q53A,0.953561706,SiPMAB,1,TRUE
3HFM,L:Q53A,0.95,AB-Bind,1,TRUE
1C08,L:N31D,0.948641163,SiPMAB,1,TRUE
2B2X,H:V50T;L:Q28S;L:Y52N;H:L60D,0.937712021,SKEMPI 2.0,4,TRUE
1NMB,L:L94V,0.936263305,SKEMPI 2.0,1,TRUE
1MHP,L:L49K,0.93,AB-Bind,1,TRUE
4FQY,H:N30S,0.926656018,Phillips et al. 2021,1,TRUE
2B2X,H:V50T;L:Q28S;L:Y52N,0.923742413,SKEMPI 2.0,3,TRUE
2B2X,H:V50T;H:E64Q;L:Q28S;L:Y52N,0.923742413,SKEMPI 2.0,4,TRUE
1DVF,B:T30A,0.92,AB-Bind,1,TRUE
2BDN,H:L27K,0.909207594,SKEMPI 2.0,1,FALSE
2B2X,H:V50T;H:E64K;L:Q28S;L:Y52E,0.900710448,SKEMPI 2.0,4,TRUE
1VFB,H:W52A,0.9,AB-Bind,1,TRUE
3BE1,L:H91A,0.9,AB-Bind,1,TRUE
3BE1,L:I29A,0.9,AB-Bind,1,FALSE
3BE1,L:Y53A,0.9,AB-Bind,1,TRUE
1BJ1,H:T59A,0.884922073,SKEMPI 2.0,1,TRUE
3SE8,H:Y59A,0.87562094,SKEMPI 2.0,1,TRUE
3SE8,L:D50A,0.87562094,SKEMPI 2.0,1,FALSE
1MHP,L:W90Q;L:F33Y,0.87,AB-Bind,2,TRUE
1N8Z,H:Y56A,0.87,AB-Bind,1,FALSE
3NGB,H:I30T;H:K52N;H:R53N;H:G54S;H:A56G;H:V57T;H:R61Q;H:P62K;H:V73T;H:Y74S;L:Y28S,0.87,AB-Bind,11,TRUE
2B2X,H:V50T;H:E64D;L:Q28S;L:Y52N,0.856109617,SKEMPI 2.0,4,TRUE
3SE8,L:F97A,0.851554078,SKEMPI 2.0,1,TRUE
1MHP,L:N52R,0.85,AB-Bind,1,FALSE
1VFB,L:Y50R,0.85,AB-Bind,1,TRUE
3SE8,H:Y100A,0.84909486,SKEMPI 2.0,1,TRUE
3G6D,L:T89S;L:M92I;L:V93D;L:T94K,0.830110034,SKEMPI 2.0,4,TRUE
1BJ1,H:H107A,0.821450789,SKEMPI 2.0,1,TRUE
1MHP,H:Y58W,0.82,AB-Bind,1,TRUE
1N8Z,H:Y100aF,0.82,AB-Bind,1,FALSE
1N8Z,L:T93A,0.82,AB-Bind,1,TRUE
2B2X,H:E64K;L:Q28S;L:Y52N,0.811426259,SKEMPI 2.0,3,TRUE
4FQY,H:S29F;H:N76S,0.810704073,Phillips et al. 2021,2,TRUE
1C08,H:Y53L,0.807103054,SiPMAB,1,TRUE
4FQY,H:N76S,0.805839359,Phillips et al. 2021,1,TRUE
1N8Z,L:T31A,0.8,AB-Bind,1,TRUE
3BDY,H:G99A,0.8,AB-Bind,1,TRUE
3BDY,L:I29A,0.8,AB-Bind,1,TRUE
1N8Z,H:T53A,0.78,AB-Bind,1,FALSE
3SE8,H:W54A,0.778688938,SKEMPI 2.0,1,TRUE
1MHP,H:F99Y,0.76,AB-Bind,1,FALSE
1NCA,H:D97K,0.7429182,SKEMPI 2.0,1,TRUE
3NGB,H:G54S,0.73,AB-Bind,1,TRUE
1MHP,L:L49F,0.71,AB-Bind,1,TRUE
1VFB,H:R99W,0.71,AB-Bind,1,TRUE
2B2X,L:Q28S;L:Y52N,0.709644677,SKEMPI 2.0,2,TRUE
2B2X,H:V50T;H:E64K;L:Q28S;L:Y52N;L:S24R,0.706972077,SKEMPI 2.0,5,TRUE
1C08,H:Y53W,0.706466807,SiPMAB,1,TRUE
2BDN,L:Y30K,0.701929485,SKEMPI 2.0,1,TRUE
3BDY,H:F100A,0.7,AB-Bind,1,TRUE
3BDY,L:Y53A,0.7,AB-Bind,1,TRUE
1BJ1,H:L72V;H:T74V,0.697666261,SKEMPI 2.0,2,FALSE
1DVF,A:Y50A,0.69,AB-Bind,1,TRUE
1MHP,H:G53S,0.68,AB-Bind,1,TRUE
2BDN,H:L27R,0.676781776,SKEMPI 2.0,1,FALSE
3GBN,H:P28T;H:R30S,0.673994409,Phillips et al. 2021,2,TRUE
1MHP,L:N52K,0.66,AB-Bind,1,FALSE
2NYY,L:D30Y,0.65,AB-Bind,1,TRUE
1C08,H:Y53F,0.620260404,SiPMAB,1,TRUE
1N8Z,H:K30A,0.61,AB-Bind,1,FALSE
1JRH,L:Y91A,0.604223501,SKEMPI 2.0,1,TRUE
5C6T,L:Y50A,0.573870893,SKEMPI 2.0,1,TRUE
1MHP,H:G100F,0.57,AB-Bind,1,TRUE
1NCA,H:N98Q,0.564465622,SKEMPI 2.0,1,TRUE
1JRH,L:E27A,0.564465622,SKEMPI 2.0,1,TRUE
1JRH,H:R95A,0.564465622,SKEMPI 2.0,1,TRUE
3SE8,H:Q64A,0.56250685,SKEMPI 2.0,1,TRUE
1MHP,H:G100S,0.56,AB-Bind,1,TRUE
1MHP,H:Y59E,0.54,AB-Bind,1,TRUE
1MLC,H:T31V,0.53,AB-Bind,1,TRUE
2NYY,H:Y57Q,0.52,AB-Bind,1,TRUE
1MHP,H:G53A,0.51,AB-Bind,1,TRUE
1MHP,L:G92S,0.51,AB-Bind,1,FALSE
3N85,H:S50G,0.507308982,SKEMPI 2.0,1,TRUE
1MHP,L:N52D,0.5,AB-Bind,1,FALSE
1VFB,L:Y50A,0.5,AB-Bind,1,TRUE
3BDY,H:Y100aA,0.5,AB-Bind,1,TRUE
3BE1,L:Y92A,0.5,AB-Bind,1,TRUE
1C08,L:S91A,0.491644857,SiPMAB,1,TRUE
1NMB,L:Y32F,0.48510028,SKEMPI 2.0,1,TRUE
1VFB,L:T52F,0.47,AB-Bind,1,TRUE
1JRH,L:D28A,0.452149468,SKEMPI 2.0,1,TRUE
1MLC,H:T31A,0.45,AB-Bind,1,TRUE
1MHP,L:N30Y;L:S91I,0.43,AB-Bind,2,TRUE
1MHP,H:T33V,0.43,AB-Bind,1,TRUE
1NCA,H:E96D,0.427001759,SKEMPI 2.0,1,TRUE
2NYY,L:S28Q,0.42,AB-Bind,1,TRUE
3GBN,H:P28T;H:F74S,0.415237487,Phillips et al. 2021,2,TRUE
1MLC,H:T28D;H:Y32W;H:S57V;H:T58D;H:R98V;H:D100Q;L:N92A,0.41,AB-Bind,7,TRUE
3BN9,H:Y99S,0.41,AB-Bind,1,TRUE
3GBN,H:R30S;H:F74S,0.403849587,Phillips et al. 2021,2,TRUE
1JRH,L:T94A,0.400783618,SKEMPI 2.0,1,TRUE
3BDY,H:Y52A,0.4,AB-Bind,1,TRUE
3BE1,H:D31A,0.4,AB-Bind,1,FALSE
2B2X,H:V50T;H:E64K;L:Y52N,0.392286472,SKEMPI 2.0,3,TRUE
1N8Z,H:T32A,0.38,AB-Bind,1,FALSE
5C6T,H:Y109A,0.377692784,SKEMPI 2.0,1,TRUE
3SE8,H:G55A,0.365347014,SKEMPI 2.0,1,TRUE
1C08,H:Y58F,0.362760795,SiPMAB,1,TRUE
2B2X,H:E64K;L:Y52N,0.362564815,SKEMPI 2.0,2,TRUE
1DVF,A:W92A,0.34,AB-Bind,1,TRUE
3GBN,H:P28T;H:D73E,0.333037869,Phillips et al. 2021,2,TRUE
3NGB,H:Y74S,0.33,AB-Bind,1,TRUE
5C6T,H:R31S,0.324090877,SKEMPI 2.0,1,TRUE
1N8Z,L:T94S,0.31,AB-Bind,1,TRUE
1VFB,H:G31A,0.3,AB-Bind,1,TRUE
3BDY,H:Y33A,0.3,AB-Bind,1,TRUE
3BE1,H:G97A,0.3,AB-Bind,1,TRUE
3BE1,L:G31A,0.3,AB-Bind,1,TRUE
3BE1,L:S28A,0.3,AB-Bind,1,TRUE
3BE1,L:S52A,0.3,AB-Bind,1,FALSE
3BN9,H:T28R,0.3,AB-Bind,1,TRUE
3G6D,L:E3V;L:G76R;L:T77V;L:Q78E;L:E80G;L:T89S;L:M92I;L:V93D;L:T94K,0.282381979,SKEMPI 2.0,9,TRUE
3NGB,H:C32S;H:C98A,0.26,AB-Bind,2,FALSE
3GBN,H:A75T,0.251172275,Phillips et al. 2021,1,TRUE
1N8Z,H:D31A,0.25,AB-Bind,1,FALSE
3GBN,H:P28T;H:A75T,0.249756728,Phillips et al. 2021,2,TRUE
1N8Z,H:Y52A,0.23,AB-Bind,1,TRUE
3NGB,H:P62K,0.23,AB-Bind,1,TRUE
1N8Z,H:Y102V,0.22,AB-Bind,1,FALSE
1N8Z,L:R66G,0.22,AB-Bind,1,TRUE
3BDY,H:D31A,0.2,AB-Bind,1,FALSE
3BDY,H:G96A,0.2,AB-Bind,1,FALSE
3BDY,H:K30A,0.2,AB-Bind,1,FALSE
3BDY,H:Y56A,0.2,AB-Bind,1,FALSE
3BDY,L:P27cA,0.2,AB-Bind,1,FALSE
3SE8,L:N31A,0.198839165,SKEMPI 2.0,1,TRUE
2B2X,H:V50T;H:E64K;L:Y52N,0.193872305,SKEMPI 2.0,3,TRUE
2B2X,H:V50T;L:Y52N,0.193872305,SKEMPI 2.0,2,TRUE
1NMB,L:T93W,0.1916071,SKEMPI 2.0,1,TRUE
3GBN,H:R30S,0.181469197,Phillips et al. 2021,1,TRUE
3NGB,H:K52N,0.18,AB-Bind,1,TRUE
1C08,H:S31A,0.17044622,SiPMAB,1,TRUE
1C08,H:D32N,0.17044622,SiPMAB,1,TRUE
1VFB,L:N31W,0.17,AB-Bind,1,FALSE
3HFM,H:D32N,0.17,AB-Bind,1,TRUE
3HFM,H:S31A,0.17,AB-Bind,1,TRUE
3NGB,H:V73T,0.16,AB-Bind,1,TRUE
3GBN,H:P28T,0.156849232,Phillips et al. 2021,1,TRUE
1VFB,H:S28N,0.15,AB-Bind,1,FALSE
3G6D,L:E3V;L:G76R;L:T77V;L:Q78E;L:E80G,0.145447128,SKEMPI 2.0,5,FALSE
3N85,L:W91F,0.145212812,SKEMPI 2.0,1,TRUE
3NGB,H:V57T,0.14,AB-Bind,1,TRUE
2BDN,H:N28D,0.137463863,SKEMPI 2.0,1,TRUE
1MLC,H:T31W,0.13,AB-Bind,1,TRUE
2NYY,H:Y31Q,0.13,AB-Bind,1,TRUE
5C6T,L:R51A,0.127912767,SKEMPI 2.0,1,TRUE
3G6D,L:E3V;L:G76R;L:T77V;L:Q78E;L:E80G;H:D54N,0.115655096,SKEMPI 2.0,6,FALSE
1N8Z,B:G100K;B:A106E;B:M107H,0.113920109,Mason et al. 2021,3,FALSE
3GBN,H:F74S,0.102719124,Phillips et al. 2021,1,TRUE
1MHP,H:G100M,0.1,AB-Bind,1,TRUE
2NYY,L:H34R,0.1,AB-Bind,1,TRUE
3BDY,L:S52A,0.1,AB-Bind,1,FALSE
3BE1,H:G96A,0.1,AB-Bind,1,FALSE
3BE1,H:T53A,0.1,AB-Bind,1,FALSE
3BE1,L:P27cA,0.1,AB-Bind,1,FALSE
3NGB,H:R61Q,0.1,AB-Bind,1,TRUE
3SE8,H:Q75A,0.099138468,SKEMPI 2.0,1,TRUE
3GBN,H:P61Q;H:A75T,0.097738213,Phillips et al. 2021,2,TRUE
3GBN,H:R30S;H:A75T;H:V100L,0.096999689,Phillips et al. 2021,3,TRUE
2B2X,H:V50T,0.093755229,SKEMPI 2.0,1,TRUE
2B2X,H:E64K,0.093755229,SKEMPI 2.0,1,FALSE
1VFB,H:D58E,0.08,AB-Bind,1,FALSE
1VFB,H:S28Q,0.08,AB-Bind,1,FALSE
3NGB,H:I30T,0.08,AB-Bind,1,TRUE
3NGB,H:T33Y,0.08,AB-Bind,1,TRUE
1BJ1,H:L72I;H:T74K,0.079598732,SKEMPI 2.0,2,FALSE
3GBN,H:F74S;H:A75T,0.07663796,Phillips et al. 2021,2,TRUE
2NYY,H:K30R,0.07,AB-Bind,1,FALSE
2NYY,H:Y31D,0.07,AB-Bind,1,TRUE
3GBN,H:A75T;H:G76S,0.064935869,Phillips et al. 2021,2,TRUE
1XGR,B:I33L,0.063784508,SKEMPI 2.0,1,TRUE
1C08,L:S93A,0.061761304,SiPMAB,1,TRUE
1N8Z,L:N30S,0.06,AB-Bind,1,TRUE
3N85,H:S32Y,0.059422738,SKEMPI 2.0,1,TRUE
3SE8,H:L53A,0.056041647,SKEMPI 2.0,1,TRUE
1N8Z,L:N30S;L:H91F;L:Y92W;L:T94S;H:D98W;H:Y100aF;H:Y102V,0.05,AB-Bind,7,TRUE
3NGB,H:R53N,0.05,AB-Bind,1,TRUE
1MHP,H:L60D;H:K64Q,0.04,AB-Bind,2,FALSE
1N8Z,B:G100P;B:D102P;B:F104M;B:A106T;B:M107N,0.030375215,Mason et al. 2021,5,TRUE
1N8Z,L:H91F,0.03,AB-Bind,1,TRUE
1MLC,H:K65D,0.02,AB-Bind,1,FALSE
3SE8,H:P76aA,0.019252608,SKEMPI 2.0,1,TRUE
1N8Z,B:G100P;B:D102P;B:F104M;B:M107N,0.014992873,Mason et al. 2021,4,TRUE
1VFB,H:G31W,0.01,AB-Bind,1,TRUE
1MHP,H:F99W,0,AB-Bind,1,FALSE
1MHP,H:G54Y,0,AB-Bind,1,TRUE
1MLC,L:N32Y,0,AB-Bind,1,TRUE
1VFB,H:S28D,0,AB-Bind,1,FALSE
3BDY,H:D98A,0,AB-Bind,1,TRUE
3BDY,L:D27aA,0,AB-Bind,1,FALSE
3BDY,L:T94A,0,AB-Bind,1,TRUE
3BE1,L:D27aA,0,AB-Bind,1,FALSE
3BN9,H:T98Q,0,AB-Bind,1,TRUE
1NCA,H:N31Q,0,SKEMPI 2.0,1,TRUE
1JRH,H:F98A,0,SKEMPI 2.0,1,FALSE
3GBN,H:K58N;H:A75T,-0.008042414,Phillips et al. 2021,2,TRUE
3GBN,H:P28T;H:T57A;H:A75T,-0.015742371,Phillips et al. 2021,3,TRUE
3N85,H:W96F,-0.015796592,SKEMPI 2.0,1,TRUE
3N85,H:W96F,-0.015796592,SKEMPI 2.0,1,TRUE
1NMB,L:T93F,-0.024865707,SKEMPI 2.0,1,TRUE
3GBN,H:K58N;H:A75T;H:V78A,-0.026360398,Phillips et al. 2021,3,TRUE
3N85,L:W94Y,-0.040277958,SKEMPI 2.0,1,TRUE
3SE8,H:R30A,-0.040410112,SKEMPI 2.0,1,TRUE
2B2X,H:V50T,-0.043708633,SKEMPI 2.0,1,TRUE
1N8Z,H:Y100aF,-0.05,AB-Bind,1,FALSE
2NZ9,D:S30K;D:D31Y;D:H32D,-0.051956958,SKEMPI 2.0,3,TRUE
1YY9,H:N56A,-0.06,AB-Bind,1,TRUE
1YY9,H:T61E,-0.06,AB-Bind,1,FALSE
2NYY,H:M34Q,-0.06,AB-Bind,1,FALSE
3BN9,H:T98R,-0.06,AB-Bind,1,TRUE
3NGB,H:A56G,-0.06,AB-Bind,1,TRUE
1XGT,B:L33I,-0.063784508,SKEMPI 2.0,1,TRUE
3GBN,H:R30S;H:K58N;H:A75T,-0.065199931,Phillips et al. 2021,3,TRUE
1MHP,H:K64N,-0.07,AB-Bind,1,FALSE
1MHP,L:S24R,-0.07,AB-Bind,1,FALSE
1N8Z,L:N30S;L:H91F;L:Y92W,-0.07,AB-Bind,3,TRUE
1N8Z,L:S50A,-0.07,AB-Bind,1,TRUE
3SE8,H:P76dA,-0.072558275,SKEMPI 2.0,1,TRUE
3GBN,H:D73E;H:A75T,-0.075666162,Phillips et al. 2021,2,TRUE
1N8Z,H:Y33A,-0.09,AB-Bind,1,TRUE
1MHP,L:N52Y,-0.1,AB-Bind,1,FALSE
1VFB,H:S28E,-0.1,AB-Bind,1,FALSE
3BDY,H:G97A,-0.1,AB-Bind,1,FALSE
3BE1,H:D98A,-0.1,AB-Bind,1,TRUE
1MHP,H:K64D,-0.12,AB-Bind,1,FALSE
1MHP,H:L60D,-0.12,AB-Bind,1,FALSE
1N8Z,L:T94A,-0.12,AB-Bind,1,TRUE
1N8Z,B:G100R;B:A106E;B:M107H,-0.120178903,Mason et al. 2021,3,FALSE
1VFB,H:D58N,-0.13,AB-Bind,1,FALSE
3G6D,H:K210T;H:K215T,-0.138301434,SKEMPI 2.0,2,FALSE
3N85,H:S32A,-0.139416426,SKEMPI 2.0,1,TRUE
1MHP,H:L60D;H:K64E,-0.14,AB-Bind,2,FALSE
1BJ1,H:Y54W,-0.142797518,SKEMPI 2.0,1,TRUE
1MLC,H:T28D,-0.15,AB-Bind,1,FALSE
1N8Z,H:N54A,-0.15,AB-Bind,1,FALSE
1MHP,H:K64E,-0.16,AB-Bind,1,FALSE
1MHP,H:K64Q,-0.16,AB-Bind,1,FALSE
2NY7,L:S28K;L:I28aE;L:R29F;L:S30G,-0.16,AB-Bind,4,TRUE
2B2X,H:E64K,-0.163315208,SKEMPI 2.0,1,FALSE
2BDN,L:S53D,-0.167039141,SKEMPI 2.0,1,TRUE
1MHP,L:N52E,-0.18,AB-Bind,1,FALSE
1MLC,H:T28D;H:S57V;H:T58D;H:G99D;L:N92A,-0.2,AB-Bind,5,TRUE
1YY9,L:S26D,-0.2,AB-Bind,1,FALSE
3BDY,H:N54A,-0.2,AB-Bind,1,TRUE
3BDY,H:R58A,-0.2,AB-Bind,1,FALSE
3BDY,L:R27dA,-0.2,AB-Bind,1,FALSE
3BE1,L:I27bA,-0.2,AB-Bind,1,FALSE
3BE1,L:R27dA,-0.2,AB-Bind,1,FALSE
3BE1,L:S30A,-0.2,AB-Bind,1,FALSE
1N8Z,L:Y92F,-0.21,AB-Bind,1,TRUE
3SE8,L:Q27A,-0.221122137,SKEMPI 2.0,1,TRUE
1BJ1,H:T28D,-0.228895531,SKEMPI 2.0,1,FALSE
2B2X,L:Y52E,-0.233129454,SKEMPI 2.0,1,TRUE
2NY7,L:V90M;L:A93G;L:S94R;L:S95D,-0.24,AB-Bind,4,FALSE
3SE8,H:D100cA,-0.249780017,SKEMPI 2.0,1,FALSE
3L5X,L:N92S;L:E93S;L:Y94G,-0.259248139,SKEMPI 2.0,3,TRUE
1MHP,H:T50V,-0.26,AB-Bind,1,TRUE
1N8Z,B:G100R;B:G101E;B:D102P;B:A106E;B:M107H,-0.278329978,Mason et al. 2021,5,TRUE
1N8Z,L:D28N,-0.28,AB-Bind,1,TRUE
3BDY,H:R50A,-0.3,AB-Bind,1,TRUE
3BDY,L:T93A,-0.3,AB-Bind,1,TRUE
3BE1,H:K30A,-0.3,AB-Bind,1,FALSE
3BE1,L:G51A,-0.3,AB-Bind,1,FALSE
1N8Z,L:S52A,-0.31,AB-Bind,1,FALSE
3L5X,L:N92S;L:E93W;L:Y94A,-0.315230526,SKEMPI 2.0,3,TRUE
1MHP,H:T50V;H:K64E,-0.36,AB-Bind,2,TRUE
2NYY,L:S31N,-0.36,AB-Bind,1,TRUE
1MLC,H:S57A,-0.38,AB-Bind,1,TRUE
2NY7,L:A93G;L:S95A,-0.38,AB-Bind,2,FALSE
1N8Z,B:G100K;B:G101E;B:D102P;B:A106E;B:M107H,-0.387838558,Mason et al. 2021,5,TRUE
1N8Z,B:G100K;B:G101D;B:D102P;B:A106E;B:M107H,-0.387838558,Mason et al. 2021,5,TRUE
3SE8,H:D99A,-0.398343879,SKEMPI 2.0,1,TRUE
3BDY,H:T32A,-0.4,AB-Bind,1,FALSE
3BE1,H:T32A,-0.4,AB-Bind,1,FALSE
3BE1,L:T93A,-0.4,AB-Bind,1,TRUE
1BJ1,H:S105T,-0.406117274,SKEMPI 2.0,1,TRUE
1MLC,H:T28D;H:S57V;H:T58D;H:R98M;H:D100Q;L:N92A,-0.41,AB-Bind,6,TRUE
1N8Z,L:H91F,-0.43,AB-Bind,1,TRUE
2BDN,L:T56D,-0.442598372,SKEMPI 2.0,1,TRUE
3L5X,L:E93F;L:Y94G,-0.445243648,SKEMPI 2.0,2,FALSE
3L5X,L:N92D;L:E93L;L:Y94G,-0.446929103,SKEMPI 2.0,3,TRUE
1BJ1,H:H101Y;H:Y103I;H:G104A;H:S105K,-0.448619181,SKEMPI 2.0,4,TRUE
3L5X,L:H91P;L:N92L;L:Y94A,-0.462309374,SKEMPI 2.0,3,TRUE
3L5X,L:N92V;L:E93G;L:Y94G,-0.481644389,SKEMPI 2.0,3,TRUE
1MLC,H:S57V,-0.49,AB-Bind,1,TRUE
3BDY,H:T53A,-0.5,AB-Bind,1,FALSE
1VFB,H:G31E,-0.51,AB-Bind,1,TRUE
1N8Z,B:W99Y;B:G101P;B:D102P;B:F104M;B:A106T;B:M107N,-0.518441091,Mason et al. 2021,6,TRUE
1YY9,L:T31E,-0.52,AB-Bind,1,FALSE
3L5X,L:N92S;L:E93V;L:Y94G,-0.537686036,SKEMPI 2.0,3,TRUE
3L5X,L:N92D;L:E93R;L:Y94D,-0.543581136,SKEMPI 2.0,3,TRUE
1N8Z,B:G100R;B:G101D;B:F104L;B:M107H,-0.548507795,Mason et al. 2021,4,TRUE
3L5X,L:N92D;L:E93N;L:Y94S,-0.555543324,SKEMPI 2.0,3,TRUE
1MLC,H:T58D,-0.56,AB-Bind,1,TRUE
3SE8,L:E1A,-0.56937428,SKEMPI 2.0,1,TRUE
2NY7,H:V33T;H:H35M,-0.57,AB-Bind,2,TRUE
3L5X,L:N92L;L:E93D;L:Y94S,-0.57601143,SKEMPI 2.0,3,TRUE
3N85,H:W30R,-0.576274929,SKEMPI 2.0,1,TRUE
1N8Z,B:G100N;B:G101D;B:D102R;B:A106E;B:M107H,-0.582681903,Mason et al. 2021,5,TRUE
1N8Z,B:G100P;B:D102G;B:F104M;B:M107N,-0.625380527,Mason et al. 2021,4,TRUE
1YY9,L:S26D;L:T31E;L:N93A;H:N56A;H:T61E,-0.65,AB-Bind,5,TRUE
3L5X,L:N92L;L:E93L;L:Y94G,-0.651176705,SKEMPI 2.0,3,TRUE
3L5X,L:H91P;L:N92L;L:E93D;L:Y94S,-0.658271217,SKEMPI 2.0,4,TRUE
1MHP,L:S28Q,-0.67,AB-Bind,1,TRUE
3L5X,L:H91P;L:N92I;L:E93D;L:Y94A,-0.672710159,SKEMPI 2.0,4,TRUE
1JRH,L:S93A,-0.676781776,SKEMPI 2.0,1,TRUE
1MHP,H:T50V;L:S28Q,-0.69,AB-Bind,2,TRUE
1MLC,L:N32G;L:N92A,-0.69,AB-Bind,2,TRUE
1N8Z,H:D98W,-0.69,AB-Bind,1,FALSE
2NY7,H:N31H;H:V33T;H:I34L,-0.69,AB-Bind,3,TRUE
1N8Z,B:D102P;B:F104M;B:A106T;B:M107N,-0.707025209,Mason et al. 2021,4,TRUE
3L5X,L:N92L;L:E93D;L:Y94S,-0.707778433,SKEMPI 2.0,3,TRUE
2BDN,L:T56E,-0.716539655,SKEMPI 2.0,1,TRUE
1BJ1,H:T28D;H:N31H,-0.720802879,SKEMPI 2.0,2,TRUE
3L5X,L:N92L;L:E93N;L:Y94G,-0.723441141,SKEMPI 2.0,3,TRUE
1N8Z,B:G100R;B:G101D;B:D102P;B:A106E;B:M107H,-0.729042126,Mason et al. 2021,5,TRUE
1YY9,L:N93A,-0.74,AB-Bind,1,TRUE
2NY7,H:P97E;H:Y98W;H:S99G;H:D100aD;H:D100bQ;H:S100cR;H:P100dR;H:Q100eY,-0.74,AB-Bind,8,TRUE
3L5X,L:N92D;L:E93W;L:Y94S,-0.744964145,SKEMPI 2.0,3,TRUE
1N8Z,B:G100K;B:G101Q;B:A106E;B:M107H,-0.758552203,Mason et al. 2021,4,TRUE
3L5X,L:E93H;L:Y94G,-0.793361153,SKEMPI 2.0,2,FALSE
1BJ1,H:H101Y;H:Y103R;H:G104N;H:S105T,-0.793361153,SKEMPI 2.0,4,TRUE
1BJ1,H:N31H,-0.793361153,SKEMPI 2.0,1,TRUE
3BE1,H:N54A,-0.8,AB-Bind,1,FALSE
3BE1,H:Y52A,-0.8,AB-Bind,1,TRUE
3BE1,L:Y32A,-0.8,AB-Bind,1,TRUE
1N8Z,B:W99Y;B:D102P;B:F104M;B:A106T;B:M107N,-0.809736398,Mason et al. 2021,5,TRUE
2NY7,H:N31H;H:V33T;H:I34V,-0.81,AB-Bind,3,TRUE
3N85,H:W30K,-0.816198202,SKEMPI 2.0,1,TRUE
3N85,H:S52Y,-0.816198202,SKEMPI 2.0,1,TRUE
1YY9,L:T31E;L:N93A,-0.82,AB-Bind,2,TRUE
1KIP,B:A32Y,-0.832831904,SKEMPI 2.0,1,TRUE
3L5X,L:N92D;L:E93Y;L:Y94A,-0.839469948,SKEMPI 2.0,3,TRUE
3L5X,L:N92S;L:E93I;L:Y94G,-0.839469948,SKEMPI 2.0,3,TRUE
3L5X,L:H91P;L:N92L;L:E93D;L:Y94T,-0.842670128,SKEMPI 2.0,4,TRUE
1MHP,H:K64E;L:S28Q,-0.85,AB-Bind,2,TRUE
1MLC,L:N32G,-0.85,AB-Bind,1,TRUE
3L5X,L:N92L;L:E93M;L:Y94G,-0.858925248,SKEMPI 2.0,3,TRUE
3L5X,L:Y94A,-0.862228384,SKEMPI 2.0,1,FALSE
3L5X,L:N92V;L:E93W;L:Y94G,-0.868888269,SKEMPI 2.0,3,TRUE
1N8Z,B:W99Y;B:F104M;B:A106Q;B:M107H,-0.88074193,Mason et al. 2021,4,TRUE
3SE8,L:F91A,-0.884059885,SKEMPI 2.0,1,TRUE
2BDN,L:S53E,-0.885601896,SKEMPI 2.0,1,TRUE
3L5X,L:H91P;L:N92L;L:E93D;L:Y94V,-0.892781752,SKEMPI 2.0,4,TRUE
1N8Z,B:W99Y;B:D102T;B:F104M;B:A106E;B:M107H,-0.90048332,Mason et al. 2021,5,TRUE
5C6T,H:S32A,-0.903312493,SKEMPI 2.0,1,TRUE
1MHP,H:K64E;L:S28Q;L:N52Y,-0.95,AB-Bind,3,TRUE
2BDN,L:N31R,-0.954120594,SKEMPI 2.0,1,TRUE
2NY7,L:V90T;L:A93R;L:S94G;L:S95V,-0.98,AB-Bind,4,FALSE
1MLC,H:S57V;H:T58D,-0.99,AB-Bind,2,TRUE
3G6D,H:H104A,-0.991467381,SKEMPI 2.0,1,TRUE
3L5X,L:N92S;L:E93Y;L:Y94G,-1.003013189,SKEMPI 2.0,3,TRUE
1N8Z,B:W99Y;B:G101N;B:D102G;B:F104M;B:M107N,-1.017550148,Mason et al. 2021,5,TRUE
2NY7,L:S28T;L:I28aV;L:R29Y;L:S30R;L:R31D,-1.03,AB-Bind,5,TRUE
1MHP,H:T50V;H:K64E;L:S28Q;L:N52Y,-1.04,AB-Bind,4,TRUE
1N8Z,B:W99Y;B:G101P;B:D102G;B:F104M;B:A106E;B:M107H,-1.078081455,Mason et al. 2021,6,TRUE
1XGQ,B:V33L,-1.088445813,SKEMPI 2.0,1,TRUE
1N8Z,B:D102P;B:F104M;B:A106E;B:M107H,-1.092294622,Mason et al. 2021,4,TRUE
1XGQ,B:V33I,-1.152230322,SKEMPI 2.0,1,TRUE
1N8Z,B:W99Y;B:G100R;B:A106E;B:M107H,-1.162823896,Mason et al. 2021,4,TRUE
1N8Z,B:W99Y;B:D102P;B:F104L;B:M107N,-1.169024862,Mason et al. 2021,4,TRUE
1N8Z,B:W99Y;B:D102P;B:F104M;B:A106Q;B:M107N,-1.197133922,Mason et al. 2021,5,TRUE
1N8Z,B:G100P;B:G101Q;B:D102P;B:F104M;B:M107N,-1.197133922,Mason et al. 2021,5,TRUE
1XGP,B:A33V,-1.198991953,SKEMPI 2.0,1,TRUE
1MHP,H:T50V;L:S28Q;L:N52Y,-1.2,AB-Bind,3,TRUE
1N8Z,B:W99Y;B:D102P;B:F104M;B:A106E;B:M107H,-1.216425103,Mason et al. 2021,5,TRUE
1BJ1,H:H101Y;H:Y103R;H:S105T,-1.220362912,SKEMPI 2.0,3,TRUE
2NY7,H:P97E;H:Y98W;H:S99G,-1.23,AB-Bind,3,TRUE
1MHP,H:T50V;H:K64E;L:S28Q;L:N52E,-1.24,AB-Bind,4,TRUE
3L5X,L:N92D;L:E93W;L:Y94E,-1.244524178,SKEMPI 2.0,3,TRUE
1MLC,L:N92A,-1.25,AB-Bind,1,TRUE
2NY7,H:V33T;H:I34V,-1.25,AB-Bind,2,TRUE
1N8Z,B:W99Y;B:G101D;B:D102P;B:F104M;B:A106Q;B:M107H,-1.25143234,Mason et al. 2021,6,TRUE
1BJ1,H:T28D;H:N31H;H:Y54W;H:H101Y;H:S105T,-1.251961291,SKEMPI 2.0,5,TRUE
1N8Z,B:W99Y;B:D102P;B:F104L;B:A106T;B:M107N,-1.253218727,Mason et al. 2021,5,TRUE
1N8Z,B:W99Y;B:G101P;B:D102G;B:F104L;B:A106T;B:M107N,-1.275964298,Mason et al. 2021,6,TRUE
3L5X,L:N92F;L:E93W;L:Y94G,-1.282641489,SKEMPI 2.0,3,TRUE
1N8Z,B:W99Y;B:D102P;B:F104L;B:A106E;B:M107H,-1.28617467,Mason et al. 2021,5,TRUE
3L5X,L:N92S;L:E93H;L:Y94G,-1.295890028,SKEMPI 2.0,3,TRUE
2NY7,L:S28P;L:I28aL;L:R29H;L:S30R;L:R31A,-1.3,AB-Bind,5,TRUE
1N8Z,B:G101N;B:D102P;B:F104M;B:M107N,-1.309335767,Mason et al. 2021,4,TRUE
3L5X,L:N92E;L:E93S;L:Y94G,-1.316312892,SKEMPI 2.0,3,TRUE
1N8Z,B:G100R;B:G101H;B:A106E;B:M107N,-1.318991202,Mason et al. 2021,4,TRUE
3L5X,L:N92S;L:E93W;L:Y94G,-1.323273795,SKEMPI 2.0,3,TRUE
1YY9,L:S26D;L:T31E;L:N93A,-1.33,AB-Bind,3,TRUE
1N8Z,B:W99Y;B:G101P;B:D102G;B:F104M;B:M107N,-1.340926557,Mason et al. 2021,5,TRUE
1N8Z,B:G101N;B:D102G;B:F104M;B:M107N,-1.354610559,Mason et al. 2021,4,TRUE
2NY7,L:V90M;L:A93G;L:S94F;L:S95T,-1.36,AB-Bind,4,FALSE
1N8Z,B:W99Y;B:G101E;B:D102R;B:A106E;B:M107H,-1.366514214,Mason et al. 2021,5,TRUE
1N8Z,B:W99Y;B:D102N;B:F104M;B:A106T;B:M107N,-1.366514214,Mason et al. 2021,5,TRUE
1N8Z,B:W99Y;B:G101S;B:D102P;B:F104M;B:A106T;B:M107N,-1.420002094,Mason et al. 2021,6,TRUE
1KIR,A:S50Y,-1.442950506,SKEMPI 2.0,1,TRUE
1N8Z,B:W99Y;B:G101Q;B:D102P;B:F104M;B:A106T;B:M107N,-1.452727927,Mason et al. 2021,6,TRUE
1MLC,H:T28D;H:S57V;H:T58D;H:Y59E;L:N92A,-1.47,AB-Bind,5,TRUE
2NY7,L:A93W;L:S95Q,-1.47,AB-Bind,2,FALSE
1N8Z,B:W99Y;B:G101E;B:D102P;B:F104M;B:A106Q;B:M107H,-1.470294079,Mason et al. 2021,6,TRUE
1N8Z,B:D102N;B:F104M;B:M107N,-1.480102782,Mason et al. 2021,3,TRUE
3L5X,L:H91Q;L:N92D;L:E93Y;L:Y94G,-1.509900808,SKEMPI 2.0,4,TRUE
2NY7,L:V90S;L:A93G;L:S94R;L:S95D,-1.52,AB-Bind,4,FALSE
1BJ1,L:M4L;H:T28D;H:N31H;H:H101Y;H:S105T,-1.521380022,SKEMPI 2.0,5,TRUE
3L5X,L:N92D;L:E93P;L:Y94G,-1.529153417,SKEMPI 2.0,3,TRUE
1N8Z,B:W99Y;B:G101D;B:D102R;B:A106E;B:M107H,-1.535769901,Mason et al. 2021,5,TRUE
1N8Z,B:W99Y;B:G101P;B:D102N;B:F104L;B:M107N,-1.548905823,Mason et al. 2021,5,TRUE
3G6D,H:W105A,-1.556770574,SKEMPI 2.0,1,TRUE
2NY7,L:V90T;L:A93W;L:S95G,-1.56,AB-Bind,3,FALSE
1N8Z,B:W99Y;B:D102N;B:F104M;B:A106Q;B:M107N,-1.589690317,Mason et al. 2021,5,TRUE
1MLC,H:T28D;H:S57V;H:T58D;L:S91N;L:N92A;L:S93A,-1.61,AB-Bind,6,TRUE
2NY7,H:P97E;H:Y98W;H:S99G;H:D100aE;H:D100bQ;H:S100cF;H:P100dR;H:Q100eF,-1.61,AB-Bind,8,TRUE
2NY7,L:V90L;L:A93R;L:S94G;L:S95N,-1.61,AB-Bind,4,FALSE
2NY7,L:V90Q;L:A93D;L:S95L,-1.61,AB-Bind,3,FALSE
3L5X,L:H91Q;L:N92D;L:E93I;L:Y94G,-1.612811691,SKEMPI 2.0,4,TRUE
3L5X,L:N92E;L:E93W;L:Y94G,-1.612811691,SKEMPI 2.0,3,TRUE
1N8Z,B:W99Y;B:G101N;B:D102P;B:F104M;B:A106Q;B:M107N,-1.629737991,Mason et al. 2021,6,TRUE
1BJ1,H:H101Y,-1.647364671,SKEMPI 2.0,1,TRUE
1N8Z,B:W99Y;B:G101Q;B:D102P;B:F104M;B:M107N,-1.682994,Mason et al. 2021,5,TRUE
1N8Z,B:W99Y;B:G100S;B:D102P;B:F104M;B:M107N,-1.706684634,Mason et al. 2021,5,TRUE
1N8Z,B:W99Y;B:G101S;B:D102N;B:F104M;B:A106Q;B:M107N,-1.720619086,Mason et al. 2021,6,TRUE
1MLC,H:S57V;H:T58D;L:N32G;L:N92A,-1.74,AB-Bind,4,TRUE
1N8Z,B:W99Y;B:D102N;B:F104M;B:M107N,-1.749859067,Mason et al. 2021,4,TRUE
3L5X,L:N92D;L:E93W;L:Y94G,-1.750275554,SKEMPI 2.0,3,TRUE
1N8Z,B:G100E;B:G101R;B:D102P;B:F104L;B:A106E;B:M107H,-1.823706829,Mason et al. 2021,6,TRUE
1N8Z,B:G100R;B:G101P;B:A106E;B:M107H,-1.851626532,Mason et al. 2021,4,TRUE
3L5X,L:H91Q;L:N92D;L:E93L;L:Y94G,-1.857016707,SKEMPI 2.0,4,TRUE
1XGR,B:I33F,-1.872956498,SKEMPI 2.0,1,TRUE
2NY7,L:V90K;L:A93G;L:S94G;L:S95T,-1.93,AB-Bind,4,FALSE
1XGT,B:L33F,-1.936741006,SKEMPI 2.0,1,TRUE
1N8Z,B:G100R;B:G101E;B:D102P;B:F104L;B:A106E;B:M107H,-1.983769213,Mason et al. 2021,6,TRUE
1N8Z,B:W99Y;B:G101N;B:D102P;B:F104M;B:A106E;B:M107H,-1.998645196,Mason et al. 2021,6,TRUE
2NY7,L:S28Q;L:I28aL;L:R29D;L:S30G;L:R31S,-2,AB-Bind,5,TRUE
2NY7,L:V90K;L:A93D;L:S95F,-2,AB-Bind,3,FALSE
1N8Z,B:G100D;B:G101R;B:D102P;B:F104L;B:A106E;B:M107H,-2.004693115,Mason et al. 2021,6,TRUE
1N8Z,B:G100K;B:G101E;B:D102P;B:F104L;B:A106E;B:M107H,-2.074164045,Mason et al. 2021,6,TRUE
1N8Z,B:W99Y;B:G101Q;B:D102P;B:F104M;B:A106E;B:M107H,-2.075945059,Mason et al. 2021,6,TRUE
2NY7,H:P97E;H:Y98W;H:S99G;H:D100aT;H:D100bQ;H:S100cR;H:P100dR;H:Q100eF,-2.12,AB-Bind,8,TRUE
2NY7,H:P97E;H:Y98W;H:S99G;H:D100aD;H:D100bQ;H:S100cV;H:P100dR;H:Q100eY,-2.26,AB-Bind,8,TRUE
1N8Z,B:W99Y;B:G101Q;B:D102P;B:F104L;B:A106E;B:M107H,-2.265336962,Mason et al. 2021,6,TRUE
2NY7,H:P97E;H:Y98W;H:S99G;H:D100aH;H:D100bQ;H:S100cR;H:P100dR;H:Q100eY,-2.27,AB-Bind,8,TRUE
2NY7,L:V90Q;L:A93W;L:S94P;L:S95F,-2.27,AB-Bind,4,FALSE
1XGP,B:A33L,-2.287437766,SKEMPI 2.0,1,TRUE
2NY7,H:P97E;H:Y98W;H:S99G;H:D100aE;H:D100bM;H:S100cR;H:P100dR;H:Q100eF,-2.3,AB-Bind,8,TRUE
2NY7,L:V90T;L:A93R;L:S94G;L:S95I,-2.31,AB-Bind,4,FALSE
1XGP,B:A33I,-2.351222274,SKEMPI 2.0,1,TRUE
1MLC,H:T28D;H:S30G;H:S57V;H:T58D;L:N92A,-2.36,AB-Bind,5,TRUE
1MLC,H:S57V;H:T58D;L:N92A,-2.4,AB-Bind,3,TRUE
2NY7,H:P97E;H:Y98W;H:S99G;H:D100aE;H:D100bM;H:S100cF;H:P100dR;H:Q100eY,-2.46,AB-Bind,8,TRUE
1MLC,H:T28D;H:S57V;H:T58D;L:N32L;L:N92A,-2.59,AB-Bind,5,TRUE
1KIQ,B:F101Y,-2.595427291,SKEMPI 2.0,1,TRUE
2NY7,L:V90T;L:A93R;L:S94G,-2.65,AB-Bind,3,FALSE
2NY7,L:V90T;L:A93R;L:S94G;L:S95H,-2.71,AB-Bind,4,FALSE
1MLC,H:T28D;H:S57V;H:T58D;L:N92A,-2.74,AB-Bind,4,TRUE
1MLC,H:T28D;H:E35S;H:S57V;H:T58D;H:G99D;L:N92A,-2.95,AB-Bind,6,TRUE
1XGQ,B:V33F,-3.025186819,SKEMPI 2.0,1,TRUE
1XGP,B:A33F,-4.224178772,SKEMPI 2.0,1,TRUE
