#PDB,Mutation Pdb,Affinity Mut,Affinity Wt,Ref.,Protein 1,Protein 2,Method,LD,ddG(kcal/mol)
1DVF,A:H30A,1.75E-07,1.08E-08,,IgG1-kappa D1.3 Fv,E5.2 Fv,SPR,1,1.715800546
1DVF,A:Y32A,3.33E-07,1.08E-08,,IgG1-kappa D1.3 Fv,E5.2 Fv,SPR,1,2.112129597
1DVF,A:Y49A,1.69E-07,1.08E-08,,IgG1-kappa D1.3 Fv,E5.2 Fv,SPR,1,1.694308832
1DVF,A:Y50A,3.45E-08,1.08E-08,,IgG1-kappa D1.3 Fv,E5.2 Fv,SPR,1,0.715469223
1DVF,A:W92A,1.92E-08,1.08E-08,,IgG1-kappa D1.3 Fv,E5.2 Fv,SPR,1,0.354443484
1DVF,A:S93A,7.69E-08,1.08E-08,,IgG1-kappa D1.3 Fv,E5.2 Fv,SPR,1,1.209248607
1DVF,B:T30A,5.00E-08,1.08E-08,,IgG1-kappa D1.3 Fv,E5.2 Fv,SPR,1,0.944056815
1DVF,B:Y32A,2.38E-07,1.08E-08,,IgG1-kappa D1.3 Fv,E5.2 Fv,SPR,1,1.905221366
1DVF,B:W52A,1.16E-05,1.08E-08,,IgG1-kappa D1.3 Fv,E5.2 Fv,SPR,1,4.299428522
1DVF,B:D54A,1.49E-05,1.08E-08,,IgG1-kappa D1.3 Fv,E5.2 Fv,SPR,1,4.453656231
1DVF,B:N56A,7.69E-08,1.08E-08,,IgG1-kappa D1.3 Fv,E5.2 Fv,SPR,1,1.209248607
1DVF,B:D58A,1.61E-07,1.08E-08,,IgG1-kappa D1.3 Fv,E5.2 Fv,SPR,1,1.664434697
1DVF,B:E98A,1.27E-05,1.08E-08,,IgG1-kappa D1.3 Fv,E5.2 Fv,SPR,1,4.355239229
1DVF,B:R99A,2.56E-07,1.08E-08,,IgG1-kappa D1.3 Fv,E5.2 Fv,SPR,1,1.950134367
1DVF,B:D100A,1.20E-06,1.08E-08,,IgG1-kappa D1.3 Fv,E5.2 Fv,SPR,1,2.901843868
1DVF,B:Y101F,3.23E-07,1.08E-08,,IgG1-kappa D1.3 Fv,E5.2 Fv,SPR,1,2.093346638
1DVF,B:E98A,1.27E-05,1.08E-08,,IgG1-kappa D1.3 Fv,E5.2 Fv,SPR,1,4.355239229
1DVF,B:D54A,1.49E-05,1.08E-08,,IgG1-kappa D1.3 Fv,E5.2 Fv,SPR,1,4.453656231
1DVF,B:D58A,1.61E-07,1.08E-08,,IgG1-kappa D1.3 Fv,E5.2 Fv,SPR,1,1.664434697
1DVF,A:Y49A,2.00E-07,1.08E-08,,IgG1-kappa D1.3 Fv,E5.2 Fv,SPR,1,1.798060333
1DVF,A:Y32A,3.33E-07,1.08E-08,,IgG1-kappa D1.3 Fv,E5.2 Fv,SPR,1,2.112129597
1DVF,B:N56A,7.69E-08,1.08E-08,,IgG1-kappa D1.3 Fv,E5.2 Fv,SPR,1,1.209248607
1DVF,B:W52A,1.16E-05,1.08E-08,,IgG1-kappa D1.3 Fv,E5.2 Fv,SPR,1,4.299428522
1DVF,B:D100A,1.20E-06,1.08E-08,,IgG1-kappa D1.3 Fv,E5.2 Fv,SPR,1,2.901843868
1DVF,D:Y98A,3.23E-05,1.08E-08,,IgG1-kappa D1.3 Fv,E5.2 Fv,SPR,1,4.930284918
1DVF,C:Y49A,2.50E-07,1.08E-08,,IgG1-kappa D1.3 Fv,E5.2 Fv,SPR,1,1.935524196
1DVF,D:Q100A,1.69E-07,1.08E-08,,IgG1-kappa D1.3 Fv,E5.2 Fv,SPR,1,1.694308832
1DVF,D:N54A,2.50E-07,1.08E-08,,IgG1-kappa D1.3 Fv,E5.2 Fv,SPR,1,1.935524196
1DVF,D:R100bA,1.08E-05,1.08E-08,,IgG1-kappa D1.3 Fv,E5.2 Fv,SPR,1,4.255407419
1DVF,D:K30A,5.88E-08,1.08E-08,,IgG1-kappa D1.3 Fv,E5.2 Fv,SPR,1,1.043927428
1DVF,D:H33A,2.50E-07,1.08E-08,,IgG1-kappa D1.3 Fv,E5.2 Fv,SPR,1,1.935524196
1DVF,D:D52A,1.85E-07,1.08E-08,,IgG1-kappa D1.3 Fv,E5.2 Fv,SPR,1,1.750033426
1DVF,D:I97A,1.00E-06,1.08E-08,,IgG1-kappa D1.3 Fv,E5.2 Fv,SPR,1,2.789527714
1DVF,B:E98A;D:Y98A,2.70E-05,1.08E-08,,IgG1-kappa D1.3 Fv,E5.2 Fv,SPR,2,4.819873041
1DVF,B:D54A;C:Y49A,2.13E-05,1.08E-08,,IgG1-kappa D1.3 Fv,E5.2 Fv,SPR,2,4.673793187
1DVF,B:D58A;D:Q100A,1.28E-07,1.08E-08,,IgG1-kappa D1.3 Fv,E5.2 Fv,SPR,2,1.523132608
1DVF,A:Y49A;D:N54A,3.33E-07,1.08E-08,,IgG1-kappa D1.3 Fv,E5.2 Fv,SPR,2,2.112129597
1DVF,A:Y32A;D:R100bA,2.78E-05,1.08E-08,,IgG1-kappa D1.3 Fv,E5.2 Fv,SPR,2,4.837860694
1DVF,B:N56A;D:Q100A,1.33E-07,1.08E-08,,IgG1-kappa D1.3 Fv,E5.2 Fv,SPR,2,1.546738305
1DVF,B:W52A;D:Q100A,1.22E-05,1.08E-08,,IgG1-kappa D1.3 Fv,E5.2 Fv,SPR,2,4.330495609
1DVF,B:D100A;D:H33A,1.19E-05,1.08E-08,,IgG1-kappa D1.3 Fv,E5.2 Fv,SPR,2,4.315157887
1DVF,B:D100A;D:D52A,1.59E-05,1.08E-08,,IgG1-kappa D1.3 Fv,E5.2 Fv,SPR,2,4.493672459
1DVF,A:Y49A;D:H33A,9.09E-07,1.08E-08,,IgG1-kappa D1.3 Fv,E5.2 Fv,SPR,2,2.730751861
1DVF,B:D100A;D:N54A,1.08E-05,1.08E-08,,IgG1-kappa D1.3 Fv,E5.2 Fv,SPR,2,4.255407419
1DVF,B:N56A;D:N54A,5.26E-07,1.08E-08,,IgG1-kappa D1.3 Fv,E5.2 Fv,SPR,2,2.393754602
1DVF,B:N56A;D:H33A,7.69E-07,1.08E-08,,IgG1-kappa D1.3 Fv,E5.2 Fv,SPR,2,2.627717747
1VFB,A:H30A,8.33E-08,2.00E-08,,IgG1-kappa D1.3 Fv,HEW Lysozyme,SPR,1,0.878904764
1VFB,A:Y32A,1.92E-07,2.00E-08,,IgG1-kappa D1.3 Fv,HEW Lysozyme,SPR,1,1.393321431
1VFB,A:Y49A,7.69E-08,2.00E-08,,IgG1-kappa D1.3 Fv,HEW Lysozyme,SPR,1,0.829657414
1VFB,A:Y50A,3.85E-08,2.00E-08,,IgG1-kappa D1.3 Fv,HEW Lysozyme,SPR,1,0.403456218
1VFB,A:W92A,2.00E-06,2.00E-08,,IgG1-kappa D1.3 Fv,HEW Lysozyme,SPR,1,2.83693828
1VFB,A:S93A,3.57E-08,2.00E-08,,IgG1-kappa D1.3 Fv,HEW Lysozyme,SPR,1,0.35694105
1VFB,B:T30A,1.82E-08,2.00E-08,,IgG1-kappa D1.3 Fv,HEW Lysozyme,SPR,1,-0.058098521
1VFB,B:Y32A,4.35E-08,2.00E-08,,IgG1-kappa D1.3 Fv,HEW Lysozyme,SPR,1,0.478675548
1VFB,B:W52A,3.70E-08,2.00E-08,,IgG1-kappa D1.3 Fv,HEW Lysozyme,SPR,1,0.378974852
1VFB,B:D54A,5.88E-08,2.00E-08,,IgG1-kappa D1.3 Fv,HEW Lysozyme,SPR,1,0.664336235
1VFB,B:N56A,2.70E-08,2.00E-08,,IgG1-kappa D1.3 Fv,HEW Lysozyme,SPR,1,0.184874428
1VFB,B:D58A,1.41E-08,2.00E-08,,IgG1-kappa D1.3 Fv,HEW Lysozyme,SPR,1,-0.215339053
1VFB,B:E98A,1.41E-07,2.00E-08,,IgG1-kappa D1.3 Fv,HEW Lysozyme,SPR,1,1.203130087
1VFB,B:R99A,1.69E-08,2.00E-08,,IgG1-kappa D1.3 Fv,HEW Lysozyme,SPR,1,-0.103751501
1VFB,B:D100A,3.57E-06,2.00E-08,,IgG1-kappa D1.3 Fv,HEW Lysozyme,SPR,1,3.19387933
1VFB,B:Y101F,1.00E-07,2.00E-08,,IgG1-kappa D1.3 Fv,HEW Lysozyme,SPR,1,0.991467381
1VFB,B:S28N,1.90E-09,1.49E-09,,IgG1-kappa D1.3 Fv,HEW Lysozyme,FL,1,0.149744003
1VFB,B:S28Q,1.70E-09,1.49E-09,,IgG1-kappa D1.3 Fv,HEW Lysozyme,FL,1,0.081225306
1VFB,B:S28D,1.49E-09,1.49E-09,,IgG1-kappa D1.3 Fv,HEW Lysozyme,FL,1,0
1VFB,B:S28E,1.25E-09,1.49E-09,,IgG1-kappa D1.3 Fv,HEW Lysozyme,FL,1,-0.108195514
1VFB,B:G31A,2.50E-09,1.49E-09,,IgG1-kappa D1.3 Fv,HEW Lysozyme,FL,1,0.318806245
1VFB,B:G31E,6.30E-10,1.49E-09,,IgG1-kappa D1.3 Fv,HEW Lysozyme,FL,1,-0.530288615
1VFB,B:G31W,1.50E-09,1.49E-09,,IgG1-kappa D1.3 Fv,HEW Lysozyme,FL,1,0.00412064
1VFB,B:Y32E,3.70E-08,1.49E-09,,IgG1-kappa D1.3 Fv,HEW Lysozyme,FL,1,1.978786373
1VFB,B:D58N,1.20E-09,1.49E-09,,IgG1-kappa D1.3 Fv,HEW Lysozyme,FL,1,-0.133343223
1VFB,B:D58E,1.70E-09,1.49E-09,,IgG1-kappa D1.3 Fv,HEW Lysozyme,FL,1,0.081225306
1VFB,B:R99Y,1.20E-08,1.49E-09,,IgG1-kappa D1.3 Fv,HEW Lysozyme,FL,1,1.285125917
1VFB,B:R99W,4.90E-09,1.49E-09,,IgG1-kappa D1.3 Fv,HEW Lysozyme,FL,1,0.733362463
1VFB,A:N31W,2.00E-09,1.49E-09,,IgG1-kappa D1.3 Fv,HEW Lysozyme,FL,1,0.181342382
1VFB,A:Y50R,6.20E-09,1.49E-09,,IgG1-kappa D1.3 Fv,HEW Lysozyme,FL,1,0.878323781
1VFB,A:Y50K,2.70E-08,1.49E-09,,IgG1-kappa D1.3 Fv,HEW Lysozyme,FL,1,1.78468595
1VFB,A:T52F,3.30E-09,1.49E-09,,IgG1-kappa D1.3 Fv,HEW Lysozyme,FL,1,0.489836645
1VFB,A:T53R,2.40E-08,1.49E-09,,IgG1-kappa D1.3 Fv,HEW Lysozyme,FL,1,1.712127676
1KIQ,B:F101Y,3.70E-09,2.50E-07,,IgG1-kappa D1.3 Fv,HEW Lysozyme,ITC,1,-2.595427291
1KIP,B:A32Y,3.70E-09,1.43E-08,,IgG1-kappa D1.3 Fv,HEW Lysozyme,ITC,1,-0.832831904
1KIR,A:S50Y,3.70E-09,3.85E-08,,IgG1-kappa D1.3 Fv,HEW Lysozyme,ITC,1,-1.442950506
1NCA,H:N31Q,5.00E-08,5.00E-08,,Subtype N9 neuraminidase,Antibody NC41 scFv,FL,1,0
1NCA,H:E96D,1.00E-07,5.00E-08,,Subtype N9 neuraminidase,Antibody NC41 scFv,FL,1,0.427001759
1NCA,H:D97K,1.67E-07,5.00E-08,,Subtype N9 neuraminidase,Antibody NC41 scFv,FL,1,0.7429182
1NCA,H:N98Q,1.25E-07,5.00E-08,,Subtype N9 neuraminidase,Antibody NC41 scFv,FL,1,0.564465622
3BN9,D:T28R,3.93E-11,2.24E-11,,Membrane-type serine protease 1,E2 fab,IAFL,1,0.346311484
3BN9,D:S30G,1.66E-10,2.24E-11,,Membrane-type serine protease 1,E2 fab,IAFL,1,1.233869665
3BN9,D:S30N,1.55E-10,2.24E-11,,Membrane-type serine protease 1,E2 fab,IAFL,1,1.191632775
3BN9,D:T98Q,2.16E-11,2.24E-11,,Membrane-type serine protease 1,E2 fab,IAFL,1,-0.022403681
3BN9,D:T98R,2.03E-11,2.24E-11,,Membrane-type serine protease 1,E2 fab,IAFL,1,-0.060642365
3BN9,D:Y99S,4.86E-11,2.24E-11,,Membrane-type serine protease 1,E2 fab,IAFL,1,0.477156353
3BN9,D:P100H,1.35E-09,2.24E-11,,Membrane-type serine protease 1,E2 fab,IAFL,1,2.524996703
3BN9,D:Q100aV,1.77E-10,2.24E-11,,Membrane-type serine protease 1,E2 fab,IAFL,1,1.27339556
1DQJ,A:N31A,8.33E-08,2.78E-09,,HyHEL-63 fab,HEW Lysozyme,SPR,1,2.094511823
1DQJ,A:N32A,2.78E-06,2.78E-09,,HyHEL-63 fab,HEW Lysozyme,SPR,1,4.255407419
1DQJ,A:Y50A,2.56E-07,2.78E-09,,HyHEL-63 fab,HEW Lysozyme,SPR,1,2.786150232
1DQJ,A:S91A,3.12E-08,2.78E-09,,HyHEL-63 fab,HEW Lysozyme,SPR,1,1.489548342
1DQJ,A:Y96A,1.89E-08,2.78E-09,,HyHEL-63 fab,HEW Lysozyme,SPR,1,1.180757838
1DQJ,B:D32A,8.33E-08,2.78E-09,,HyHEL-63 fab,HEW Lysozyme,SPR,1,2.094511823
1DQJ,B:Y33A,3.13E-05,2.78E-09,,HyHEL-63 fab,HEW Lysozyme,SPR,1,5.74692707
1DQJ,B:Y50A,0.000313,2.78E-09,,HyHEL-63 fab,HEW Lysozyme,SPR,1,7.16539621
1DQJ,B:Y53A,2.04E-08,2.78E-09,,HyHEL-63 fab,HEW Lysozyme,SPR,1,1.227806137
1DQJ,B:W98A,1.15E-05,2.78E-09,,HyHEL-63 fab,HEW Lysozyme,SPR,1,5.130110733
1DQJ,A:N32A;C:K96A,5.00E-05,2.78E-09,,HyHEL-63 fab,HEW Lysozyme,SPR,2,6.0354801
1DQJ,A:S91A;C:R21A,5.88E-07,2.78E-09,,HyHEL-63 fab,HEW Lysozyme,SPR,2,3.298412434
1DQJ,A:S91A;C:Y20A,1.16E-06,2.78E-09,,HyHEL-63 fab,HEW Lysozyme,SPR,2,3.716975248
1DQJ,A:Y96A;C:R21A,1.00E-06,2.78E-09,,HyHEL-63 fab,HEW Lysozyme,SPR,2,3.62554358
1DQJ,A:Y96A;C:S100A,1.30E-08,2.78E-09,,HyHEL-63 fab,HEW Lysozyme,SPR,2,0.950230429
1DQJ,B:D32A;C:K97A,1.85E-08,2.78E-09,,HyHEL-63 fab,HEW Lysozyme,SPR,2,1.167580152
1DQJ,B:Y53A;C:W62A,2.44E-08,2.78E-09,,HyHEL-63 fab,HEW Lysozyme,SPR,2,1.338105814
1DQJ,B:Y53A;C:W63A,1.14E-07,2.78E-09,,HyHEL-63 fab,HEW Lysozyme,SPR,2,2.287792215
1DQJ,B:Y53A;C:L75A,2.17E-08,2.78E-09,,HyHEL-63 fab,HEW Lysozyme,SPR,2,1.265863049
1DQJ,B:Y53A;C:D101A,2.78E-07,2.78E-09,,HyHEL-63 fab,HEW Lysozyme,SPR,2,2.83693828
1DQJ,B:W98A;C:S100A,2.38E-05,2.78E-09,,HyHEL-63 fab,HEW Lysozyme,SPR,2,5.578175512
1DQJ,B:W98A;C:K97A,0.000213,2.78E-09,,HyHEL-63 fab,HEW Lysozyme,SPR,2,6.928278193
1DQJ,B:W98A;C:Y20A,1.56E-05,2.78E-09,,HyHEL-63 fab,HEW Lysozyme,SPR,2,5.317954003
1JRH,L:E27A,3.00E-08,1.20E-08,,mAbs A6,Interferon gamma receptor,SPR,1,0.564465622
1JRH,L:D28A,2.50E-08,1.20E-08,,mAbs A6,Interferon gamma receptor,SPR,1,0.452149468
1JRH,L:Y30A,7.80E-08,1.20E-08,,mAbs A6,Interferon gamma receptor,SPR,1,1.15309251
1JRH,L:Y91A,3.20E-08,1.20E-08,,mAbs A6,Interferon gamma receptor,SPR,1,0.604223501
1JRH,L:W92A,1.40E-06,1.20E-08,,mAbs A6,Interferon gamma receptor,SPR,1,2.931900235
1JRH,L:S93A,4.00E-09,1.20E-08,,mAbs A6,Interferon gamma receptor,SPR,1,-0.676781776
1JRH,L:T94A,2.30E-08,1.20E-08,,mAbs A6,Interferon gamma receptor,SPR,1,0.400783618
1JRH,L:W96A,2.00E-07,1.20E-08,,mAbs A6,Interferon gamma receptor,SPR,1,1.733154745
1JRH,H:Y32A,1.35E-07,1.20E-08,,mAbs A6,Interferon gamma receptor,SPR,1,1.491027414
1JRH,H:W52A,1.12E-06,1.20E-08,,mAbs A6,Interferon gamma receptor,SPR,1,2.794436372
1JRH,H:W53A,7.16E-07,1.20E-08,,mAbs A6,Interferon gamma receptor,SPR,1,2.518820725
1JRH,H:D54A,2.90E-07,1.20E-08,,mAbs A6,Interferon gamma receptor,SPR,1,1.962050276
1JRH,H:D55A,2.00E-07,1.20E-08,,mAbs A6,Interferon gamma receptor,SPR,1,1.733154745
1JRH,H:D56A,2.75E-07,1.20E-08,,mAbs A6,Interferon gamma receptor,SPR,1,1.929332854
1JRH,H:Y58A,1.00E-07,1.20E-08,,mAbs A6,Interferon gamma receptor,SPR,1,1.306152986
1JRH,H:R95A,3.00E-08,1.20E-08,,mAbs A6,Interferon gamma receptor,SPR,1,0.564465622
1JRH,H:F98A,1.20E-08,1.20E-08,,mAbs A6,Interferon gamma receptor,SPR,1,0
1JRH,H:Y99A,7.20E-08,1.20E-08,,mAbs A6,Interferon gamma receptor,SPR,1,1.103783535
1JRH,H:H100bA,2.11E-07,1.20E-08,,mAbs A6,Interferon gamma receptor,SPR,1,1.766137641
1NMB,H:D56N,6.67E-06,4.55E-08,,Subtype N9 neuraminidase,Antibody NC10,SPR,1,3.072566483
1NMB,H:D56E,6.67E-06,4.55E-08,,Subtype N9 neuraminidase,Antibody NC10,SPR,1,3.072566483
1NMB,H:Y99A,1.69E-06,4.55E-08,,Subtype N9 neuraminidase,Antibody NC10,SPR,1,2.226819678
1NMB,H:Y100aF,5.00E-07,4.55E-08,,Subtype N9 neuraminidase,Antibody NC10,SPR,1,1.476567661
1NMB,L:Y32F,1.00E-07,4.55E-08,,Subtype N9 neuraminidase,Antibody NC10,SPR,1,0.48510028
1NMB,L:T93F,4.37E-08,4.55E-08,,Subtype N9 neuraminidase,Antibody NC10,SPR,1,-0.024865707
1NMB,L:T93W,6.21E-08,4.55E-08,,Subtype N9 neuraminidase,Antibody NC10,SPR,1,0.1916071
1NMB,L:L94V,2.08E-07,4.55E-08,,Subtype N9 neuraminidase,Antibody NC10,SPR,1,0.936263305
1VFB,A:Y32A,2.27E-07,1.25E-08,,IgG1-kappa D1.3 Fv,HEW Lysozyme,SPR,1,1.786016968
1VFB,A:Y50A,3.03E-08,1.25E-08,,IgG1-kappa D1.3 Fv,HEW Lysozyme,SPR,1,0.545447648
1VFB,A:W92A,3.57E-06,1.25E-08,,IgG1-kappa D1.3 Fv,HEW Lysozyme,SPR,1,3.483417226
1VFB,B:Y32A,8.33E-08,1.25E-08,,IgG1-kappa D1.3 Fv,HEW Lysozyme,SPR,1,1.16844266
1VFB,B:W52A,5.88E-08,1.25E-08,,IgG1-kappa D1.3 Fv,HEW Lysozyme,SPR,1,0.953874131
1VFB,B:D54A,6.67E-08,1.25E-08,,IgG1-kappa D1.3 Fv,HEW Lysozyme,SPR,1,1.0315332
1VFB,B:D100A,1.79E-06,1.25E-08,,IgG1-kappa D1.3 Fv,HEW Lysozyme,SPR,1,3.058138638
1VFB,B:Y101F,1.82E-07,1.25E-08,,IgG1-kappa D1.3 Fv,HEW Lysozyme,SPR,1,1.649908515
1VFB,A:Y32A;C:Q121A,1.82E-07,1.25E-08,,IgG1-kappa D1.3 Fv,HEW Lysozyme,SPR,2,1.649908515
1VFB,A:Y32A;C:I124A,1.69E-06,1.25E-08,,IgG1-kappa D1.3 Fv,HEW Lysozyme,SPR,2,3.022724675
1VFB,A:Y50A;C:D18A,1.06E-07,1.25E-08,,IgG1-kappa D1.3 Fv,HEW Lysozyme,SPR,2,1.316900866
1VFB,A:Y50A;C:D119A,1.00E-07,1.25E-08,,IgG1-kappa D1.3 Fv,HEW Lysozyme,SPR,2,1.281005277
1VFB,A:W92A;C:Q121A,4.76E-06,1.25E-08,,IgG1-kappa D1.3 Fv,HEW Lysozyme,SPR,2,3.660638968
1VFB,A:W92A;C:I124A,8.33E-06,1.25E-08,,IgG1-kappa D1.3 Fv,HEW Lysozyme,SPR,2,4.00538094
1VFB,A:W92A;C:R125A,3.85E-06,1.25E-08,,IgG1-kappa D1.3 Fv,HEW Lysozyme,SPR,2,3.529932394
1VFB,A:W92A;C:L129A,3.33E-06,1.25E-08,,IgG1-kappa D1.3 Fv,HEW Lysozyme,SPR,2,3.440545439
1VFB,B:Y32A;C:K116A,1.82E-07,1.25E-08,,IgG1-kappa D1.3 Fv,HEW Lysozyme,SPR,2,1.649908515
1VFB,B:W52A;C:D119A,5.56E-07,1.25E-08,,IgG1-kappa D1.3 Fv,HEW Lysozyme,SPR,2,2.337870876
1VFB,B:D54A;C:T118A,1.04E-07,1.25E-08,,IgG1-kappa D1.3 Fv,HEW Lysozyme,SPR,2,1.305166543
1VFB,B:D100A;C:S24A,3.70E-06,1.25E-08,,IgG1-kappa D1.3 Fv,HEW Lysozyme,SPR,2,3.505451028
1VFB,B:Y101F;C:D119A,1.27E-06,1.25E-08,,IgG1-kappa D1.3 Fv,HEW Lysozyme,SPR,2,2.846716792
1VFB,B:Y101F;C:V120A,9.09E-07,1.25E-08,,IgG1-kappa D1.3 Fv,HEW Lysozyme,SPR,2,2.640698564
1YY9,D:L29P,1.38E-09,1.31E-09,,Cetuximab fab,Epidermal growth factor receptor,SPR,1,0.032068453
1YY9,D:W52P,1.59E-08,1.31E-09,,Cetuximab fab,Epidermal growth factor receptor,SPR,1,1.537799032
1YY9,D:S53P,5.21E-09,1.31E-09,,Cetuximab fab,Epidermal growth factor receptor,SPR,1,0.850466475
1YY9,D:G54P,2.06E-09,1.31E-09,,Cetuximab fab,Epidermal growth factor receptor,SPR,1,0.278865252
1YY9,D:A98P,7.55E-09,1.31E-09,,Cetuximab fab,Epidermal growth factor receptor,SPR,1,1.078994943
1YY9,D:Y101P,2.13E-08,1.31E-09,,Cetuximab fab,Epidermal growth factor receptor,SPR,1,1.71791976
1YY9,C:A25P,1.48E-09,1.31E-09,,Cetuximab fab,Epidermal growth factor receptor,SPR,1,0.075165275
1YY9,C:S26P,1.29E-09,1.31E-09,,Cetuximab fab,Epidermal growth factor receptor,SPR,1,-0.009477623
1YY9,C:S28P,9.00E-10,1.31E-09,,Cetuximab fab,Epidermal growth factor receptor,SPR,1,-0.231251302
1YY9,C:S54P,1.27E-09,1.31E-09,,Cetuximab fab,Epidermal growth factor receptor,SPR,1,-0.019103339
1YY9,C:T96P,1.13E-06,1.31E-09,,Cetuximab fab,Epidermal growth factor receptor,SPR,1,4.16435184
3G6D,H:H104A,3.68E-12,1.84E-11,,CNTO607 fab,Interleukin-13,SPR,1,-0.991467381
3G6D,H:W105A,1.47E-12,1.84E-11,,CNTO607 fab,Interleukin-13,SPR,1,-1.556770574
3G6D,H:K210T;H:K215T,1.47E-11,1.84E-11,,CNTO607 fab,Interleukin-13,SPR,2,-0.138301434
3G6D,L:E3V;L:G76R;L:T77V;L:Q78E;L:E80G,2.33E-11,1.84E-11,,CNTO607 fab,Interleukin-13,SPR,4,0.145447128
3G6D,L:T89S;L:M92I;L:V93D;L:T94K,7.08E-11,1.84E-11,,CNTO607 fab,Interleukin-13,SPR,3,0.830110034
3G6D,L:E3V;L:G76R;L:T77V;L:Q78E;L:E80G;L:T89S;L:M92I;L:V93D;L:T94K,2.91E-11,1.84E-11,,CNTO607 fab,Interleukin-13,SPR,4,0.282381979
3G6D,L:E3V;L:G76R;L:T77V;L:Q78E;L:E80G;H:D54N,2.22E-11,1.84E-11,,CNTO607 fab,Interleukin-13,SPR,4,0.115655096
1XGU,B:F33L,1.22E-07,5.26E-09,,HyHEL-63 fab,HEW Lysozyme,ITC,1,1.936741006
1XGU,B:F33I,1.10E-07,5.26E-09,,HyHEL-63 fab,HEW Lysozyme,ITC,1,1.872956498
1XGU,B:F33V,7.14E-07,5.26E-09,,HyHEL-63 fab,HEW Lysozyme,ITC,1,3.025186819
1XGU,B:F33A,5.00E-06,5.26E-09,,HyHEL-63 fab,HEW Lysozyme,ITC,1,4.224178772
1XGP,B:A33F,5.26E-09,5.00E-06,,HyHEL-63 fab,HEW Lysozyme,ITC,1,-4.224178772
1XGP,B:A33L,1.22E-07,5.00E-06,,HyHEL-63 fab,HEW Lysozyme,ITC,1,-2.287437766
1XGP,B:A33I,1.10E-07,5.00E-06,,HyHEL-63 fab,HEW Lysozyme,ITC,1,-2.351222274
1XGP,B:A33V,7.14E-07,5.00E-06,,HyHEL-63 fab,HEW Lysozyme,ITC,1,-1.198991953
1XGQ,B:V33F,5.26E-09,7.14E-07,,HyHEL-63 fab,HEW Lysozyme,ITC,1,-3.025186819
1XGQ,B:V33L,1.22E-07,7.14E-07,,HyHEL-63 fab,HEW Lysozyme,ITC,1,-1.088445813
1XGQ,B:V33I,1.10E-07,7.14E-07,,HyHEL-63 fab,HEW Lysozyme,ITC,1,-1.152230322
1XGQ,B:V33A,5.00E-06,7.14E-07,,HyHEL-63 fab,HEW Lysozyme,ITC,1,1.198991953
1XGR,B:I33F,5.26E-09,1.10E-07,,HyHEL-63 fab,HEW Lysozyme,ITC,1,-1.872956498
1XGR,B:I33L,1.22E-07,1.10E-07,,HyHEL-63 fab,HEW Lysozyme,ITC,1,0.063784508
1XGR,B:I33V,7.14E-07,1.10E-07,,HyHEL-63 fab,HEW Lysozyme,ITC,1,1.152230322
1XGR,B:I33A,5.00E-06,1.10E-07,,HyHEL-63 fab,HEW Lysozyme,ITC,1,2.351222274
1XGT,B:L33F,5.26E-09,1.22E-07,,HyHEL-63 fab,HEW Lysozyme,ITC,1,-1.936741006
1XGT,B:L33I,1.10E-07,1.22E-07,,HyHEL-63 fab,HEW Lysozyme,ITC,1,-0.063784508
1XGT,B:L33V,7.14E-07,1.22E-07,,HyHEL-63 fab,HEW Lysozyme,ITC,1,1.088445813
1XGT,B:L33A,5.00E-06,1.22E-07,,HyHEL-63 fab,HEW Lysozyme,ITC,1,2.287437766
3N85,L:W91F,1.00E-09,7.90E-10,,HER2,Fab37,SPR,1,0.145212812
3N85,L:W94Y,7.40E-10,7.90E-10,,HER2,Fab37,SPR,1,-0.040277958
3N85,H:W30K,2.10E-10,7.90E-10,,HER2,Fab37,SPR,1,-0.816198202
3N85,H:W30R,3.10E-10,7.90E-10,,HER2,Fab37,SPR,1,-0.576274929
3N85,H:S32Y,8.70E-10,7.90E-10,,HER2,Fab37,SPR,1,0.059422738
3N85,H:S32A,6.30E-10,7.90E-10,,HER2,Fab37,SPR,1,-0.139416426
3N85,H:S50G,1.80E-09,7.90E-10,,HER2,Fab37,SPR,1,0.507308982
3N85,H:S52Y,2.10E-10,7.90E-10,,HER2,Fab37,SPR,1,-0.816198202
3N85,H:W96F,7.70E-10,7.90E-10,,HER2,Fab37,SPR,1,-0.015796592
3N85,H:W96F,7.70E-10,7.90E-10,,HER2,Fab37,SPR,1,-0.015796592
3L5X,L:H91Q;L:N92D;L:E93L;L:Y94G,3.70E-11,7.54E-10,,Interleukin-13,H2L6 fab,SPR,3,-1.857016707
3L5X,L:N92D;L:E93W;L:Y94G,4.40E-11,7.54E-10,,Interleukin-13,H2L6 fab,SPR,3,-1.750275554
3L5X,L:H91Q;L:N92D;L:E93I;L:Y94G,5.50E-11,7.54E-10,,Interleukin-13,H2L6 fab,SPR,3,-1.612811691
3L5X,L:N92E;L:E93W;L:Y94G,5.50E-11,7.54E-10,,Interleukin-13,H2L6 fab,SPR,3,-1.612811691
3L5X,L:N92D;L:E93P;L:Y94G,6.30E-11,7.54E-10,,Interleukin-13,H2L6 fab,SPR,3,-1.529153417
3L5X,L:H91Q;L:N92D;L:E93Y;L:Y94G,6.50E-11,7.54E-10,,Interleukin-13,H2L6 fab,SPR,3,-1.509900808
3L5X,L:N92S;L:E93W;L:Y94G,8.80E-11,7.54E-10,,Interleukin-13,H2L6 fab,SPR,3,-1.323273795
3L5X,L:N92E;L:E93S;L:Y94G,8.90E-11,7.54E-10,,Interleukin-13,H2L6 fab,SPR,3,-1.316312892
3L5X,L:N92S;L:E93H;L:Y94G,9.20E-11,7.54E-10,,Interleukin-13,H2L6 fab,SPR,3,-1.295890028
3L5X,L:N92F;L:E93W;L:Y94G,9.40E-11,7.54E-10,,Interleukin-13,H2L6 fab,SPR,3,-1.282641489
3L5X,L:N92D;L:E93W;L:Y94E,1.00E-10,7.54E-10,,Interleukin-13,H2L6 fab,SPR,3,-1.244524178
3L5X,L:N92S;L:E93Y;L:Y94G,1.48E-10,7.54E-10,,Interleukin-13,H2L6 fab,SPR,3,-1.003013189
3L5X,L:H91P;L:N92L;L:E93D;L:Y94V,1.77E-10,7.54E-10,,Interleukin-13,H2L6 fab,SPR,3,-0.892781752
3L5X,L:N92V;L:E93W;L:Y94G,1.84E-10,7.54E-10,,Interleukin-13,H2L6 fab,SPR,3,-0.868888269
3L5X,L:Y94A,1.86E-10,7.54E-10,,Interleukin-13,H2L6 fab,SPR,1,-0.862228384
3L5X,L:N92L;L:E93M;L:Y94G,1.87E-10,7.54E-10,,Interleukin-13,H2L6 fab,SPR,3,-0.858925248
3L5X,L:H91P;L:N92L;L:E93D;L:Y94T,1.92E-10,7.54E-10,,Interleukin-13,H2L6 fab,SPR,3,-0.842670128
3L5X,L:N92D;L:E93Y;L:Y94A,1.93E-10,7.54E-10,,Interleukin-13,H2L6 fab,SPR,3,-0.839469948
3L5X,L:N92S;L:E93I;L:Y94G,1.93E-10,7.54E-10,,Interleukin-13,H2L6 fab,SPR,3,-0.839469948
3L5X,L:E93H;L:Y94G,2.08E-10,7.54E-10,,Interleukin-13,H2L6 fab,SPR,2,-0.793361153
3L5X,L:N92D;L:E93W;L:Y94S,2.25E-10,7.54E-10,,Interleukin-13,H2L6 fab,SPR,3,-0.744964145
3L5X,L:N92L;L:E93N;L:Y94G,2.33E-10,7.54E-10,,Interleukin-13,H2L6 fab,SPR,3,-0.723441141
3L5X,L:N92L;L:E93D;L:Y94S,2.39E-10,7.54E-10,,Interleukin-13,H2L6 fab,SPR,3,-0.707778433
3L5X,L:H91P;L:N92I;L:E93D;L:Y94A,2.53E-10,7.54E-10,,Interleukin-13,H2L6 fab,SPR,3,-0.672710159
3L5X,L:H91P;L:N92L;L:E93D;L:Y94S,2.59E-10,7.54E-10,,Interleukin-13,H2L6 fab,SPR,3,-0.658271217
3L5X,L:N92L;L:E93L;L:Y94G,2.62E-10,7.54E-10,,Interleukin-13,H2L6 fab,SPR,3,-0.651176705
3L5X,L:N92L;L:E93D;L:Y94S,2.96E-10,7.54E-10,,Interleukin-13,H2L6 fab,SPR,3,-0.57601143
3L5X,L:N92D;L:E93N;L:Y94S,3.06E-10,7.54E-10,,Interleukin-13,H2L6 fab,SPR,3,-0.555543324
3L5X,L:N92D;L:E93R;L:Y94D,3.12E-10,7.54E-10,,Interleukin-13,H2L6 fab,SPR,3,-0.543581136
3L5X,L:N92S;L:E93V;L:Y94G,3.15E-10,7.54E-10,,Interleukin-13,H2L6 fab,SPR,3,-0.537686036
3L5X,L:N92V;L:E93G;L:Y94G,3.45E-10,7.54E-10,,Interleukin-13,H2L6 fab,SPR,3,-0.481644389
3L5X,L:H91P;L:N92L;L:Y94A,3.56E-10,7.54E-10,,Interleukin-13,H2L6 fab,SPR,3,-0.462309374
3L5X,L:N92D;L:E93L;L:Y94G,3.65E-10,7.54E-10,,Interleukin-13,H2L6 fab,SPR,3,-0.446929103
3L5X,L:E93F;L:Y94G,3.66E-10,7.54E-10,,Interleukin-13,H2L6 fab,SPR,2,-0.445243648
3L5X,L:N92S;L:E93W;L:Y94A,4.52E-10,7.54E-10,,Interleukin-13,H2L6 fab,SPR,3,-0.315230526
3L5X,L:N92S;L:E93S;L:Y94G,4.95E-10,7.54E-10,,Interleukin-13,H2L6 fab,SPR,3,-0.259248139
1BJ1,H:Y27A,1.50E-07,3.40E-09,,Fab-12,VEGF,SPR,1,2.332831854
1BJ1,H:Y54A,3.20E-08,3.40E-09,,Fab-12,VEGF,SPR,1,1.381122353
1BJ1,H:T59A,1.43E-08,3.40E-09,,Fab-12,VEGF,SPR,1,0.884922073
1BJ1,H:Y99A,6.12E-06,3.40E-09,,Fab-12,VEGF,SPR,1,4.61750359
1BJ1,H:H107A,1.29E-08,3.40E-09,,Fab-12,VEGF,SPR,1,0.821450789
1BJ1,L:M4L;H:T28D;H:N31H;H:H101Y;H:S105T,1.10E-09,1.30E-08,,Fab-12,VEGF,SPR,4,-1.521380022
1CZ8,L:L4M;H:D28T;H:H31N;H:Y101H;H:T105S,1.30E-08,1.10E-10,,Fab-12,VEGF,SPR,4,2.939849162
1BJ1,H:H101Y;H:Y103R;H:S105T,4.00E-10,2.90E-09,,Fab-12,VEGF,SPR,3,-1.220362912
1BJ1,H:H101Y;H:Y103I;H:G104A;H:S105K,1.40E-09,2.90E-09,,Fab-12,VEGF,SPR,3,-0.448619181
1BJ1,H:H101Y;H:Y103R;H:G104N;H:S105T,8.00E-10,2.90E-09,,Fab-12,VEGF,SPR,3,-0.793361153
1BJ1,H:Y54W,2.30E-09,2.90E-09,,Fab-12,VEGF,SPR,1,-0.142797518
1BJ1,H:T28D;H:N31H,9.00E-10,2.90E-09,,Fab-12,VEGF,SPR,2,-0.720802879
1BJ1,H:L72V;H:T74V,9.00E-09,2.90E-09,,Fab-12,VEGF,SPR,2,0.697666261
1BJ1,H:L72I;H:T74K,3.30E-09,2.90E-09,,Fab-12,VEGF,SPR,2,0.079598732
1BJ1,H:T28D;H:N31H;H:Y54W;H:H101Y;H:S105T,3.80E-10,2.90E-09,,Fab-12,VEGF,SPR,3,-1.251961291
1BJ1,H:T28D,2.00E-09,2.90E-09,,Fab-12,VEGF,SPR,1,-0.228895531
1BJ1,H:N31H,8.00E-10,2.90E-09,,Fab-12,VEGF,SPR,1,-0.793361153
1BJ1,H:H101Y,2.00E-10,2.90E-09,,Fab-12,VEGF,SPR,1,-1.647364671
1BJ1,H:S105T,1.50E-09,2.90E-09,,Fab-12,VEGF,SPR,1,-0.406117274
1MHP,L:S28Q,4.30E-09,1.07E-08,,AQC2 fab,Integrin alpha-1,SPR,1,-0.561593666
1MHP,H:T50V;L:S28Q;L:N52Y,1.90E-09,1.07E-08,,AQC2 fab,Integrin alpha-1,SPR,3,-1.064745741
1MHP,L:L49K,4.05E-08,8.50E-09,,AQC2 fab,Integrin alpha-1,KinExA,1,0.96177328
1MHP,H:T50V,5.45E-09,8.50E-09,,AQC2 fab,Integrin alpha-1,KinExA,1,-0.273796351
1MHP,H:L60D,6.91E-09,8.50E-09,,AQC2 fab,Integrin alpha-1,KinExA,1,-0.12757836
1MHP,H:K64E,6.54E-09,8.50E-09,,AQC2 fab,Integrin alpha-1,KinExA,1,-0.161480197
1MHP,H:K64Q,6.54E-09,8.50E-09,,AQC2 fab,Integrin alpha-1,KinExA,1,-0.161480197
1MHP,H:K64D,6.91E-09,8.50E-09,,AQC2 fab,Integrin alpha-1,KinExA,1,-0.12757836
1MHP,H:K64N,7.52E-09,8.50E-09,,AQC2 fab,Integrin alpha-1,KinExA,1,-0.075464097
1MHP,L:S28Q,2.76E-09,8.50E-09,,AQC2 fab,Integrin alpha-1,KinExA,1,-0.692936138
1MHP,L:N52Y,7.14E-09,8.50E-09,,AQC2 fab,Integrin alpha-1,KinExA,1,-0.107407496
1MHP,H:G100M,1.01E-08,8.50E-09,,AQC2 fab,Integrin alpha-1,KinExA,1,0.106246811
1MHP,L:S24R,7.59E-09,8.50E-09,,AQC2 fab,Integrin alpha-1,KinExA,1,-0.069756269
1MHP,L:N52E,6.30E-09,8.50E-09,,AQC2 fab,Integrin alpha-1,KinExA,1,-0.184512162
1MHP,H:F99W,8.50E-09,8.50E-09,,AQC2 fab,Integrin alpha-1,KinExA,1,0
1MHP,H:G100F,2.24E-08,8.50E-09,,AQC2 fab,Integrin alpha-1,KinExA,1,0.596933081
1MHP,H:G54Y,8.50E-09,8.50E-09,,AQC2 fab,Integrin alpha-1,KinExA,1,0
1MHP,H:F99W,8.50E-09,8.50E-09,,AQC2 fab,Integrin alpha-1,KinExA,1,0
1MHP,H:T50V;H:K64E,4.62E-09,8.50E-09,,AQC2 fab,Integrin alpha-1,KinExA,2,-0.375577933
1MHP,H:L60D;H:K64Q,9.14E-09,8.50E-09,,AQC2 fab,Integrin alpha-1,KinExA,2,0.04472046
1MHP,H:L60D;H:K64E,6.69E-09,8.50E-09,,AQC2 fab,Integrin alpha-1,KinExA,2,-0.147510589
1MHP,H:T50V;L:S28Q;L:N52Y,1.12E-09,8.50E-09,,AQC2 fab,Integrin alpha-1,KinExA,3,-1.248537818
1MHP,H:K64E;L:S28Q;L:N52Y,1.70E-09,8.50E-09,,AQC2 fab,Integrin alpha-1,KinExA,3,-0.991467381
1MHP,H:T50V;H:K64E;L:S28Q;L:N52E,1.00E-09,8.50E-09,,AQC2 fab,Integrin alpha-1,KinExA,3,-1.318352064
1MHP,H:T50V;H:K64E;L:S28Q;L:N52Y,1.46E-09,8.50E-09,,AQC2 fab,Integrin alpha-1,KinExA,3,-1.08522261
1MHP,L:N30V,5.00E-08,8.50E-09,,AQC2 fab,Integrin alpha-1,ELISA,1,1.091584457
1MHP,L:H31R,5.67E-08,8.50E-09,,AQC2 fab,Integrin alpha-1,ELISA,1,1.169051389
1MHP,L:H31K,6.07E-08,8.50E-09,,AQC2 fab,Integrin alpha-1,ELISA,1,1.211046065
1MHP,L:L49K,3.27E-08,8.50E-09,,AQC2 fab,Integrin alpha-1,ELISA,1,0.829987184
1MHP,L:N52R,3.54E-08,8.50E-09,,AQC2 fab,Integrin alpha-1,ELISA,1,0.878861261
1MHP,L:N52K,2.58E-08,8.50E-09,,AQC2 fab,Integrin alpha-1,ELISA,1,0.683986926
1MHP,H:R31Q,7.73E-08,8.50E-09,,AQC2 fab,Integrin alpha-1,ELISA,1,1.359972278
1MHP,H:S35Q,8.50E-07,8.50E-09,,AQC2 fab,Integrin alpha-1,ELISA,1,2.83693828
1MHP,H:T50V,8.50E-09,8.50E-09,,AQC2 fab,Integrin alpha-1,ELISA,1,0
1MHP,H:Y59E,2.13E-08,8.50E-09,,AQC2 fab,Integrin alpha-1,ELISA,1,0.565913409
1MHP,H:L60D,8.50E-09,8.50E-09,,AQC2 fab,Integrin alpha-1,ELISA,1,0
1MHP,H:K64E,8.50E-09,8.50E-09,,AQC2 fab,Integrin alpha-1,ELISA,1,0
1MHP,H:K64Q,8.50E-09,8.50E-09,,AQC2 fab,Integrin alpha-1,ELISA,1,0
1MHP,H:K64D,5.86E-09,8.50E-09,,AQC2 fab,Integrin alpha-1,ELISA,1,-0.229112993
1MHP,H:K64N,8.50E-09,8.50E-09,,AQC2 fab,Integrin alpha-1,ELISA,1,0
1MHP,L:S28Q,2.00E-09,8.50E-09,,AQC2 fab,Integrin alpha-1,ELISA,1,-0.891350305
1MHP,L:N30Y,2.13E-07,8.50E-09,,AQC2 fab,Integrin alpha-1,ELISA,1,1.984382549
1MHP,L:N30W,1.21E-07,8.50E-09,,AQC2 fab,Integrin alpha-1,ELISA,1,1.636014709
1MHP,L:N52Y,8.50E-09,8.50E-09,,AQC2 fab,Integrin alpha-1,ELISA,1,0
1MHP,L:S91T,4.25E-07,8.50E-09,,AQC2 fab,Integrin alpha-1,ELISA,1,2.409936521
1MHP,L:G92Q,1.21E-07,8.50E-09,,AQC2 fab,Integrin alpha-1,ELISA,1,1.636014709
1MHP,L:G92S,2.02E-08,8.50E-09,,AQC2 fab,Integrin alpha-1,ELISA,1,0.53324857
1MHP,H:S52M,2.83E-07,8.50E-09,,AQC2 fab,Integrin alpha-1,ELISA,1,2.159431332
1MHP,H:G53S,2.66E-08,8.50E-09,,AQC2 fab,Integrin alpha-1,ELISA,1,0.702798565
1MHP,H:G53A,2.02E-08,8.50E-09,,AQC2 fab,Integrin alpha-1,ELISA,1,0.53324857
1MHP,H:G54I,8.50E-08,8.50E-09,,AQC2 fab,Integrin alpha-1,ELISA,1,1.41846914
1MHP,H:G54T,6.07E-08,8.50E-09,,AQC2 fab,Integrin alpha-1,ELISA,1,1.211046065
1MHP,H:Y58Q,2.83E-07,8.50E-09,,AQC2 fab,Integrin alpha-1,ELISA,1,2.159431332
1MHP,H:Y58E,2.83E-07,8.50E-09,,AQC2 fab,Integrin alpha-1,ELISA,1,2.159431332
1MHP,H:Y58W,3.40E-08,8.50E-09,,AQC2 fab,Integrin alpha-1,ELISA,1,0.854003518
1MHP,H:G100M,1.01E-08,8.50E-09,,AQC2 fab,Integrin alpha-1,ELISA,1,0.106246811
1MHP,L:S24R,4.60E-09,8.50E-09,,AQC2 fab,Integrin alpha-1,ELISA,1,-0.378250533
1MHP,L:L49F,2.83E-08,8.50E-09,,AQC2 fab,Integrin alpha-1,ELISA,1,0.740962192
1MHP,L:L49W,2.13E-07,8.50E-09,,AQC2 fab,Integrin alpha-1,ELISA,1,1.984382549
1MHP,L:N52D,1.98E-08,8.50E-09,,AQC2 fab,Integrin alpha-1,ELISA,1,0.520927493
1MHP,L:N52E,8.50E-09,8.50E-09,,AQC2 fab,Integrin alpha-1,ELISA,1,0
1MHP,L:W90Q,2.83E-07,8.50E-09,,AQC2 fab,Integrin alpha-1,ELISA,1,2.159431332
1MHP,L:S91Q,1.70E-07,8.50E-09,,AQC2 fab,Integrin alpha-1,ELISA,1,1.845470899
1MHP,L:W90Q;L:F33Y,3.70E-08,8.50E-09,,AQC2 fab,Integrin alpha-1,ELISA,2,0.906093687
1MHP,H:T33V,1.77E-08,8.50E-09,,AQC2 fab,Integrin alpha-1,ELISA,1,0.451859502
1MHP,H:T33N,8.50E-07,8.50E-09,,AQC2 fab,Integrin alpha-1,ELISA,1,2.83693828
1MHP,H:S35A,1.21E-07,8.50E-09,,AQC2 fab,Integrin alpha-1,ELISA,1,1.636014709
1MHP,H:F99W,8.50E-09,8.50E-09,,AQC2 fab,Integrin alpha-1,ELISA,1,0
1MHP,H:F99Y,3.04E-08,8.50E-09,,AQC2 fab,Integrin alpha-1,ELISA,1,0.785058353
1MHP,H:G100L,8.50E-07,8.50E-09,,AQC2 fab,Integrin alpha-1,ELISA,1,2.83693828
1MHP,H:G100F,1.20E-08,8.50E-09,,AQC2 fab,Integrin alpha-1,ELISA,1,0.21243323
1MHP,H:G100S,2.18E-08,8.50E-09,,AQC2 fab,Integrin alpha-1,ELISA,1,0.580207167
1MHP,H:T50V;H:S35V,8.50E-07,8.50E-09,,AQC2 fab,Integrin alpha-1,ELISA,2,2.83693828
1MHP,H:T50V;H:S35A,2.83E-07,8.50E-09,,AQC2 fab,Integrin alpha-1,ELISA,2,2.159431332
1MHP,H:S35A;H:G102S,1.21E-07,8.50E-09,,AQC2 fab,Integrin alpha-1,ELISA,2,1.636014709
1MHP,H:S35V;H:G102S,9.44E-08,8.50E-09,,AQC2 fab,Integrin alpha-1,ELISA,2,1.483084762
1MHP,H:T50V;H:G102S,1.42E-07,8.50E-09,,AQC2 fab,Integrin alpha-1,ELISA,2,1.734602532
1MHP,L:H31W,7.08E-08,8.50E-09,,AQC2 fab,Integrin alpha-1,ELISA,1,1.30586302
1MHP,L:N30Y;L:S91I,1.77E-08,8.50E-09,,AQC2 fab,Integrin alpha-1,ELISA,2,0.451859502
1MHP,H:G53N,7.08E-08,8.50E-09,,AQC2 fab,Integrin alpha-1,ELISA,1,1.30586302
1MHP,H:G54Y,8.50E-09,8.50E-09,,AQC2 fab,Integrin alpha-1,ELISA,1,0
1MHP,H:F99W,8.50E-09,8.50E-09,,AQC2 fab,Integrin alpha-1,ELISA,1,0
1MHP,H:F99Y,3.04E-08,8.50E-09,,AQC2 fab,Integrin alpha-1,ELISA,1,0.785058353
1MHP,H:T33E;H:G53Q,1.42E-07,8.50E-09,,AQC2 fab,Integrin alpha-1,ELISA,2,1.734602532
1MHP,H:T33I;H:S52T;H:G53N;H:G54N,2.13E-07,8.50E-09,,AQC2 fab,Integrin alpha-1,ELISA,3,1.984382549
1MHP,H:T33I;H:S52T;H:G53Q...,7.08E-08,8.50E-09,,AQC2 fab,Integrin alpha-1,ELISA,3,1.30586302
1MHP,H:T50V;L:S28Q,2.63E-09,8.50E-09,,AQC2 fab,Integrin alpha-1,ELISA,2,-0.722657795
1MHP,H:T50V;H:K64E,8.50E-09,8.50E-09,,AQC2 fab,Integrin alpha-1,ELISA,2,0
1MHP,H:K64E;L:S28Q,2.00E-09,8.50E-09,,AQC2 fab,Integrin alpha-1,ELISA,2,-0.891350305
1MHP,H:T50V;L:S28Q;L:N52Y,1.70E-09,8.50E-09,,AQC2 fab,Integrin alpha-1,ELISA,3,-0.991467381
1MHP,H:K64E;L:S28Q;L:N52Y,1.36E-09,8.50E-09,,AQC2 fab,Integrin alpha-1,ELISA,3,-1.128931244
1MHP,H:T50V;H:K64E;L:S28Q;L:N52Y,1.27E-09,8.50E-09,,AQC2 fab,Integrin alpha-1,ELISA,3,-1.171109689
2B2X,H:V50T;H:E64K;L:Q28S;L:Y52N,8.50E-09,1.46E-09,,AQC2 fab,Integrin alpha-1,KinExA,3,1.08522261
2B2X,H:V50T;H:E64K;L:Q28S;L:Y52N;L:L49K,4.05E-08,1.46E-09,,AQC2 fab,Integrin alpha-1,KinExA,3,2.04699589
2B2X,H:E64K;L:Q28S;L:Y52N,5.45E-09,1.46E-09,,AQC2 fab,Integrin alpha-1,KinExA,3,0.811426259
2B2X,H:V50T;H:E64K;L:Q28S;L:Y52N;H:L60D,6.91E-09,1.46E-09,,AQC2 fab,Integrin alpha-1,KinExA,3,0.95764425
2B2X,H:V50T;L:Q28S;L:Y52N,6.54E-09,1.46E-09,,AQC2 fab,Integrin alpha-1,KinExA,3,0.923742413
2B2X,H:V50T;H:E64Q;L:Q28S;L:Y52N,6.54E-09,1.46E-09,,AQC2 fab,Integrin alpha-1,KinExA,3,0.923742413
2B2X,H:V50T;H:E64D;L:Q28S;L:Y52N,6.91E-09,1.46E-09,,AQC2 fab,Integrin alpha-1,KinExA,3,0.95764425
2B2X,H:V50T;H:E64N;L:Q28S;L:Y52N,7.52E-09,1.46E-09,,AQC2 fab,Integrin alpha-1,KinExA,3,1.009758513
2B2X,H:V50T;H:E64K;L:Y52N,2.76E-09,1.46E-09,,AQC2 fab,Integrin alpha-1,KinExA,3,0.392286472
2B2X,H:V50T;H:E64K;L:Q28S,7.14E-09,1.46E-09,,AQC2 fab,Integrin alpha-1,KinExA,3,0.977815114
2B2X,H:V50T;H:E64K;L:Q28S;L:Y52N;H:G100M,1.01E-08,1.46E-09,,AQC2 fab,Integrin alpha-1,KinExA,3,1.191469421
2B2X,H:V50T;H:E64K;L:Q28S;L:Y52N;L:S24R,7.59E-09,1.46E-09,,AQC2 fab,Integrin alpha-1,KinExA,3,1.015466341
2B2X,H:V50T;H:E64K;L:Q28S;L:Y52E,6.30E-09,1.46E-09,,AQC2 fab,Integrin alpha-1,KinExA,3,0.900710448
2B2X,H:V50T;H:E64K;L:Q28S;L:Y52N;H:F99W,8.50E-09,1.46E-09,,AQC2 fab,Integrin alpha-1,KinExA,3,1.08522261
2B2X,H:V50T;H:E64K;L:Q28S;L:Y52N;H:G100F,2.24E-08,1.46E-09,,AQC2 fab,Integrin alpha-1,KinExA,3,1.682155691
2B2X,H:V50T;H:E64K;L:Q28S;L:Y52N;H:G54Y,8.50E-09,1.46E-09,,AQC2 fab,Integrin alpha-1,KinExA,3,1.08522261
2B2X,H:V50T;H:E64K;L:Q28S;L:Y52N;H:F99W,8.50E-09,1.46E-09,,AQC2 fab,Integrin alpha-1,KinExA,3,1.08522261
2B2X,L:Q28S;L:Y52N,4.62E-09,1.46E-09,,AQC2 fab,Integrin alpha-1,KinExA,2,0.709644677
2B2X,H:V50T;H:E64Q;L:Q28S;L:Y52N;H:L60D,9.14E-09,1.46E-09,,AQC2 fab,Integrin alpha-1,KinExA,3,1.12994307
2B2X,H:V50T;L:Q28S;L:Y52N;H:L60D,6.69E-09,1.46E-09,,AQC2 fab,Integrin alpha-1,KinExA,3,0.937712021
2B2X,H:E64K,1.12E-09,1.46E-09,,AQC2 fab,Integrin alpha-1,KinExA,1,-0.163315208
2B2X,H:V50T,1.70E-09,1.46E-09,,AQC2 fab,Integrin alpha-1,KinExA,1,0.093755229
2B2X,L:Y52E,1.00E-09,1.46E-09,,AQC2 fab,Integrin alpha-1,KinExA,1,-0.233129454
2B2X,H:V50T;H:E64K;L:Q28S;L:Y52N;L:N30V,5.00E-08,1.46E-09,,AQC2 fab,Integrin alpha-1,ELISA,3,2.176807067
2B2X,H:V50T;H:E64K;L:Q28S;L:Y52N;L:H31R,5.67E-08,1.46E-09,,AQC2 fab,Integrin alpha-1,ELISA,3,2.254273999
2B2X,H:V50T;H:E64K;L:Q28S;L:Y52N;L:H31K,6.07E-08,1.46E-09,,AQC2 fab,Integrin alpha-1,ELISA,3,2.296268675
2B2X,H:V50T;H:E64K;L:Q28S;L:Y52N;L:L49K,3.27E-08,1.46E-09,,AQC2 fab,Integrin alpha-1,ELISA,3,1.915209794
2B2X,H:V50T;H:E64K;L:Q28S;L:Y52R,3.54E-08,1.46E-09,,AQC2 fab,Integrin alpha-1,ELISA,3,1.964083871
2B2X,H:V50T;H:E64K;L:Q28S;L:Y52K,2.58E-08,1.46E-09,,AQC2 fab,Integrin alpha-1,ELISA,3,1.769209536
2B2X,H:V50T;H:E64K;L:Q28S;L:Y52N;H:R31Q,7.73E-08,1.46E-09,,AQC2 fab,Integrin alpha-1,ELISA,3,2.445194889
2B2X,H:V50T;H:E64K;L:Q28S;L:Y52N;H:S35Q,8.50E-07,1.46E-09,,AQC2 fab,Integrin alpha-1,ELISA,3,3.92216089
2B2X,H:E64K;L:Q28S;L:Y52N,8.50E-09,1.46E-09,,AQC2 fab,Integrin alpha-1,ELISA,3,1.08522261
2B2X,H:V50T;H:E64K;L:Q28S;L:Y52N;H:Y59E,2.13E-08,1.46E-09,,AQC2 fab,Integrin alpha-1,ELISA,3,1.651136019
2B2X,H:V50T;H:E64K;L:Q28S;L:Y52N;H:L60D,8.50E-09,1.46E-09,,AQC2 fab,Integrin alpha-1,ELISA,3,1.08522261
2B2X,H:V50T;L:Q28S;L:Y52N,8.50E-09,1.46E-09,,AQC2 fab,Integrin alpha-1,ELISA,3,1.08522261
2B2X,H:V50T;H:E64Q;L:Q28S;L:Y52N,8.50E-09,1.46E-09,,AQC2 fab,Integrin alpha-1,ELISA,3,1.08522261
2B2X,H:V50T;H:E64D;L:Q28S;L:Y52N,5.86E-09,1.46E-09,,AQC2 fab,Integrin alpha-1,ELISA,3,0.856109617
2B2X,H:V50T;H:E64N;L:Q28S;L:Y52N,8.50E-09,1.46E-09,,AQC2 fab,Integrin alpha-1,ELISA,3,1.08522261
2B2X,H:V50T;H:E64K;L:Y52N,2.00E-09,1.46E-09,,AQC2 fab,Integrin alpha-1,ELISA,3,0.193872305
2B2X,H:V50T;H:E64K;L:Q28S;L:Y52N;L:N30Y,2.13E-07,1.46E-09,,AQC2 fab,Integrin alpha-1,ELISA,3,3.069605159
2B2X,H:V50T;H:E64K;L:Q28S;L:Y52N;L:N30W,1.21E-07,1.46E-09,,AQC2 fab,Integrin alpha-1,ELISA,3,2.721237319
2B2X,H:V50T;H:E64K;L:Q28S,8.50E-09,1.46E-09,,AQC2 fab,Integrin alpha-1,ELISA,3,1.08522261
2B2X,H:V50T;H:E64K;L:Q28S;L:Y52N;L:S91T,4.25E-07,1.46E-09,,AQC2 fab,Integrin alpha-1,ELISA,3,3.495159131
2B2X,H:V50T;H:E64K;L:Q28S;L:Y52N;L:S91R,8.50E-07,1.46E-09,,AQC2 fab,Integrin alpha-1,ELISA,3,3.92216089
2B2X,H:V50T;H:E64K;L:Q28S;L:Y52N;L:G92Q,1.21E-07,1.46E-09,,AQC2 fab,Integrin alpha-1,ELISA,3,2.721237319
2B2X,H:V50T;H:E64K;L:Q28S;L:Y52N;L:G92S,2.02E-08,1.46E-09,,AQC2 fab,Integrin alpha-1,ELISA,3,1.61847118
2B2X,H:V50T;H:E64K;L:Q28S;L:Y52N;L:S91R;L:N30E,8.50E-07,1.46E-09,,AQC2 fab,Integrin alpha-1,ELISA,3,3.92216089
2B2X,H:V50T;H:E64K;L:Q28S;L:Y52N;H:S52M,2.83E-07,1.46E-09,,AQC2 fab,Integrin alpha-1,ELISA,3,3.244653942
2B2X,H:V50T;H:E64K;L:Q28S;L:Y52N;H:G53S,2.66E-08,1.46E-09,,AQC2 fab,Integrin alpha-1,ELISA,3,1.788021175
2B2X,H:V50T;H:E64K;L:Q28S;L:Y52N;H:G53A,2.02E-08,1.46E-09,,AQC2 fab,Integrin alpha-1,ELISA,3,1.61847118
2B2X,H:V50T;H:E64K;L:Q28S;L:Y52N;H:G54I,8.50E-08,1.46E-09,,AQC2 fab,Integrin alpha-1,ELISA,3,2.50369175
2B2X,H:V50T;H:E64K;L:Q28S;L:Y52N;H:G54T,6.07E-08,1.46E-09,,AQC2 fab,Integrin alpha-1,ELISA,3,2.296268675
2B2X,H:V50T;H:E64K;L:Q28S;L:Y52N;H:Y58Q,2.83E-07,1.46E-09,,AQC2 fab,Integrin alpha-1,ELISA,3,3.244653942
2B2X,H:V50T;H:E64K;L:Q28S;L:Y52N;H:Y58E,2.83E-07,1.46E-09,,AQC2 fab,Integrin alpha-1,ELISA,3,3.244653942
2B2X,H:V50T;H:E64K;L:Q28S;L:Y52N;H:Y58W,3.40E-08,1.46E-09,,AQC2 fab,Integrin alpha-1,ELISA,3,1.939226128
2B2X,H:V50T;H:E64K;L:Q28S;L:Y52N;H:G100M,1.01E-08,1.46E-09,,AQC2 fab,Integrin alpha-1,ELISA,3,1.191469421
2B2X,H:V50T;H:E64K;L:Q28S;L:Y52N;L:S24R,4.60E-09,1.46E-09,,AQC2 fab,Integrin alpha-1,ELISA,3,0.706972077
2B2X,H:V50T;H:E64K;L:Q28S;L:Y52N;L:L49F,2.83E-08,1.46E-09,,AQC2 fab,Integrin alpha-1,ELISA,3,1.826184802
2B2X,H:V50T;H:E64K;L:Q28S;L:Y52N;L:L49W,2.13E-07,1.46E-09,,AQC2 fab,Integrin alpha-1,ELISA,3,3.069605159
2B2X,H:V50T;H:E64K;L:Q28S;L:Y52D,1.98E-08,1.46E-09,,AQC2 fab,Integrin alpha-1,ELISA,3,1.606150103
2B2X,H:V50T;H:E64K;L:Q28S;L:Y52E,8.50E-09,1.46E-09,,AQC2 fab,Integrin alpha-1,ELISA,3,1.08522261
2B2X,H:V50T;H:E64K;L:Q28S;L:Y52N;L:W90Q,2.83E-07,1.46E-09,,AQC2 fab,Integrin alpha-1,ELISA,3,3.244653942
2B2X,H:V50T;H:E64K;L:Q28S;L:Y52N;L:S91Q,1.70E-07,1.46E-09,,AQC2 fab,Integrin alpha-1,ELISA,3,2.930693509
2B2X,H:V50T;H:E64K;L:Q28S;L:Y52N;L:W90Q;L:F33Y,3.70E-08,1.46E-09,,AQC2 fab,Integrin alpha-1,ELISA,3,1.991316297
2B2X,H:V50T;H:E64K;L:Q28S;L:Y52N;H:T33V,1.77E-08,1.46E-09,,AQC2 fab,Integrin alpha-1,ELISA,3,1.537082112
2B2X,H:V50T;H:E64K;L:Q28S;L:Y52N;H:T33N,8.50E-07,1.46E-09,,AQC2 fab,Integrin alpha-1,ELISA,3,3.92216089
2B2X,H:V50T;H:E64K;L:Q28S;L:Y52N;H:S35A,1.21E-07,1.46E-09,,AQC2 fab,Integrin alpha-1,ELISA,3,2.721237319
2B2X,H:V50T;H:E64K;L:Q28S;L:Y52N;H:F99W,8.50E-09,1.46E-09,,AQC2 fab,Integrin alpha-1,ELISA,3,1.08522261
2B2X,H:V50T;H:E64K;L:Q28S;L:Y52N;H:F99Y,3.04E-08,1.46E-09,,AQC2 fab,Integrin alpha-1,ELISA,3,1.870280963
2B2X,H:V50T;H:E64K;L:Q28S;L:Y52N;H:G100L,8.50E-07,1.46E-09,,AQC2 fab,Integrin alpha-1,ELISA,3,3.92216089
2B2X,H:V50T;H:E64K;L:Q28S;L:Y52N;H:G100F,1.20E-08,1.46E-09,,AQC2 fab,Integrin alpha-1,ELISA,3,1.29765584
2B2X,H:V50T;H:E64K;L:Q28S;L:Y52N;H:G100S,2.18E-08,1.46E-09,,AQC2 fab,Integrin alpha-1,ELISA,3,1.665429777
2B2X,H:E64K;L:Q28S;L:Y52N;H:S35V,8.50E-07,1.46E-09,,AQC2 fab,Integrin alpha-1,ELISA,3,3.92216089
2B2X,H:E64K;L:Q28S;L:Y52N;H:S35A,2.83E-07,1.46E-09,,AQC2 fab,Integrin alpha-1,ELISA,3,3.244653942
2B2X,H:V50T;H:E64K;L:Q28S;L:Y52N;H:S35A;H:G102S,1.21E-07,1.46E-09,,AQC2 fab,Integrin alpha-1,ELISA,3,2.721237319
2B2X,H:V50T;H:E64K;L:Q28S;L:Y52N;H:S35V;H:G102S,9.44E-08,1.46E-09,,AQC2 fab,Integrin alpha-1,ELISA,3,2.568307372
2B2X,H:E64K;L:Q28S;L:Y52N;H:G102S,1.42E-07,1.46E-09,,AQC2 fab,Integrin alpha-1,ELISA,3,2.819825143
2B2X,H:V50T;H:E64K;L:Q28S;L:Y52N;L:H31W,7.08E-08,1.46E-09,,AQC2 fab,Integrin alpha-1,ELISA,3,2.39108563
2B2X,H:V50T;H:E64K;L:Q28S;L:Y52N;L:N30Y;L:S91I,1.77E-08,1.46E-09,,AQC2 fab,Integrin alpha-1,ELISA,3,1.537082112
2B2X,H:V50T;H:E64K;L:Q28S;L:Y52N;H:G53N,7.08E-08,1.46E-09,,AQC2 fab,Integrin alpha-1,ELISA,3,2.39108563
2B2X,H:V50T;H:E64K;L:Q28S;L:Y52N;H:G54Y,8.50E-09,1.46E-09,,AQC2 fab,Integrin alpha-1,ELISA,3,1.08522261
2B2X,H:V50T;H:E64K;L:Q28S;L:Y52N;H:F99W,8.50E-09,1.46E-09,,AQC2 fab,Integrin alpha-1,ELISA,3,1.08522261
2B2X,H:V50T;H:E64K;L:Q28S;L:Y52N;H:F99Y,3.04E-08,1.46E-09,,AQC2 fab,Integrin alpha-1,ELISA,3,1.870280963
2B2X,H:V50T;H:E64K;L:Q28S;L:Y52N;H:T33E;H:G53Q,1.42E-07,1.46E-09,,AQC2 fab,Integrin alpha-1,ELISA,3,2.819825143
2B2X,H:V50T;H:E64K;L:Q28S;L:Y52N;H:T33I;H:S52T;H:G53N;H:G54N,2.13E-07,1.46E-09,,AQC2 fab,Integrin alpha-1,ELISA,3,3.069605159
2B2X,H:V50T;H:E64K;L:Q28S;L:Y52N;H:T33I;H:S52T;H:G53Q;H:G54F,7.08E-08,1.46E-09,,AQC2 fab,Integrin alpha-1,ELISA,3,2.39108563
2B2X,H:E64K;L:Y52N,2.63E-09,1.46E-09,,AQC2 fab,Integrin alpha-1,ELISA,2,0.362564815
2B2X,L:Q28S;L:Y52N,8.50E-09,1.46E-09,,AQC2 fab,Integrin alpha-1,ELISA,2,1.08522261
2B2X,H:V50T;L:Y52N,2.00E-09,1.46E-09,,AQC2 fab,Integrin alpha-1,ELISA,2,0.193872305
2B2X,H:E64K,1.70E-09,1.46E-09,,AQC2 fab,Integrin alpha-1,ELISA,1,0.093755229
2B2X,H:V50T,1.36E-09,1.46E-09,,AQC2 fab,Integrin alpha-1,ELISA,1,-0.043708633
1MLC,A:N32G,1.00E-09,4.40E-09,,D44.1 fab,HEW Lysozyme,FL,1,-0.912717765
1MLC,A:N92A,5.30E-10,4.40E-09,,D44.1 fab,HEW Lysozyme,FL,1,-1.303823935
1MLC,B:T28D,3.41E-09,4.40E-09,,D44.1 fab,HEW Lysozyme,FL,1,-0.157022119
1MLC,B:T31A,9.36E-09,4.40E-09,,D44.1 fab,HEW Lysozyme,FL,1,0.465007053
1MLC,B:T31V,1.07E-08,4.40E-09,,D44.1 fab,HEW Lysozyme,FL,1,0.547431357
1MLC,B:S57A,2.32E-09,4.40E-09,,D44.1 fab,HEW Lysozyme,FL,1,-0.394284337
1MLC,B:S57V,1.91E-09,4.40E-09,,D44.1 fab,HEW Lysozyme,FL,1,-0.514080606
1MLC,B:T58D,1.71E-09,4.40E-09,,D44.1 fab,HEW Lysozyme,FL,1,-0.582219972
1MLC,B:K65D,4.54E-09,4.40E-09,,D44.1 fab,HEW Lysozyme,FL,1,0.019295686
1MLC,A:N32Y,4.40E-09,4.40E-09,,D44.1 fab,HEW Lysozyme,FL,1,0
1MLC,B:T31W,5.50E-09,4.40E-09,,D44.1 fab,HEW Lysozyme,FL,1,0.137463863
1MLC,A:N32G;A:N92A,1.38E-09,4.40E-09,,D44.1 fab,HEW Lysozyme,FL,2,-0.714303597
1MLC,B:S57V;B:T58D,8.30E-10,4.40E-09,,D44.1 fab,HEW Lysozyme,FL,2,-1.027502993
1MLC,A:N32G;A:N92A;B:S57V;B:T58D,2.35E-10,4.40E-09,,D44.1 fab,HEW Lysozyme,FL,3,-1.804838593
1MLC,A:N92A;B:S57V;B:T58D,7.72E-11,4.40E-09,,D44.1 fab,HEW Lysozyme,FL,3,-2.490598296
1MLC,A:N92A;B:T28D;B:S57V;B:T58D,4.31E-11,4.40E-09,,D44.1 fab,HEW Lysozyme,FL,3,-2.849669617
1MLC,A:N92A;B:T28D;B:S57V;B:T58D,5.50E-11,4.30E-09,,D44.1 fab,HEW Lysozyme,FL,3,-2.685312108
1MLC,A:N92A;B:T28D;B:S57V;B:T58D,1.80E-10,3.00E-09,,D44.1 fab,HEW Lysozyme,FL,3,-1.733154745
1MLC,A:N92A;B:T28D;B:S57V;B:T58D;A:N32L,5.60E-11,4.40E-09,,D44.1 fab,HEW Lysozyme,FL,3,-2.688374417
1MLC,A:N92A;B:T28D;B:S57V;B:T58D;B:S30G,8.20E-11,4.40E-09,,D44.1 fab,HEW Lysozyme,FL,3,-2.453439295
1MLC,A:N92A;B:T28D;B:S57V;B:T58D;B:Y59E,3.70E-10,4.40E-09,,D44.1 fab,HEW Lysozyme,FL,3,-1.525210294
1MLC,A:N92A;B:T28D;B:S57V;B:T58D;A:S91N;A:S93A,2.90E-10,4.40E-09,,D44.1 fab,HEW Lysozyme,FL,3,-1.675289614
1MLC,A:N92A;B:T28D;B:S57V;B:T58D;B:R98M;B:D100Q,2.20E-09,4.40E-09,,D44.1 fab,HEW Lysozyme,FL,3,-0.427001759
1MLC,A:N92A;B:T28D;B:S57V;B:T58D;B:E35S;B:G99D,3.00E-11,4.40E-09,,D44.1 fab,HEW Lysozyme,FL,3,-3.072874268
1MLC,A:N92A;B:T28D;B:S57V;B:T58D;B:Y32W;B:R98V;B:D100Q,8.10E-09,4.40E-09,,D44.1 fab,HEW Lysozyme,FL,3,0.375940199
1MLC,A:N92A;B:T28D;B:S57V;B:T58D;B:G99D,3.12E-09,4.40E-09,,D44.1 fab,HEW Lysozyme,FL,3,-0.211774723
1YY9,C:S26D,3.50E-10,4.90E-10,,Cetuximab fab,Epidermal growth factor receptor,FL,1,-0.207278109
1YY9,C:T31E,2.04E-10,4.90E-10,,Cetuximab fab,Epidermal growth factor receptor,FL,1,-0.539821003
1YY9,C:N93A,1.40E-10,4.90E-10,,Cetuximab fab,Epidermal growth factor receptor,FL,1,-0.771743731
1YY9,D:N56A,4.45E-10,4.90E-10,,Cetuximab fab,Epidermal growth factor receptor,FL,1,-0.059343173
1YY9,D:T61E,4.45E-10,4.90E-10,,Cetuximab fab,Epidermal growth factor receptor,FL,1,-0.059343173
1YY9,C:T31E;C:N93A,1.23E-10,4.90E-10,,Cetuximab fab,Epidermal growth factor receptor,FL,2,-0.851494214
1YY9,C:S26D;C:T31E;C:N93A,5.16E-11,4.90E-10,,Cetuximab fab,Epidermal growth factor receptor,FL,3,-1.386619371
1YY9,C:S26D;C:T31E;C:N93A;D:N56A;D:T61E,1.63E-10,4.90E-10,,Cetuximab fab,Epidermal growth factor receptor,FL,3,-0.678040271
3BDY,L:D27aN;L:P27cA;L:R27dK;L:S28T;L:Y53F;L:T93S;L:T94S,5.80E-08,3.00E-07,,bH1 Fab,VEGF,SPR,3,-1.012351866
3BDY,L:D27aN;L:P27cA;L:R27dK;L:S28T;L:Y53F;L:T93S;L:T94S;H:K30S;H:D31G;H:T53S;H:N54E;H:G96V;H:D98V,3.00E-09,3.00E-07,,bH1 Fab,VEGF,SPR,3,-2.83693828
3BE1,L:D27aN;L:P27cA;L:R27dK;L:S28T;L:Y53F;L:T93S;L:T94S,6.00E-09,2.60E-08,,bH1 Fab,erbB-2,SPR,3,-0.903312493
3BE1,L:D27aN;L:P27cA;L:R27dK;L:S28T;L:Y53F;L:T93S;L:T94S;H:K30S;H:D31G;H:T53S;H:N54E;H:G96V;H:D98V,2.00E-10,2.60E-08,,bH1 Fab,erbB-2,SPR,3,-2.998563409
3BDY,L:D27aN;L:P27cA;L:R27dK;L:S28T;L:T93S;L:T94S,6.00E-08,3.00E-07,,bH1 Fab,VEGF,SPR,3,-0.991467381
3BDY,L:D27aN;L:P27cA;L:R27dK;L:S28T;L:T93S;L:T94S;H:K30S;H:D31G;H:T53S;H:N54E;H:G96V;H:D98V,3.30E-09,3.00E-07,,bH1 Fab,VEGF,SPR,3,-2.778224033
3BDY,L:D27aN;L:P27cA;L:R27dK;L:S28T;L:T93S;L:T94S;H:K30S;H:D31G;H:T53S;H:N54E;H:G96V;H:D98V;H:R50A;H:R58A,3.00E-09,3.00E-07,,bH1 Fab,VEGF,SPR,3,-2.83693828
3BE1,L:D27aN;L:P27cA;L:R27dK;L:S28T;L:T93S;L:T94S,6.40E-09,2.00E-08,,bH1 Fab,erbB-2,SPR,3,-0.701929485
3BE1,L:D27aN;L:P27cA;L:R27dK;L:S28T;L:T93S;L:T94S;H:K30S;H:D31G;H:T53S;H:N54E;H:G96V;H:D98V,2.00E-10,2.00E-08,,bH1 Fab,erbB-2,SPR,3,-2.83693828
3BE1,L:D27aN;L:P27cA;L:R27dK;L:S28T;L:T93S;L:T94S;H:K30S;H:D31G;H:T53S;H:N54E;H:G96V;H:D98V;L:Y32A,1.00E-10,2.00E-08,,bH1 Fab,erbB-2,SPR,3,-3.263940039
3BE1,L:D27aN;L:P27cA;L:R27dK;L:S28T;L:T93S;L:T94S;H:K30S;H:D31G;H:T53S;H:N54E;H:G96V;H:D98V;L:Y32A;L:I29A,2.00E-10,2.00E-08,,bH1 Fab,erbB-2,SPR,3,-2.83693828
2NYY,D:M34Q,1.40E-10,1.55E-10,,AR2 mab,BoNT/A1,KinExA,1,-0.062701531
2NYY,D:K30R,1.75E-10,1.55E-10,,AR2 mab,BoNT/A1,KinExA,1,0.074762332
2NYY,D:Y31D,1.73E-10,1.55E-10,,AR2 mab,BoNT/A1,KinExA,1,0.067681411
2NYY,D:Y31Q,1.93E-10,1.55E-10,,AR2 mab,BoNT/A1,KinExA,1,0.13507459
2NYY,D:Y57Q,3.75E-10,1.55E-10,,AR2 mab,BoNT/A1,KinExA,1,0.544265998
2NYY,C:S28Q,3.13E-10,1.55E-10,,AR2 mab,BoNT/A1,KinExA,1,0.43293471
2NYY,C:D30Y,4.61E-10,1.55E-10,,AR2 mab,BoNT/A1,KinExA,1,0.671459641
2NYY,C:S31N,8.50E-11,1.55E-10,,AR2 mab,BoNT/A1,KinExA,1,-0.370096716
2NYY,C:H34R,1.84E-10,1.55E-10,,AR2 mab,BoNT/A1,KinExA,1,0.105656269
2NYY,D:V37I,8.70E-11,1.25E-10,,AR2 mab,BoNT/A1,KinExA,1,-0.223253937
2NYY,D:E6Q,8.20E-11,1.25E-10,,AR2 mab,BoNT/A1,KinExA,1,-0.259716253
2NYY,D:V37I;D:E6Q,1.15E-10,1.25E-10,,AR2 mab,BoNT/A1,KinExA,2,-0.051365849
2NYY,D:K30S;D:Y31D;D:D32H;D:S61P,1.36E-10,1.25E-10,,AR2 mab,BoNT/A1,KinExA,3,0.051956958
2NZ9,D:S30K;D:D31Y;D:H32D,1.25E-10,1.36E-10,,AR2 mab,BoNT/A1,KinExA,3,-0.051956958
3NGB,H:T33Y,6.64E-09,5.76E-09,,VRC01 fab,gp120,SPR,1,0.087584222
3NGB,H:G54S,2.02E-08,5.76E-09,,VRC01 fab,gp120,SPR,1,0.772964808
3NGB,H:A56G,5.24E-09,5.76E-09,,VRC01 fab,gp120,SPR,1,-0.058286594
3NGB,H:V57T,7.27E-09,5.76E-09,,VRC01 fab,gp120,SPR,1,0.143424149
3NGB,H:P62K,8.53E-09,5.76E-09,,VRC01 fab,gp120,SPR,1,0.241886645
3NGB,H:V73T,7.61E-09,5.76E-09,,VRC01 fab,gp120,SPR,1,0.17158111
3NGB,H:Y74S,1.01E-08,5.76E-09,,VRC01 fab,gp120,SPR,1,0.345963049
3NGB,H:I30T,6.52E-09,5.76E-09,,VRC01 fab,gp120,SPR,1,0.076349261
3NGB,H:K52N,7.74E-09,5.76E-09,,VRC01 fab,gp120,SPR,1,0.1820158
3NGB,H:R53N,6.23E-09,5.76E-09,,VRC01 fab,gp120,SPR,1,0.04832095
3NGB,H:R61Q,6.78E-09,5.76E-09,,VRC01 fab,gp120,SPR,1,0.100437843
3NGB,L:Y28S,1.73E-08,5.76E-09,,VRC01 fab,gp120,SPR,1,0.677494365
3NGB,H:A56G;H:V57T;H:P62K;H:V73T,9.72E-08,5.76E-09,,VRC01 fab,gp120,SPR,3,1.740807431
3NGB,H:T33Y;H:G55S;H:A56G;H:V57T;H:P62K;H:V73T;H:Y74S,1.52E-07,5.76E-09,,VRC01 fab,gp120,SPR,3,2.016241971
3NGB,H:I30T;H:K52N;H:R53N;H:G54S;H:A56G;H:V57T;H:R61Q;H:P62K;H:V73T;H:Y74S;L:Y28S,2.47E-08,5.76E-09,,VRC01 fab,gp120,SPR,3,0.896861823
3NGB,H:C32S;H:C98A,8.92E-09,5.76E-09,,VRC01 fab,gp120,SPR,2,0.269427392
2BDN,H:L27R,2.40E-09,8.00E-10,,MCP-1,11K2 scFv,SPR,1,0.676781776
2BDN,H:L27K,3.50E-09,8.00E-10,,MCP-1,11K2 scFv,SPR,1,0.909207594
2BDN,H:N28D,1.00E-09,8.00E-10,,MCP-1,11K2 scFv,SPR,1,0.137463863
2BDN,H:N28Q,8.50E-09,8.00E-10,,MCP-1,11K2 scFv,SPR,1,1.455815927
2BDN,H:D31E,5.00E-09,8.00E-10,,MCP-1,11K2 scFv,SPR,1,1.128931244
2BDN,L:Y30K,2.50E-09,8.00E-10,,MCP-1,11K2 scFv,SPR,1,0.701929485
2BDN,L:N31R,1.70E-10,8.00E-10,,MCP-1,11K2 scFv,SPR,1,-0.954120594
2BDN,L:N31K,2.90E-07,8.00E-10,,MCP-1,11K2 scFv,SPR,1,3.630299433
2BDN,L:S53D,6.10E-10,8.00E-10,,MCP-1,11K2 scFv,SPR,1,-0.167039141
2BDN,L:S53E,1.90E-10,8.00E-10,,MCP-1,11K2 scFv,SPR,1,-0.885601896
2BDN,L:T56D,3.90E-10,8.00E-10,,MCP-1,11K2 scFv,SPR,1,-0.442598372
2BDN,L:T56E,2.50E-10,8.00E-10,,MCP-1,11K2 scFv,SPR,1,-0.716539655
5C6T,H:R31S,2.20E-10,1.30E-10,,1G2 fab,HCMV glycoprotein B,SPR,1,0.324090877
5C6T,H:S32A,3.00E-11,1.30E-10,,1G2 fab,HCMV glycoprotein B,SPR,1,-0.903312493
5C6T,H:N102A,1.71E-09,1.30E-10,,1G2 fab,HCMV glycoprotein B,SPR,1,1.587341803
5C6T,H:Y103A,2.36E-09,1.30E-10,,1G2 fab,HCMV glycoprotein B,SPR,1,1.785808179
5C6T,H:F104A,1.53E-09,1.30E-10,,1G2 fab,HCMV glycoprotein B,SPR,1,1.518823106
5C6T,H:Y109A,2.40E-10,1.30E-10,,1G2 fab,HCMV glycoprotein B,SPR,1,0.377692784
5C6T,L:Y50A,3.30E-10,1.30E-10,,1G2 fab,HCMV glycoprotein B,SPR,1,0.573870893
5C6T,L:R51A,1.60E-10,1.30E-10,,1G2 fab,HCMV glycoprotein B,SPR,1,0.127912767
3NGB,H:I30A,2.19E-08,2.20E-08,,VRC01 fab,gp120,SPR,1,-0.002806535
3NGB,H:T33A,7.12E-08,2.20E-08,,VRC01 fab,gp120,SPR,1,0.723500558
3NGB,H:W47A,1.62E-07,2.20E-08,,VRC01 fab,gp120,SPR,1,1.229943717
3NGB,H:W50A,1.88E-07,2.20E-08,,VRC01 fab,gp120,SPR,1,1.321637583
3NGB,H:K52A,6.19E-08,2.20E-08,,VRC01 fab,gp120,SPR,1,0.637272748
3NGB,H:R53A,1.43E-08,2.20E-08,,VRC01 fab,gp120,SPR,1,-0.26537663
3NGB,H:G54A,2.64E-09,2.20E-08,,VRC01 fab,gp120,SPR,1,-1.306152986
3NGB,H:G55A,1.80E-07,2.20E-08,,VRC01 fab,gp120,SPR,1,1.294849305
3NGB,H:V57A,2.10E-07,2.20E-08,,VRC01 fab,gp120,SPR,1,1.38981126
3NGB,H:N58A,4.14E-07,2.20E-08,,VRC01 fab,gp120,SPR,1,1.807949077
3NGB,H:Y59A,5.47E-08,2.20E-08,,VRC01 fab,gp120,SPR,1,0.561096242
3NGB,H:R61A,1.15E-07,2.20E-08,,VRC01 fab,gp120,SPR,1,1.018851148
3NGB,H:P62A,2.05E-08,2.20E-08,,VRC01 fab,gp120,SPR,1,-0.043502774
3NGB,H:Q64A,1.25E-08,2.20E-08,,VRC01 fab,gp120,SPR,1,-0.348252143
3NGB,H:M69A,5.31E-08,2.20E-08,,VRC01 fab,gp120,SPR,1,0.542808196
3NGB,H:R71A,3.37E-07,2.20E-08,,VRC01 fab,gp120,SPR,1,1.681179866
3NGB,H:V73A,1.34E-07,2.20E-08,,VRC01 fab,gp120,SPR,1,1.113047368
3NGB,H:Y74A,1.58E-08,2.20E-08,,VRC01 fab,gp120,SPR,1,-0.203927058
3NGB,H:D99A,2.43E-08,2.20E-08,,VRC01 fab,gp120,SPR,1,0.061254594
3NGB,H:Y100A,2.34E-07,2.20E-08,,VRC01 fab,gp120,SPR,1,1.456474434
3NGB,H:N100aA,1.41E-07,2.20E-08,,VRC01 fab,gp120,SPR,1,1.144415841
3NGB,H:W100bA,3.64E-05,2.20E-08,,VRC01 fab,gp120,SPR,1,4.565596411
3NGB,L:V3A,6.09E-09,2.20E-08,,VRC01 fab,gp120,SPR,1,-0.791229729
3NGB,L:Q27A,1.50E-08,2.20E-08,,VRC01 fab,gp120,SPR,1,-0.235935989
3NGB,L:Y28A,1.13E-07,2.20E-08,,VRC01 fab,gp120,SPR,1,1.008043268
3NGB,L:S30A,1.73E-08,2.20E-08,,VRC01 fab,gp120,SPR,1,-0.148054954
3NGB,L:Y91A,6.33E-07,2.20E-08,,VRC01 fab,gp120,SPR,1,2.069519566
3NGB,L:E96A,1.97E-07,2.20E-08,,VRC01 fab,gp120,SPR,1,1.350444389
3NGB,L:F97A,9.16E-08,2.20E-08,,VRC01 fab,gp120,SPR,1,0.87870304
3SE8,H:R30A,5.90E-08,6.30E-08,,VRC03 Fab,gp120,SPR,1,-0.040410112
3SE8,H:W47A,7.30E-07,6.30E-08,,VRC03 Fab,gp120,SPR,1,1.509226073
3SE8,H:W50A,5.77E-07,6.30E-08,,VRC03 Fab,gp120,SPR,1,1.364333639
3SE8,H:K52A,3.99E-07,6.30E-08,,VRC03 Fab,gp120,SPR,1,1.137090745
3SE8,H:L53A,6.90E-08,6.30E-08,,VRC03 Fab,gp120,SPR,1,0.056041647
3SE8,H:W54A,2.23E-07,6.30E-08,,VRC03 Fab,gp120,SPR,1,0.778688938
3SE8,H:G55A,1.14E-07,6.30E-08,,VRC03 Fab,gp120,SPR,1,0.365347014
3SE8,H:V57A,5.02E-07,6.30E-08,,VRC03 Fab,gp120,SPR,1,1.278555837
3SE8,H:S58A,4.26E-07,6.30E-08,,VRC03 Fab,gp120,SPR,1,1.177427331
3SE8,H:Y59A,2.61E-07,6.30E-08,,VRC03 Fab,gp120,SPR,1,0.87562094
3SE8,H:R61A,4.67E-07,6.30E-08,,VRC03 Fab,gp120,SPR,1,1.234034578
3SE8,H:Q62A,4.01E-07,6.30E-08,,VRC03 Fab,gp120,SPR,1,1.140170918
3SE8,H:Q64A,1.57E-07,6.30E-08,,VRC03 Fab,gp120,SPR,1,0.56250685
3SE8,H:R71A,5.09E-06,6.30E-08,,VRC03 Fab,gp120,SPR,1,2.705555743
3SE8,H:Q75A,7.40E-08,6.30E-08,,VRC03 Fab,gp120,SPR,1,0.099138468
3SE8,H:P76aA,6.50E-08,6.30E-08,,VRC03 Fab,gp120,SPR,1,0.019252608
3SE8,H:P76dA,5.60E-08,6.30E-08,,VRC03 Fab,gp120,SPR,1,-0.072558275
3SE8,H:D99A,3.30E-08,6.30E-08,,VRC03 Fab,gp120,SPR,1,-0.398343879
3SE8,H:Y100A,2.50E-07,6.30E-08,,VRC03 Fab,gp120,SPR,1,0.84909486
3SE8,H:D100cA,4.20E-08,6.30E-08,,VRC03 Fab,gp120,SPR,1,-0.249780017
3SE8,H:F100dA,3.71E-07,6.30E-08,,VRC03 Fab,gp120,SPR,1,1.092268558
3SE8,L:E1A,2.50E-08,6.30E-08,,VRC03 Fab,gp120,SPR,1,-0.56937428
3SE8,L:Q27A,4.40E-08,6.30E-08,,VRC03 Fab,gp120,SPR,1,-0.221122137
3SE8,L:N31A,8.70E-08,6.30E-08,,VRC03 Fab,gp120,SPR,1,0.198839165
3SE8,L:D50A,2.61E-07,6.30E-08,,VRC03 Fab,gp120,SPR,1,0.87562094
3SE8,L:F91A,1.50E-08,6.30E-08,,VRC03 Fab,gp120,SPR,1,-0.884059885
3SE8,L:E96A,7.78E-07,6.30E-08,,VRC03 Fab,gp120,SPR,1,1.548456301
3SE8,L:F97A,2.51E-07,6.30E-08,,VRC03 Fab,gp120,SPR,1,0.851554078
