#PDB,Mutations,ddG(kcal/mol),Source,LD,Jump,Interface?,Single_mut_A,Small_to_large,Multiple_mut,Multiple_mut_no_A
1DQJ,H:D32A,2.0,AB-Bind,1,1,True,True,False,False,False
1DQJ,H:W98A,4.9,AB-Bind,1,1,True,True,False,False,False
1DQJ,H:Y33A,5.5,AB-Bind,1,1,True,True,False,False,False
1DQJ,H:Y50A,6.9,AB-Bind,1,1,True,True,False,False,False
1DQJ,H:Y53A,1.2,AB-Bind,1,1,True,True,False,False,False
1DQJ,L:N31A,2.0,AB-Bind,1,1,True,True,False,False,False
1DQJ,L:N32A,4.1,AB-Bind,1,1,True,True,False,False,False
1DQJ,L:S91A,1.4,AB-Bind,1,1,True,True,False,False,False
1DQJ,L:Y50A,2.7,AB-Bind,1,1,True,True,False,False,False
1DQJ,L:Y96A,1.1,AB-Bind,1,1,True,True,False,False,False
1MHP,H:K64E;L:S28Q,-0.85,AB-Bind,2,2,True,False,True,True,True
1MHP,H:K64E;L:S28Q;L:N52Y,-0.95,AB-Bind,3,2,True,False,True,True,True
1MHP,H:L60D;H:K64E,-0.14,AB-Bind,2,2,True,False,False,True,True
1MHP,H:L60D;H:K64Q,0.04,AB-Bind,2,2,True,False,False,True,True
1MHP,H:S35A;H:G102S,1.58,AB-Bind,2,2,True,False,True,True,False
1MHP,H:S35V;H:G102S,1.43,AB-Bind,2,2,True,False,True,True,True
1MHP,H:T33E;H:G53Q,1.67,AB-Bind,2,2,True,False,True,True,True
1MHP,H:T33I;H:S52T;H:G53N;H:G54N,1.91,AB-Bind,4,2,True,False,True,True,True
1MHP,H:T33I;H:S52T;H:G53Q;H:G54F,1.26,AB-Bind,4,2,True,False,True,True,True
1MHP,H:T50V;H:G102S,1.67,AB-Bind,2,2,True,False,True,True,True
1MHP,H:T50V;H:K64E,-0.36,AB-Bind,2,2,True,False,True,True,True
1MHP,H:T50V;H:K64E;L:S28Q;L:N52E,-1.24,AB-Bind,4,2,True,False,True,True,True
1MHP,H:T50V;H:K64E;L:S28Q;L:N52Y,-1.04,AB-Bind,4,2,True,False,True,True,True
1MHP,H:T50V;H:S35A,2.08,AB-Bind,2,2,True,False,True,True,False
1MHP,H:T50V;H:S35V,2.73,AB-Bind,2,2,True,False,True,True,True
1MHP,H:T50V;L:S28Q,-0.69,AB-Bind,2,2,True,False,True,True,True
1MHP,H:T50V;L:S28Q;L:N52Y,-1.2,AB-Bind,3,2,True,False,True,True,True
1MHP,L:N30Y;L:S91I,0.43,AB-Bind,2,2,True,False,True,True,True
1MHP,L:W90Q;L:F33Y,0.87,AB-Bind,2,2,True,False,True,True,True
1MHP,H:F99W,0.0,AB-Bind,1,2,True,False,True,False,False
1MHP,H:F99Y,0.76,AB-Bind,1,2,True,False,True,False,False
1MHP,H:G100F,0.57,AB-Bind,1,2,True,False,True,False,False
1MHP,H:G100L,2.73,AB-Bind,1,2,True,False,True,False,False
1MHP,H:G100M,0.1,AB-Bind,1,2,True,False,True,False,False
1MHP,H:G100S,0.56,AB-Bind,1,2,True,False,True,False,False
1MHP,H:G53A,0.51,AB-Bind,1,2,True,True,True,False,False
1MHP,H:G53N,1.26,AB-Bind,1,2,True,False,True,False,False
1MHP,H:G53S,0.68,AB-Bind,1,2,True,False,True,False,False
1MHP,H:G54I,1.36,AB-Bind,1,2,True,False,True,False,False
1MHP,H:G54T,1.17,AB-Bind,1,2,True,False,True,False,False
1MHP,H:G54Y,0.0,AB-Bind,1,2,True,False,True,False,False
1MHP,H:K64D,-0.12,AB-Bind,1,2,True,False,False,False,False
1MHP,H:K64E,-0.16,AB-Bind,1,2,True,False,False,False,False
1MHP,H:K64N,-0.07,AB-Bind,1,2,True,False,False,False,False
1MHP,H:K64Q,-0.16,AB-Bind,1,2,True,False,False,False,False
1MHP,H:L60D,-0.12,AB-Bind,1,2,True,False,False,False,False
1MHP,H:R31Q,1.31,AB-Bind,1,2,True,False,False,False,False
1MHP,H:S35A,1.58,AB-Bind,1,2,True,True,False,False,False
1MHP,H:S35Q,2.73,AB-Bind,1,2,True,False,True,False,False
1MHP,H:S52M,2.08,AB-Bind,1,2,True,False,True,False,False
1MHP,H:T33N,2.73,AB-Bind,1,2,True,False,True,False,False
1MHP,H:T33V,0.43,AB-Bind,1,2,True,False,True,False,False
1MHP,H:T50V,-0.26,AB-Bind,1,2,True,False,True,False,False
1MHP,H:Y58E,2.08,AB-Bind,1,2,True,False,False,False,False
1MHP,H:Y58Q,2.08,AB-Bind,1,2,True,False,False,False,False
1MHP,H:Y58W,0.82,AB-Bind,1,2,True,False,True,False,False
1MHP,H:Y59E,0.54,AB-Bind,1,2,True,False,False,False,False
1MHP,L:G92Q,1.58,AB-Bind,1,2,True,False,True,False,False
1MHP,L:G92S,0.51,AB-Bind,1,2,True,False,True,False,False
1MHP,L:H31K,1.17,AB-Bind,1,2,True,False,True,False,False
1MHP,L:H31R,1.12,AB-Bind,1,2,True,False,True,False,False
1MHP,L:H31W,1.26,AB-Bind,1,2,True,False,True,False,False
1MHP,L:L49F,0.71,AB-Bind,1,2,True,False,True,False,False
1MHP,L:L49K,0.93,AB-Bind,1,2,True,False,True,False,False
1MHP,L:L49W,1.91,AB-Bind,1,2,True,False,True,False,False
1MHP,L:N30V,1.05,AB-Bind,1,2,True,False,True,False,False
1MHP,L:N30W,1.58,AB-Bind,1,2,True,False,True,False,False
1MHP,L:N30Y,1.91,AB-Bind,1,2,True,False,True,False,False
1MHP,L:N52D,0.5,AB-Bind,1,2,True,False,False,False,False
1MHP,L:N52E,-0.18,AB-Bind,1,2,True,False,True,False,False
1MHP,L:N52K,0.66,AB-Bind,1,2,True,False,True,False,False
1MHP,L:N52R,0.85,AB-Bind,1,2,True,False,True,False,False
1MHP,L:N52Y,-0.1,AB-Bind,1,2,True,False,True,False,False
1MHP,L:S24R,-0.07,AB-Bind,1,2,True,False,True,False,False
1MHP,L:S28Q,-0.67,AB-Bind,1,2,True,False,True,False,False
1MHP,L:S91Q,1.78,AB-Bind,1,2,True,False,True,False,False
1MHP,L:S91R,2.73,AB-Bind,1,2,True,False,True,False,False
1MHP,L:S91T,2.32,AB-Bind,1,2,True,False,True,False,False
1MHP,L:W90Q,2.08,AB-Bind,1,2,True,False,False,False,False
1MLC,H:S57V;H:T58D,-0.99,AB-Bind,2,1,True,False,True,True,True
1MLC,H:S57V;H:T58D;L:N32G;L:N92A,-1.74,AB-Bind,4,1,True,False,True,True,False
1MLC,H:S57V;H:T58D;L:N92A,-2.4,AB-Bind,3,1,True,False,True,True,False
1MLC,H:T28D;H:S57V;H:T58D;L:N92A,-2.74,AB-Bind,4,1,True,False,True,True,False
1MLC,L:N32G;L:N92A,-0.69,AB-Bind,2,1,True,False,False,True,False
1MLC,H:K65D,0.02,AB-Bind,1,1,False,False,False,False,False
1MLC,H:S57A,-0.38,AB-Bind,1,1,True,True,False,False,False
1MLC,H:S57V,-0.49,AB-Bind,1,1,True,False,True,False,False
1MLC,H:T28D,-0.15,AB-Bind,1,1,True,False,False,False,False
1MLC,H:T31A,0.45,AB-Bind,1,1,True,True,False,False,False
1MLC,H:T31V,0.53,AB-Bind,1,1,True,False,True,False,False
1MLC,H:T31W,0.13,AB-Bind,1,1,True,False,True,False,False
1MLC,H:T58D,-0.56,AB-Bind,1,1,True,False,False,False,False
1MLC,L:N32G,-0.85,AB-Bind,1,1,True,False,False,False,False
1MLC,L:N32Y,0.0,AB-Bind,1,1,True,False,True,False,False
1MLC,L:N92A,-1.25,AB-Bind,1,1,True,True,False,False,False
1N8Z,L:N30S;L:H91F;L:Y92W,-0.07,AB-Bind,3,2,True,False,True,True,True
1N8Z,H:D31A,0.25,AB-Bind,1,2,True,True,False,False,False
1N8Z,H:D98A,1.21,AB-Bind,1,2,False,True,False,False,False
1N8Z,H:D98W,-0.69,AB-Bind,1,2,False,False,True,False,False
1N8Z,H:F100A,1.17,AB-Bind,1,2,False,True,False,False,False
1N8Z,H:K30A,0.61,AB-Bind,1,2,True,True,False,False,False
1N8Z,H:N54A,-0.15,AB-Bind,1,2,False,True,False,False,False
1N8Z,H:T32A,0.38,AB-Bind,1,2,True,True,False,False,False
1N8Z,H:T53A,0.78,AB-Bind,1,2,False,True,False,False,False
1N8Z,H:Y100AF,-0.05,AB-Bind,1,2,False,False,False,False,False
1N8Z,H:Y100AF,0.82,AB-Bind,1,2,False,False,False,False,False
1N8Z,H:Y102V,0.22,AB-Bind,1,2,False,False,False,False,False
1N8Z,H:Y33A,-0.09,AB-Bind,1,2,True,True,False,False,False
1N8Z,H:Y52A,0.23,AB-Bind,1,2,True,True,False,False,False
1N8Z,H:Y56A,0.87,AB-Bind,1,2,False,True,False,False,False
1N8Z,L:D28N,-0.28,AB-Bind,1,2,True,False,True,False,False
1N8Z,L:F53N,1.21,AB-Bind,1,2,True,False,False,False,False
1N8Z,L:H91F,-0.43,AB-Bind,1,2,True,False,True,False,False
1N8Z,L:H91F,0.03,AB-Bind,1,2,True,False,True,False,False
1N8Z,L:N30A,1.12,AB-Bind,1,2,True,True,False,False,False
1N8Z,L:N30S,0.06,AB-Bind,1,2,True,False,False,False,False
1N8Z,L:R66G,0.22,AB-Bind,1,2,True,False,False,False,False
1N8Z,L:S50A,-0.07,AB-Bind,1,2,True,True,False,False,False
1N8Z,L:S52A,-0.31,AB-Bind,1,2,True,True,False,False,False
1N8Z,L:T31A,0.8,AB-Bind,1,2,True,True,False,False,False
1N8Z,L:T93A,0.82,AB-Bind,1,2,True,True,False,False,False
1N8Z,L:T94A,-0.12,AB-Bind,1,2,True,True,False,False,False
1N8Z,L:T94S,0.31,AB-Bind,1,2,True,False,False,False,False
1N8Z,L:Y49A,1.05,AB-Bind,1,2,True,True,False,False,False
1N8Z,L:Y92A,1.36,AB-Bind,1,2,True,True,False,False,False
1N8Z,L:Y92F,-0.21,AB-Bind,1,2,True,False,False,False,False
1VFB,H:D100A,2.9,AB-Bind,1,1,True,True,False,False,False
1VFB,H:D54A,1.0,AB-Bind,1,1,True,True,False,False,False
1VFB,H:D58E,0.08,AB-Bind,1,1,True,False,True,False,False
1VFB,H:D58N,-0.13,AB-Bind,1,1,True,False,True,False,False
1VFB,H:G31A,0.3,AB-Bind,1,1,True,True,True,False,False
1VFB,H:G31E,-0.51,AB-Bind,1,1,True,False,True,False,False
1VFB,H:G31W,0.01,AB-Bind,1,1,True,False,True,False,False
1VFB,H:R99W,0.71,AB-Bind,1,1,True,False,True,False,False
1VFB,H:R99Y,1.26,AB-Bind,1,1,True,False,False,False,False
1VFB,H:S28D,0.0,AB-Bind,1,1,True,False,True,False,False
1VFB,H:S28E,-0.1,AB-Bind,1,1,True,False,True,False,False
1VFB,H:S28N,0.15,AB-Bind,1,1,True,False,True,False,False
1VFB,H:S28Q,0.08,AB-Bind,1,1,True,False,True,False,False
1VFB,H:W52A,0.9,AB-Bind,1,1,True,True,False,False,False
1VFB,H:Y101A,4.0,AB-Bind,1,1,True,True,False,False,False
1VFB,H:Y101F,1.6,AB-Bind,1,1,True,False,False,False,False
1VFB,H:Y32A,1.1,AB-Bind,1,1,True,True,False,False,False
1VFB,H:Y32E,1.91,AB-Bind,1,1,True,False,False,False,False
1VFB,L:N31W,0.17,AB-Bind,1,1,True,False,True,False,False
1VFB,L:T52F,0.47,AB-Bind,1,1,True,False,True,False,False
1VFB,L:T53R,1.67,AB-Bind,1,1,True,False,True,False,False
1VFB,L:W92A,3.3,AB-Bind,1,1,True,True,False,False,False
1VFB,L:Y32A,1.7,AB-Bind,1,1,True,True,False,False,False
1VFB,L:Y50A,0.5,AB-Bind,1,1,True,True,False,False,False
1VFB,L:Y50K,1.67,AB-Bind,1,1,True,False,False,False,False
1VFB,L:Y50R,0.85,AB-Bind,1,1,True,False,True,False,False
1YY9,L:S26D;L:T31E;L:N93A,-1.33,AB-Bind,3,2,True,False,True,True,False
1YY9,L:T31E;L:N93A,-0.82,AB-Bind,2,2,True,False,True,True,False
1YY9,H:N56A,-0.06,AB-Bind,1,2,True,True,False,False,False
1YY9,H:T61E,-0.06,AB-Bind,1,2,True,False,True,False,False
1YY9,L:N93A,-0.74,AB-Bind,1,2,True,True,False,False,False
1YY9,L:S26D,-0.2,AB-Bind,1,2,True,False,True,False,False
1YY9,L:T31E,-0.52,AB-Bind,1,2,True,False,True,False,False
2NY7,H:N31H;H:V33T;H:I34L,-0.69,AB-Bind,3,2,True,False,True,True,True
2NY7,H:N31H;H:V33T;H:I34V,-0.81,AB-Bind,3,2,True,False,True,True,True
2NY7,H:P97E;H:Y98W;H:S99G,-1.23,AB-Bind,3,2,True,False,True,True,True
2NY7,H:V33T;H:H35M,-0.57,AB-Bind,2,2,True,False,True,True,True
2NY7,H:V33T;H:I34V,-1.25,AB-Bind,2,2,True,False,False,True,True
2NY7,L:A93G;L:S95A,-0.38,AB-Bind,2,2,True,False,False,True,False
2NY7,L:A93W;L:S95Q,-1.47,AB-Bind,2,2,True,False,True,True,True
2NY7,L:S28K;L:I28AE;L:R29F;L:S30G,-0.16,AB-Bind,4,2,True,False,True,True,True
2NY7,L:V90K;L:A93D;L:S95F,-2.0,AB-Bind,3,2,True,False,True,True,True
2NY7,L:V90K;L:A93G;L:S94G;L:S95T,-1.93,AB-Bind,4,2,True,False,True,True,True
2NY7,L:V90L;L:A93R;L:S94G;L:S95N,-1.61,AB-Bind,4,2,True,False,True,True,True
2NY7,L:V90M;L:A93G;L:S94F;L:S95T,-1.36,AB-Bind,4,2,True,False,True,True,True
2NY7,L:V90M;L:A93G;L:S94R;L:S95D,-0.24,AB-Bind,4,2,True,False,True,True,True
2NY7,L:V90Q;L:A93D;L:S95L,-1.61,AB-Bind,3,2,True,False,True,True,True
2NY7,L:V90Q;L:A93W;L:S94P;L:S95F,-2.27,AB-Bind,4,2,True,False,True,True,True
2NY7,L:V90S;L:A93G;L:S94R;L:S95D,-1.52,AB-Bind,4,2,True,False,True,True,True
2NY7,L:V90T;L:A93R;L:S94G,-2.65,AB-Bind,3,2,True,False,True,True,True
2NY7,L:V90T;L:A93R;L:S94G;L:S95H,-2.71,AB-Bind,4,2,True,False,True,True,True
2NY7,L:V90T;L:A93R;L:S94G;L:S95I,-2.31,AB-Bind,4,2,True,False,True,True,True
2NY7,L:V90T;L:A93R;L:S94G;L:S95V,-0.98,AB-Bind,4,2,True,False,True,True,True
2NY7,L:V90T;L:A93W;L:S95G,-1.56,AB-Bind,3,2,True,False,True,True,True
2NYY,H:K30R,0.07,AB-Bind,1,3,True,False,True,False,False
2NYY,H:M34Q,-0.06,AB-Bind,1,3,True,False,False,False,False
2NYY,H:Y31D,0.07,AB-Bind,1,3,True,False,False,False,False
2NYY,H:Y31Q,0.13,AB-Bind,1,3,True,False,False,False,False
2NYY,H:Y57Q,0.52,AB-Bind,1,3,True,False,False,False,False
2NYY,L:D30Y,0.65,AB-Bind,1,3,True,False,True,False,False
2NYY,L:H34R,0.1,AB-Bind,1,3,True,False,True,False,False
2NYY,L:S28Q,0.42,AB-Bind,1,3,True,False,True,False,False
2NYY,L:S31N,-0.36,AB-Bind,1,3,True,False,True,False,False
3BDY,H:D31A,0.2,AB-Bind,1,3,True,True,False,False,False
3BDY,H:D98A,0.0,AB-Bind,1,3,True,True,False,False,False
3BDY,H:F100A,0.7,AB-Bind,1,3,True,True,False,False,False
3BDY,H:G96A,0.2,AB-Bind,1,3,True,True,True,False,False
3BDY,H:G97A,-0.1,AB-Bind,1,3,True,True,True,False,False
3BDY,H:G99A,0.8,AB-Bind,1,3,True,True,True,False,False
3BDY,H:K30A,0.2,AB-Bind,1,3,True,True,False,False,False
3BDY,H:N54A,-0.2,AB-Bind,1,3,True,True,False,False,False
3BDY,H:R50A,-0.3,AB-Bind,1,3,True,True,False,False,False
3BDY,H:R58A,-0.2,AB-Bind,1,3,True,True,False,False,False
3BDY,H:T32A,-0.4,AB-Bind,1,3,True,True,False,False,False
3BDY,H:T53A,-0.5,AB-Bind,1,3,True,True,False,False,False
3BDY,H:W95A,2.0,AB-Bind,1,3,True,True,False,False,False
3BDY,H:Y100AA,0.5,AB-Bind,1,3,True,True,False,False,False
3BDY,H:Y33A,0.3,AB-Bind,1,3,True,True,False,False,False
3BDY,H:Y52A,0.4,AB-Bind,1,3,True,True,False,False,False
3BDY,H:Y56A,0.2,AB-Bind,1,3,True,True,False,False,False
3BDY,L:D27AA,0.0,AB-Bind,1,3,False,True,False,False,False
3BDY,L:G31A,1.2,AB-Bind,1,3,True,True,True,False,False
3BDY,L:G51A,1.0,AB-Bind,1,3,True,True,True,False,False
3BDY,L:H91A,2.0,AB-Bind,1,3,True,True,False,False,False
3BDY,L:I27BA,1.1,AB-Bind,1,3,True,True,False,False,False
3BDY,L:I29A,0.8,AB-Bind,1,3,True,True,False,False,False
3BDY,L:P27CA,0.2,AB-Bind,1,3,True,True,False,False,False
3BDY,L:R27DA,-0.2,AB-Bind,1,3,True,True,False,False,False
3BDY,L:S28A,1.0,AB-Bind,1,3,True,True,False,False,False
3BDY,L:S30A,1.3,AB-Bind,1,3,True,True,False,False,False
3BDY,L:S52A,0.1,AB-Bind,1,3,True,True,False,False,False
3BDY,L:T93A,-0.3,AB-Bind,1,3,True,True,False,False,False
3BDY,L:T94A,0.0,AB-Bind,1,3,True,True,False,False,False
3BDY,L:W50A,1.3,AB-Bind,1,3,True,True,False,False,False
3BDY,L:Y32A,1.7,AB-Bind,1,3,True,True,False,False,False
3BDY,L:Y53A,0.7,AB-Bind,1,3,True,True,False,False,False
3BDY,L:Y92A,1.4,AB-Bind,1,3,True,True,False,False,False
3BE1,H:D31A,0.4,AB-Bind,1,2,True,True,False,False,False
3BE1,H:D98A,-0.1,AB-Bind,1,2,True,True,False,False,False
3BE1,H:F100A,1.9,AB-Bind,1,2,True,True,False,False,False
3BE1,H:G96A,0.1,AB-Bind,1,2,True,True,True,False,False
3BE1,H:G97A,0.3,AB-Bind,1,2,True,True,True,False,False
3BE1,H:G99A,1.8,AB-Bind,1,2,True,True,True,False,False
3BE1,H:K30A,-0.3,AB-Bind,1,2,True,True,False,False,False
3BE1,H:N54A,-0.8,AB-Bind,1,2,True,True,False,False,False
3BE1,H:R50A,2.4,AB-Bind,1,2,True,True,False,False,False
3BE1,H:R58A,2.5,AB-Bind,1,2,True,True,False,False,False
3BE1,H:T32A,-0.4,AB-Bind,1,2,True,True,False,False,False
3BE1,H:T53A,0.1,AB-Bind,1,2,True,True,False,False,False
3BE1,H:W95A,1.8,AB-Bind,1,2,True,True,False,False,False
3BE1,H:Y100AA,1.2,AB-Bind,1,2,True,True,False,False,False
3BE1,H:Y33A,2.4,AB-Bind,1,2,True,True,False,False,False
3BE1,H:Y52A,-0.8,AB-Bind,1,2,True,True,False,False,False
3BE1,H:Y56A,1.8,AB-Bind,1,2,True,True,False,False,False
3BE1,L:D27AA,0.0,AB-Bind,1,2,True,True,False,False,False
3BE1,L:G31A,0.3,AB-Bind,1,2,True,True,True,False,False
3BE1,L:G51A,-0.3,AB-Bind,1,2,True,True,True,False,False
3BE1,L:H91A,0.9,AB-Bind,1,2,True,True,False,False,False
3BE1,L:I27BA,-0.2,AB-Bind,1,2,True,True,False,False,False
3BE1,L:I29A,0.9,AB-Bind,1,2,True,True,False,False,False
3BE1,L:P27CA,0.1,AB-Bind,1,2,True,True,False,False,False
3BE1,L:R27DA,-0.2,AB-Bind,1,2,True,True,False,False,False
3BE1,L:S28A,0.3,AB-Bind,1,2,True,True,False,False,False
3BE1,L:S30A,-0.2,AB-Bind,1,2,True,True,False,False,False
3BE1,L:S52A,0.3,AB-Bind,1,2,True,True,False,False,False
3BE1,L:T93A,-0.4,AB-Bind,1,2,True,True,False,False,False
3BE1,L:T94A,1.4,AB-Bind,1,2,True,True,False,False,False
3BE1,L:W50A,1.4,AB-Bind,1,2,True,True,False,False,False
3BE1,L:Y32A,-0.8,AB-Bind,1,2,True,True,False,False,False
3BE1,L:Y53A,0.9,AB-Bind,1,2,True,True,False,False,False
3BE1,L:Y92A,0.5,AB-Bind,1,2,True,True,False,False,False
3BN9,H:Q100AV,1.36,AB-Bind,1,2,True,False,False,False,False
3BN9,H:S30G,1.36,AB-Bind,1,2,True,False,False,False,False
3BN9,H:S30N,1.36,AB-Bind,1,2,True,False,True,False,False
3BN9,H:T28R,0.3,AB-Bind,1,2,True,False,True,False,False
3BN9,H:T98Q,0.0,AB-Bind,1,2,True,False,True,False,False
3BN9,H:T98R,-0.06,AB-Bind,1,2,True,False,True,False,False
3BN9,H:Y99S,0.41,AB-Bind,1,2,True,False,False,False,False
3HFM,H:C95A,5.52,AB-Bind,1,2,False,True,False,False,False
3HFM,H:C95F,3.25,AB-Bind,1,2,False,False,True,False,False
3HFM,H:D32A,1.9,AB-Bind,1,2,True,True,False,False,False
3HFM,H:D32N,0.17,AB-Bind,1,2,True,False,True,False,False
3HFM,H:S31A,0.17,AB-Bind,1,2,True,True,False,False,False
3HFM,H:Y33A,6.0,AB-Bind,1,2,True,True,False,False,False
3HFM,L:N31A,5.22,AB-Bind,1,2,True,True,False,False,False
3HFM,L:N31D,1.34,AB-Bind,1,2,True,False,False,False,False
3HFM,L:N31E,5.67,AB-Bind,1,2,True,False,True,False,False
3HFM,L:N32A,5.11,AB-Bind,1,2,True,True,False,False,False
3HFM,L:Q53A,0.95,AB-Bind,1,2,True,True,False,False,False
3HFM,L:Y50A,4.57,AB-Bind,1,2,True,True,False,False,False
3HFM,L:Y50F,2.36,AB-Bind,1,2,True,False,False,False,False
3HFM,L:Y50L,4.4,AB-Bind,1,2,True,False,False,False,False
3HFM,L:Y96A,2.71,AB-Bind,1,2,True,True,False,False,False
3HFM,L:Y96F,1.4,AB-Bind,1,2,True,False,False,False,False
3NGB,H:A56G;H:V57T;H:P62K;H:V73T,1.67,AB-Bind,4,2,True,False,True,True,True
3NGB,H:C32S;H:C98A,0.26,AB-Bind,2,2,True,False,True,True,False
3NGB,H:A56G,-0.06,AB-Bind,1,2,True,False,False,False,False
3NGB,H:G54S,0.73,AB-Bind,1,2,True,False,True,False,False
3NGB,H:I30T,0.08,AB-Bind,1,2,True,False,False,False,False
3NGB,H:K52N,0.18,AB-Bind,1,2,True,False,False,False,False
3NGB,H:P62K,0.23,AB-Bind,1,2,True,False,True,False,False
3NGB,H:R53N,0.05,AB-Bind,1,2,True,False,False,False,False
3NGB,H:R61Q,0.1,AB-Bind,1,2,True,False,False,False,False
3NGB,H:T33Y,0.08,AB-Bind,1,2,True,False,True,False,False
3NGB,H:V57T,0.14,AB-Bind,1,2,True,False,False,False,False
3NGB,H:V73T,0.16,AB-Bind,1,2,True,False,False,False,False
3NGB,H:Y74S,0.33,AB-Bind,1,2,True,False,False,False,False
1DVF,A:H30A,1.67,AB-Bind,1,3,True,True,False,False,False
1DVF,A:S93A,1.17,AB-Bind,1,3,True,True,False,False,False
1DVF,A:W92A,0.34,AB-Bind,1,3,True,True,False,False,False
1DVF,A:Y32A,2.05,AB-Bind,1,3,True,True,False,False,False
1DVF,A:Y49A,1.64,AB-Bind,1,3,True,True,False,False,False
1DVF,A:Y49A,1.75,AB-Bind,1,3,True,True,False,False,False
1DVF,A:Y50A,0.69,AB-Bind,1,3,True,True,False,False,False
1DVF,B:D100A,2.82,AB-Bind,1,3,True,True,False,False,False
1DVF,B:D54A,4.32,AB-Bind,1,3,True,True,False,False,False
1DVF,B:D58A,1.62,AB-Bind,1,3,True,True,False,False,False
1DVF,B:E98A,4.23,AB-Bind,1,3,True,True,False,False,False
1DVF,B:N56A,1.17,AB-Bind,1,3,True,True,False,False,False
1DVF,B:R99A,1.89,AB-Bind,1,3,True,True,False,False,False
1DVF,B:T30A,0.92,AB-Bind,1,3,True,True,False,False,False
1DVF,B:W52A,4.17,AB-Bind,1,3,True,True,False,False,False
1DVF,B:Y101F,2.03,AB-Bind,1,3,True,False,False,False,False
1DVF,B:Y32A,1.85,AB-Bind,1,3,True,True,False,False,False
1DVF,C:Y49A,1.88,AB-Bind,1,3,True,True,False,False,False
1DVF,D:D52A,1.7,AB-Bind,1,3,True,True,False,False,False
1DVF,D:H33A,1.88,AB-Bind,1,3,True,True,False,False,False
1DVF,D:I101A,2.71,AB-Bind,1,3,False,True,False,False,False
1DVF,D:K30A,1.01,AB-Bind,1,3,True,True,False,False,False
1DVF,D:N55A,1.88,AB-Bind,1,3,False,True,False,False,False
1DVF,D:Q104A,1.64,AB-Bind,1,3,False,True,False,False,False
1DVF,D:R106A,4.13,AB-Bind,1,3,False,True,False,False,False
1DVF,D:Y102A,4.79,AB-Bind,1,3,False,True,False,False,False
1KIQ,B:F101Y,-2.595427291,SKEMPI 2.0,1,2,True,False,True,False,False
1KIP,B:A32Y,-0.832831904,SKEMPI 2.0,1,2,True,False,True,False,False
1KIR,A:S50Y,-1.442950506,SKEMPI 2.0,1,2,True,False,True,False,False
1NCA,H:N31Q,0.0,SKEMPI 2.0,1,2,True,False,True,False,False
1NCA,H:E96D,0.427001759,SKEMPI 2.0,1,2,True,False,False,False,False
1NCA,H:D97K,0.7429182,SKEMPI 2.0,1,2,True,False,True,False,False
1NCA,H:N98Q,0.564465622,SKEMPI 2.0,1,2,True,False,True,False,False
1JRH,L:E27A,0.564465622,SKEMPI 2.0,1,2,True,True,False,False,False
1JRH,L:D28A,0.452149468,SKEMPI 2.0,1,2,True,True,False,False,False
1JRH,L:Y30A,1.15309251,SKEMPI 2.0,1,2,True,True,False,False,False
1JRH,L:Y91A,0.604223501,SKEMPI 2.0,1,2,True,True,False,False,False
1JRH,L:W92A,2.931900235,SKEMPI 2.0,1,2,True,True,False,False,False
1JRH,L:S93A,-0.676781776,SKEMPI 2.0,1,2,True,True,False,False,False
1JRH,L:T94A,0.400783618,SKEMPI 2.0,1,2,True,True,False,False,False
1JRH,L:W96A,1.733154745,SKEMPI 2.0,1,2,True,True,False,False,False
1JRH,H:Y32A,1.491027414,SKEMPI 2.0,1,2,True,True,False,False,False
1JRH,H:W52A,2.794436372,SKEMPI 2.0,1,2,True,True,False,False,False
1JRH,H:W53A,2.518820725,SKEMPI 2.0,1,2,True,True,False,False,False
1JRH,H:D54A,1.962050276,SKEMPI 2.0,1,2,True,True,False,False,False
1JRH,H:D55A,1.733154745,SKEMPI 2.0,1,2,True,True,False,False,False
1JRH,H:D56A,1.929332854,SKEMPI 2.0,1,2,True,True,False,False,False
1JRH,H:Y58A,1.306152986,SKEMPI 2.0,1,2,True,True,False,False,False
1JRH,H:R95A,0.564465622,SKEMPI 2.0,1,2,True,True,False,False,False
1JRH,H:F98A,0.0,SKEMPI 2.0,1,2,True,True,False,False,False
1JRH,H:Y99A,1.103783535,SKEMPI 2.0,1,2,True,True,False,False,False
1JRH,H:H100BA,1.766137641,SKEMPI 2.0,1,2,True,True,False,False,False
1NMB,H:D56N,3.072566483,SKEMPI 2.0,1,2,True,False,True,False,False
1NMB,H:D56E,3.072566483,SKEMPI 2.0,1,2,True,False,True,False,False
1NMB,H:Y99A,2.226819678,SKEMPI 2.0,1,2,True,True,False,False,False
1NMB,H:Y100AF,1.476567661,SKEMPI 2.0,1,2,True,False,False,False,False
1NMB,L:Y32F,0.48510028,SKEMPI 2.0,1,2,True,False,False,False,False
1NMB,L:T93F,-0.024865707,SKEMPI 2.0,1,2,True,False,True,False,False
1NMB,L:T93W,0.1916071,SKEMPI 2.0,1,2,True,False,True,False,False
1NMB,L:L94V,0.936263305,SKEMPI 2.0,1,2,True,False,False,False,False
3G6D,H:H104A,-0.991467381,SKEMPI 2.0,1,3,True,True,False,False,False
3G6D,H:W105A,-1.556770574,SKEMPI 2.0,1,3,True,True,False,False,False
3G6D,H:K210T;H:K215T,-0.138301434,SKEMPI 2.0,2,3,False,False,False,True,True
3G6D,L:T89S;L:M92I;L:V93D;L:T94K,0.830110034,SKEMPI 2.0,4,3,True,False,True,True,True
1XGU,B:F33L,1.936741006,SKEMPI 2.0,1,2,True,False,False,False,False
1XGU,B:F33I,1.872956498,SKEMPI 2.0,1,2,True,False,False,False,False
1XGU,B:F33V,3.025186819,SKEMPI 2.0,1,2,True,False,False,False,False
1XGU,B:F33A,4.224178772,SKEMPI 2.0,1,2,True,True,False,False,False
1XGP,B:A33F,-4.224178772,SKEMPI 2.0,1,2,True,False,True,False,False
1XGP,B:A33L,-2.287437766,SKEMPI 2.0,1,2,True,False,True,False,False
1XGP,B:A33I,-2.351222274,SKEMPI 2.0,1,2,True,False,True,False,False
1XGP,B:A33V,-1.198991953,SKEMPI 2.0,1,2,True,False,True,False,False
1XGQ,B:V33F,-3.025186819,SKEMPI 2.0,1,2,True,False,True,False,False
1XGQ,B:V33L,-1.088445813,SKEMPI 2.0,1,2,True,False,True,False,False
1XGQ,B:V33I,-1.152230322,SKEMPI 2.0,1,2,True,False,True,False,False
1XGQ,B:V33A,1.198991953,SKEMPI 2.0,1,2,True,True,False,False,False
1XGR,B:I33F,-1.872956498,SKEMPI 2.0,1,2,True,False,True,False,False
1XGR,B:I33L,0.063784508,SKEMPI 2.0,1,2,True,False,False,False,False
1XGR,B:I33V,1.152230322,SKEMPI 2.0,1,2,True,False,False,False,False
1XGR,B:I33A,2.351222274,SKEMPI 2.0,1,2,True,True,False,False,False
1XGT,B:L33F,-1.936741006,SKEMPI 2.0,1,2,True,False,True,False,False
1XGT,B:L33I,-0.063784508,SKEMPI 2.0,1,2,True,False,False,False,False
1XGT,B:L33V,1.088445813,SKEMPI 2.0,1,2,True,False,False,False,False
1XGT,B:L33A,2.287437766,SKEMPI 2.0,1,2,True,True,False,False,False
3N85,L:W91F,0.145212812,SKEMPI 2.0,1,2,True,False,False,False,False
3N85,L:W94Y,-0.040277958,SKEMPI 2.0,1,2,True,False,False,False,False
3N85,H:W30K,-0.816198202,SKEMPI 2.0,1,2,True,False,False,False,False
3N85,H:W30R,-0.576274929,SKEMPI 2.0,1,2,True,False,False,False,False
3N85,H:S32Y,0.059422738,SKEMPI 2.0,1,2,True,False,True,False,False
3N85,H:S32A,-0.139416426,SKEMPI 2.0,1,2,True,True,False,False,False
3N85,H:S50G,0.507308982,SKEMPI 2.0,1,2,True,False,False,False,False
3N85,H:S52Y,-0.816198202,SKEMPI 2.0,1,2,True,False,True,False,False
3N85,H:W96F,-0.015796592,SKEMPI 2.0,1,2,True,False,False,False,False
3N85,H:W96F,-0.015796592,SKEMPI 2.0,1,2,True,False,False,False,False
3L5X,L:H91Q;L:N92D;L:E93L;L:Y94G,-1.857016707,SKEMPI 2.0,4,3,True,False,True,True,True
3L5X,L:N92D;L:E93W;L:Y94G,-1.750275554,SKEMPI 2.0,3,3,True,False,True,True,True
3L5X,L:H91Q;L:N92D;L:E93I;L:Y94G,-1.612811691,SKEMPI 2.0,4,3,True,False,True,True,True
3L5X,L:N92E;L:E93W;L:Y94G,-1.612811691,SKEMPI 2.0,3,3,True,False,True,True,True
3L5X,L:N92D;L:E93P;L:Y94G,-1.529153417,SKEMPI 2.0,3,3,True,False,False,True,True
3L5X,L:H91Q;L:N92D;L:E93Y;L:Y94G,-1.509900808,SKEMPI 2.0,4,3,True,False,True,True,True
3L5X,L:N92S;L:E93W;L:Y94G,-1.323273795,SKEMPI 2.0,3,3,True,False,True,True,True
3L5X,L:N92E;L:E93S;L:Y94G,-1.316312892,SKEMPI 2.0,3,3,True,False,True,True,True
3L5X,L:N92S;L:E93H;L:Y94G,-1.295890028,SKEMPI 2.0,3,3,True,False,True,True,True
3L5X,L:N92F;L:E93W;L:Y94G,-1.282641489,SKEMPI 2.0,3,3,True,False,True,True,True
3L5X,L:N92D;L:E93W;L:Y94E,-1.244524178,SKEMPI 2.0,3,3,True,False,True,True,True
3L5X,L:N92S;L:E93Y;L:Y94G,-1.003013189,SKEMPI 2.0,3,3,True,False,True,True,True
3L5X,L:H91P;L:N92L;L:E93D;L:Y94V,-0.892781752,SKEMPI 2.0,4,3,True,False,True,True,True
3L5X,L:N92V;L:E93W;L:Y94G,-0.868888269,SKEMPI 2.0,3,3,True,False,True,True,True
3L5X,L:Y94A,-0.862228384,SKEMPI 2.0,1,3,True,True,False,False,False
3L5X,L:N92L;L:E93M;L:Y94G,-0.858925248,SKEMPI 2.0,3,3,True,False,True,True,True
3L5X,L:H91P;L:N92L;L:E93D;L:Y94T,-0.842670128,SKEMPI 2.0,4,3,True,False,True,True,True
3L5X,L:N92D;L:E93Y;L:Y94A,-0.839469948,SKEMPI 2.0,3,3,True,False,True,True,False
3L5X,L:N92S;L:E93I;L:Y94G,-0.839469948,SKEMPI 2.0,3,3,True,False,True,True,True
3L5X,L:E93H;L:Y94G,-0.793361153,SKEMPI 2.0,2,3,True,False,True,True,True
3L5X,L:N92D;L:E93W;L:Y94S,-0.744964145,SKEMPI 2.0,3,3,True,False,True,True,True
3L5X,L:N92L;L:E93N;L:Y94G,-0.723441141,SKEMPI 2.0,3,3,True,False,True,True,True
3L5X,L:N92L;L:E93D;L:Y94S,-0.707778433,SKEMPI 2.0,3,3,True,False,True,True,True
3L5X,L:H91P;L:N92I;L:E93D;L:Y94A,-0.672710159,SKEMPI 2.0,4,3,True,False,True,True,False
3L5X,L:H91P;L:N92L;L:E93D;L:Y94S,-0.658271217,SKEMPI 2.0,4,3,True,False,True,True,True
3L5X,L:N92L;L:E93L;L:Y94G,-0.651176705,SKEMPI 2.0,3,3,True,False,True,True,True
3L5X,L:N92L;L:E93D;L:Y94S,-0.57601143,SKEMPI 2.0,3,3,True,False,True,True,True
3L5X,L:N92D;L:E93N;L:Y94S,-0.555543324,SKEMPI 2.0,3,3,True,False,False,True,True
3L5X,L:N92D;L:E93R;L:Y94D,-0.543581136,SKEMPI 2.0,3,3,True,False,True,True,True
3L5X,L:N92S;L:E93V;L:Y94G,-0.537686036,SKEMPI 2.0,3,3,True,False,False,True,True
3L5X,L:N92V;L:E93G;L:Y94G,-0.481644389,SKEMPI 2.0,3,3,True,False,True,True,True
3L5X,L:H91P;L:N92L;L:Y94A,-0.462309374,SKEMPI 2.0,3,3,True,False,True,True,False
3L5X,L:N92D;L:E93L;L:Y94G,-0.446929103,SKEMPI 2.0,3,3,True,False,True,True,True
3L5X,L:E93F;L:Y94G,-0.445243648,SKEMPI 2.0,2,3,True,False,True,True,True
3L5X,L:N92S;L:E93W;L:Y94A,-0.315230526,SKEMPI 2.0,3,3,True,False,True,True,False
3L5X,L:N92S;L:E93S;L:Y94G,-0.259248139,SKEMPI 2.0,3,3,True,False,False,True,True
1BJ1,H:Y27A,2.332831854,SKEMPI 2.0,1,3,True,True,False,False,False
1BJ1,H:Y54A,1.381122353,SKEMPI 2.0,1,3,True,True,False,False,False
1BJ1,H:T59A,0.884922073,SKEMPI 2.0,1,3,True,True,False,False,False
1BJ1,H:Y99A,4.61750359,SKEMPI 2.0,1,3,True,True,False,False,False
1BJ1,H:H107A,0.821450789,SKEMPI 2.0,1,3,True,True,False,False,False
1BJ1,H:H101Y;H:Y103R;H:S105T,-1.220362912,SKEMPI 2.0,3,3,True,False,True,True,True
1BJ1,H:H101Y;H:Y103I;H:G104A;H:S105K,-0.448619181,SKEMPI 2.0,4,3,True,False,True,True,False
1BJ1,H:H101Y;H:Y103R;H:G104N;H:S105T,-0.793361153,SKEMPI 2.0,4,3,True,False,True,True,True
1BJ1,H:Y54W,-0.142797518,SKEMPI 2.0,1,3,True,False,True,False,False
1BJ1,H:T28D;H:N31H,-0.720802879,SKEMPI 2.0,2,3,True,False,True,True,True
1BJ1,H:L72V;H:T74V,0.697666261,SKEMPI 2.0,2,3,True,False,True,True,True
1BJ1,H:L72I;H:T74K,0.079598732,SKEMPI 2.0,2,3,True,False,True,True,True
1BJ1,H:T28D,-0.228895531,SKEMPI 2.0,1,3,True,False,False,False,False
1BJ1,H:N31H,-0.793361153,SKEMPI 2.0,1,3,True,False,True,False,False
1BJ1,H:H101Y,-1.647364671,SKEMPI 2.0,1,3,True,False,True,False,False
1BJ1,H:S105T,-0.406117274,SKEMPI 2.0,1,3,True,False,True,False,False
2B2X,H:V50T;H:E64K;L:Q28S;L:Y52N,1.08522261,SKEMPI 2.0,4,2,True,False,True,True,True
2B2X,H:E64K;L:Q28S;L:Y52N,0.811426259,SKEMPI 2.0,3,2,True,False,True,True,True
2B2X,H:V50T;L:Q28S;L:Y52N,0.923742413,SKEMPI 2.0,3,2,True,False,False,True,True
2B2X,H:V50T;H:E64Q;L:Q28S;L:Y52N,0.923742413,SKEMPI 2.0,4,2,True,False,True,True,True
2B2X,H:V50T;H:E64D;L:Q28S;L:Y52N,0.95764425,SKEMPI 2.0,4,2,True,False,False,True,True
2B2X,H:V50T;H:E64N;L:Q28S;L:Y52N,1.009758513,SKEMPI 2.0,4,2,True,False,False,True,True
2B2X,H:V50T;H:E64K;L:Y52N,0.392286472,SKEMPI 2.0,3,2,True,False,True,True,True
2B2X,H:V50T;H:E64K;L:Q28S,0.977815114,SKEMPI 2.0,3,2,True,False,True,True,True
2B2X,H:V50T;H:E64K;L:Q28S;L:Y52E,0.900710448,SKEMPI 2.0,4,2,True,False,True,True,True
2B2X,L:Q28S;L:Y52N,0.709644677,SKEMPI 2.0,2,2,True,False,False,True,True
2B2X,H:V50T;L:Q28S;L:Y52N;H:L60D,0.937712021,SKEMPI 2.0,4,2,True,False,False,True,True
2B2X,H:E64K,-0.163315208,SKEMPI 2.0,1,2,True,False,True,False,False
2B2X,H:V50T,0.093755229,SKEMPI 2.0,1,2,True,False,False,False,False
2B2X,L:Y52E,-0.233129454,SKEMPI 2.0,1,2,True,False,False,False,False
2B2X,H:V50T;H:E64K;L:Q28S;L:Y52R,1.964083871,SKEMPI 2.0,4,2,True,False,True,True,True
2B2X,H:V50T;H:E64K;L:Q28S;L:Y52K,1.769209536,SKEMPI 2.0,4,2,True,False,True,True,True
2B2X,H:E64K;L:Q28S;L:Y52N,1.08522261,SKEMPI 2.0,3,2,True,False,True,True,True
2B2X,H:V50T;L:Q28S;L:Y52N,1.08522261,SKEMPI 2.0,3,2,True,False,False,True,True
2B2X,H:V50T;H:E64Q;L:Q28S;L:Y52N,1.08522261,SKEMPI 2.0,4,2,True,False,True,True,True
2B2X,H:V50T;H:E64D;L:Q28S;L:Y52N,0.856109617,SKEMPI 2.0,4,2,True,False,False,True,True
2B2X,H:V50T;H:E64N;L:Q28S;L:Y52N,1.08522261,SKEMPI 2.0,4,2,True,False,False,True,True
2B2X,H:V50T;H:E64K;L:Y52N,0.193872305,SKEMPI 2.0,3,2,True,False,True,True,True
2B2X,H:V50T;H:E64K;L:Q28S,1.08522261,SKEMPI 2.0,3,2,True,False,True,True,True
2B2X,H:V50T;H:E64K;L:Q28S;L:Y52D,1.606150103,SKEMPI 2.0,4,2,True,False,True,True,True
2B2X,H:V50T;H:E64K;L:Q28S;L:Y52E,1.08522261,SKEMPI 2.0,4,2,True,False,True,True,True
2B2X,H:E64K;L:Q28S;L:Y52N;H:S35V,3.92216089,SKEMPI 2.0,4,2,True,False,True,True,True
2B2X,H:E64K;L:Q28S;L:Y52N;H:S35A,3.244653942,SKEMPI 2.0,4,2,True,False,True,True,False
2B2X,H:E64K;L:Q28S;L:Y52N;H:G102S,2.819825143,SKEMPI 2.0,4,2,True,False,True,True,True
2B2X,H:E64K;L:Y52N,0.362564815,SKEMPI 2.0,2,2,True,False,True,True,True
2B2X,L:Q28S;L:Y52N,1.08522261,SKEMPI 2.0,2,2,True,False,False,True,True
2B2X,H:V50T;L:Y52N,0.193872305,SKEMPI 2.0,2,2,True,False,False,True,True
2B2X,H:E64K,0.093755229,SKEMPI 2.0,1,2,True,False,True,False,False
2B2X,H:V50T,-0.043708633,SKEMPI 2.0,1,2,True,False,False,False,False
2NZ9,D:S30K;D:D31Y;D:H32D,-0.051956958,SKEMPI 2.0,3,3,True,False,True,True,True
2BDN,H:L27R,0.676781776,SKEMPI 2.0,1,1,True,False,True,False,False
2BDN,H:L27K,0.909207594,SKEMPI 2.0,1,1,True,False,True,False,False
2BDN,H:N28D,0.137463863,SKEMPI 2.0,1,1,True,False,False,False,False
2BDN,H:N28Q,1.455815927,SKEMPI 2.0,1,1,True,False,True,False,False
2BDN,H:D31E,1.128931244,SKEMPI 2.0,1,1,True,False,True,False,False
2BDN,L:Y30K,0.701929485,SKEMPI 2.0,1,1,True,False,False,False,False
2BDN,L:N31R,-0.954120594,SKEMPI 2.0,1,1,True,False,True,False,False
2BDN,L:N31K,3.630299433,SKEMPI 2.0,1,1,True,False,True,False,False
2BDN,L:S53D,-0.167039141,SKEMPI 2.0,1,1,True,False,True,False,False
2BDN,L:S53E,-0.885601896,SKEMPI 2.0,1,1,True,False,True,False,False
2BDN,L:T56D,-0.442598372,SKEMPI 2.0,1,1,True,False,False,False,False
2BDN,L:T56E,-0.716539655,SKEMPI 2.0,1,1,True,False,True,False,False
5C6T,H:R31S,0.324090877,SKEMPI 2.0,1,2,True,False,False,False,False
5C6T,H:S32A,-0.903312493,SKEMPI 2.0,1,2,True,True,False,False,False
5C6T,H:N102A,1.587341803,SKEMPI 2.0,1,2,True,True,False,False,False
5C6T,H:Y103A,1.785808179,SKEMPI 2.0,1,2,True,True,False,False,False
5C6T,H:F104A,1.518823106,SKEMPI 2.0,1,2,True,True,False,False,False
5C6T,H:Y109A,0.377692784,SKEMPI 2.0,1,2,True,True,False,False,False
5C6T,L:Y50A,0.573870893,SKEMPI 2.0,1,2,True,True,False,False,False
5C6T,L:R51A,0.127912767,SKEMPI 2.0,1,2,True,True,False,False,False
3SE8,H:R30A,-0.040410112,SKEMPI 2.0,1,2,True,True,False,False,False
3SE8,H:W47A,1.509226073,SKEMPI 2.0,1,2,True,True,False,False,False
3SE8,H:W50A,1.364333639,SKEMPI 2.0,1,2,True,True,False,False,False
3SE8,H:K52A,1.137090745,SKEMPI 2.0,1,2,True,True,False,False,False
3SE8,H:L53A,0.056041647,SKEMPI 2.0,1,2,True,True,False,False,False
3SE8,H:W54A,0.778688938,SKEMPI 2.0,1,2,True,True,False,False,False
3SE8,H:G55A,0.365347014,SKEMPI 2.0,1,2,True,True,True,False,False
3SE8,H:V57A,1.278555837,SKEMPI 2.0,1,2,True,True,False,False,False
3SE8,H:S58A,1.177427331,SKEMPI 2.0,1,2,True,True,False,False,False
3SE8,H:Y59A,0.87562094,SKEMPI 2.0,1,2,True,True,False,False,False
3SE8,H:R61A,1.234034578,SKEMPI 2.0,1,2,True,True,False,False,False
3SE8,H:Q62A,1.140170918,SKEMPI 2.0,1,2,True,True,False,False,False
3SE8,H:Q64A,0.56250685,SKEMPI 2.0,1,2,True,True,False,False,False
3SE8,H:R71A,2.705555743,SKEMPI 2.0,1,2,True,True,False,False,False
3SE8,H:Q75A,0.099138468,SKEMPI 2.0,1,2,True,True,False,False,False
3SE8,H:P76AA,0.019252608,SKEMPI 2.0,1,2,True,True,False,False,False
3SE8,H:P76DA,-0.072558275,SKEMPI 2.0,1,2,True,True,False,False,False
3SE8,H:D99A,-0.398343879,SKEMPI 2.0,1,2,True,True,False,False,False
3SE8,H:Y100A,0.84909486,SKEMPI 2.0,1,2,True,True,False,False,False
3SE8,H:D100CA,-0.249780017,SKEMPI 2.0,1,2,True,True,False,False,False
3SE8,H:F100DA,1.092268558,SKEMPI 2.0,1,2,True,True,False,False,False
3SE8,L:E1A,-0.56937428,SKEMPI 2.0,1,2,True,True,False,False,False
3SE8,L:Q27A,-0.221122137,SKEMPI 2.0,1,2,True,True,False,False,False
3SE8,L:N31A,0.198839165,SKEMPI 2.0,1,2,True,True,False,False,False
3SE8,L:D50A,0.87562094,SKEMPI 2.0,1,2,True,True,False,False,False
3SE8,L:F91A,-0.884059885,SKEMPI 2.0,1,2,True,True,False,False,False
3SE8,L:E96A,1.548456301,SKEMPI 2.0,1,2,True,True,False,False,False
3SE8,L:F97A,0.851554078,SKEMPI 2.0,1,2,True,True,False,False,False
1C08,L:Y50F,1.200029581,SiPMAB,1,2,True,False,False,False,False
1C08,L:S91A,0.491644857,SiPMAB,1,2,True,True,False,False,False
1C08,L:S93A,0.061761304,SiPMAB,1,2,True,True,False,False,False
1C08,L:N31A,3.884481529,SiPMAB,1,2,True,True,False,False,False
1C08,L:N31D,0.948641163,SiPMAB,1,2,True,False,False,False,False
1C08,L:N32A,3.722874701,SiPMAB,1,2,True,True,False,False,False
1C08,L:N32D,2.699135326,SiPMAB,1,2,True,False,False,False,False
1C08,L:N92D,1.065604077,SiPMAB,1,2,True,False,False,False,False
1C08,L:N31A,5.216723064,SiPMAB,1,2,True,True,False,False,False
1C08,L:N31D,1.344152347,SiPMAB,1,2,True,False,False,False,False
1C08,L:N31E,5.71020606,SiPMAB,1,2,True,False,True,False,False
1C08,L:N32A,5.109884748,SiPMAB,1,2,True,True,False,False,False
1C08,L:Y50A,4.559861301,SiPMAB,1,2,True,True,False,False,False
1C08,L:Y50L,4.395369717,SiPMAB,1,2,True,False,False,False,False
1C08,L:Y50F,2.356037946,SiPMAB,1,2,True,False,False,False,False
1C08,L:Q53A,0.953561706,SiPMAB,1,2,True,True,False,False,False
1C08,L:Y96A,2.708390727,SiPMAB,1,2,True,True,False,False,False
1C08,L:Y96F,1.40247624,SiPMAB,1,2,True,False,False,False,False
1C08,H:S31A,0.17044622,SiPMAB,1,2,True,True,False,False,False
1C08,H:D32A,1.899170525,SiPMAB,1,2,True,True,False,False,False
1C08,H:D32N,0.17044622,SiPMAB,1,2,True,False,True,False,False
1C08,H:Y33A,6.038076411,SiPMAB,1,2,True,True,False,False,False
1C08,H:Y50A,7.32319995,SiPMAB,1,2,True,True,False,False,False
1C08,H:W98A,5.513423007,SiPMAB,1,2,True,True,False,False,False
1C08,H:W98F,3.247175527,SiPMAB,1,2,True,False,False,False,False
1C08,H:Y53W,0.706466807,SiPMAB,1,2,True,False,True,False,False
1C08,H:Y53F,0.620260404,SiPMAB,1,2,True,False,False,False,False
1C08,H:Y53L,0.807103054,SiPMAB,1,2,True,False,False,False,False
1C08,H:Y53A,3.252089286,SiPMAB,1,2,True,True,False,False,False
1C08,H:Y33W,1.749877564,SiPMAB,1,2,True,False,True,False,False
1C08,H:Y33F,1.070841581,SiPMAB,1,2,True,False,False,False,False
1C08,H:Y33L,2.007377173,SiPMAB,1,2,True,False,False,False,False
1C08,H:Y50F,1.610236294,SiPMAB,1,2,True,False,False,False,False
1C08,H:Y50L,2.850590941,SiPMAB,1,2,True,False,False,False,False
1C08,H:Y58F,0.362760795,SiPMAB,1,2,True,False,False,False,False
1C08,H:Y58L,1.514412993,SiPMAB,1,2,True,False,False,False,False
1C08,H:Y58A,1.676019821,SiPMAB,1,2,True,True,False,False,False
1N8Z,H:G100K;H:A106E;H:M107H,0.113920109,Mason et al. 2021,3,2,True,False,True,True,True
1N8Z,H:G100P;H:D102P;H:F104M;H:M107N,0.014992873,Mason et al. 2021,4,2,True,False,True,True,True
1N8Z,H:G100R;H:A106E;H:M107H,-0.120178903,Mason et al. 2021,3,2,True,False,True,True,True
1N8Z,H:G100R;H:G101D;H:F104L;H:M107H,-0.548507795,Mason et al. 2021,4,2,True,False,True,True,True
1N8Z,H:G100P;H:D102G;H:F104M;H:M107N,-0.625380527,Mason et al. 2021,4,2,True,False,True,True,True
1N8Z,H:D102P;H:F104M;H:A106T;H:M107N,-0.707025209,Mason et al. 2021,4,2,True,False,True,True,True
1N8Z,H:G100K;H:G101Q;H:A106E;H:M107H,-0.758552203,Mason et al. 2021,4,2,True,False,True,True,True
1N8Z,H:W99Y;H:F104M;H:A106Q;H:M107H,-0.88074193,Mason et al. 2021,4,2,True,False,True,True,True
1N8Z,H:D102P;H:F104M;H:A106E;H:M107H,-1.092294622,Mason et al. 2021,4,2,True,False,True,True,True
1N8Z,H:W99Y;H:G100R;H:A106E;H:M107H,-1.162823896,Mason et al. 2021,4,2,True,False,True,True,True
1N8Z,H:W99Y;H:D102P;H:F104L;H:M107N,-1.169024862,Mason et al. 2021,4,2,True,False,False,True,True
1N8Z,H:G101N;H:D102P;H:F104M;H:M107N,-1.309335767,Mason et al. 2021,4,2,True,False,True,True,True
1N8Z,H:G100R;H:G101H;H:A106E;H:M107N,-1.318991202,Mason et al. 2021,4,2,True,False,True,True,True
1N8Z,H:G101N;H:D102G;H:F104M;H:M107N,-1.354610559,Mason et al. 2021,4,2,True,False,True,True,True
1N8Z,H:D102N;H:F104M;H:M107N,-1.480102782,Mason et al. 2021,3,2,True,False,True,True,True
1N8Z,H:W99Y;H:D102N;H:F104M;H:M107N,-1.749859067,Mason et al. 2021,4,2,True,False,True,True,True
1N8Z,H:G100R;H:G101P;H:A106E;H:M107H,-1.851626532,Mason et al. 2021,4,2,True,False,True,True,True
3GBN,H:T57A;H:D73E;H:A75T;H:G76S,-0.335489115,Phillips et al. 2021,4,4,True,False,True,True,False
3GBN,H:D73E;H:F74S;H:V100L,-0.173032332,Phillips et al. 2021,3,4,True,False,True,True,True
3GBN,H:D73E;H:V100L,-0.142922521,Phillips et al. 2021,2,4,True,False,True,True,True
3GBN,H:D73E,-0.123781867,Phillips et al. 2021,1,4,True,False,True,False,False
3GBN,H:D73E;H:A75T;H:G76S,-0.105207852,Phillips et al. 2021,3,4,True,False,True,True,True
3GBN,H:T57A;H:D73E;H:A75T,-0.088555387,Phillips et al. 2021,3,4,True,False,True,True,False
3GBN,H:T57A;H:D73E,-0.088134296,Phillips et al. 2021,2,4,True,False,True,True,False
3GBN,H:D73E;H:A75T;H:V100L,-0.08412909,Phillips et al. 2021,3,4,True,False,True,True,True
3GBN,H:D73E;H:A75T,-0.075666162,Phillips et al. 2021,2,4,True,False,True,True,True
3GBN,H:R30S;H:K58N;H:A75T,-0.065199931,Phillips et al. 2021,3,4,True,False,True,True,True
3GBN,H:D73E;H:G76S;H:V100L,-0.055874922,Phillips et al. 2021,3,4,True,False,True,True,True
3GBN,H:T57A;H:D73E;H:G76S,-0.052325759,Phillips et al. 2021,3,4,True,False,True,True,False
3GBN,H:T57A;H:D73E;H:V100L,-0.049506021,Phillips et al. 2021,3,4,True,False,True,True,False
3GBN,H:K58N;H:D73E;H:V100L,-0.045510809,Phillips et al. 2021,3,4,True,False,True,True,True
3GBN,H:D73E;H:G76S,-0.039895155,Phillips et al. 2021,2,4,True,False,True,True,True
3GBN,H:T57A;H:K58N;H:D73E;H:A75T,-0.03553655,Phillips et al. 2021,4,4,True,False,True,True,False
3GBN,H:T57A;H:D73E;H:F74S;H:A75T,-0.028483543,Phillips et al. 2021,4,4,True,False,True,True,False
3GBN,H:K58N;H:D73E;H:A75T;H:V100L,-0.023108186,Phillips et al. 2021,4,4,True,False,True,True,True
3GBN,H:D73E;H:F74S;H:A75T,-0.021926388,Phillips et al. 2021,3,4,True,False,True,True,True
3GBN,H:T57A;H:D73E;H:A75T;H:V100L,-0.016836051,Phillips et al. 2021,4,4,True,False,True,True,False
3GBN,H:P28T;H:T57A;H:A75T,-0.015742371,Phillips et al. 2021,3,4,True,False,True,True,False
3GBN,H:T57A;H:K58N;H:D73E,-0.015556744,Phillips et al. 2021,3,4,True,False,True,True,False
3GBN,H:K58N;H:A75T,-0.008042414,Phillips et al. 2021,2,4,True,False,True,True,True
3GBN,H:D73E;H:F74S;H:G76S,-0.005240761,Phillips et al. 2021,3,4,True,False,True,True,True
3GBN,H:D73E;H:F74S,-0.001881927,Phillips et al. 2021,2,4,True,False,True,True,True
3GBN,H:T57A;H:D73E;H:F74S,1.74e-05,Phillips et al. 2021,3,4,True,False,True,True,False
3GBN,H:K58N;H:D73E;H:A75T,0.002788044,Phillips et al. 2021,3,4,True,False,True,True,True
3GBN,H:T57A,0.007412684,Phillips et al. 2021,1,4,True,True,False,False,False
3GBN,H:T57A;H:D73E;H:G76S;H:V100L,0.010329153,Phillips et al. 2021,4,4,True,False,True,True,False
3GBN,H:K58N;H:D73E,0.019656345,Phillips et al. 2021,2,4,True,False,True,True,True
3GBN,H:D73E;H:F74S;H:A75T;H:G76S,0.020617299,Phillips et al. 2021,4,4,True,False,True,True,True
3GBN,H:T57A;H:K58N;H:D73E;H:V100L,0.023832642,Phillips et al. 2021,4,4,True,False,True,True,False
3GBN,H:D73E;H:F74S;H:A75T;H:V100L,0.024878178,Phillips et al. 2021,4,4,True,False,True,True,True
3GBN,H:K58N;H:D73E;H:G76S,0.025624926,Phillips et al. 2021,3,4,True,False,True,True,True
3GBN,H:R30S;H:D73E;H:A75T,0.03164936,Phillips et al. 2021,3,4,True,False,True,True,True
3GBN,H:R30S;H:D73E;H:A75T;H:V100L,0.034110319,Phillips et al. 2021,4,4,True,False,True,True,True
3GBN,H:T57A;H:K58N;H:D73E;H:G76S,0.045371448,Phillips et al. 2021,4,4,True,False,True,True,False
3GBN,H:R30S;H:T57A;H:D73E;H:G76S,0.048527747,Phillips et al. 2021,4,4,True,False,True,True,False
3GBN,H:D73E;H:A75T;H:G76S;H:V100L,0.048732992,Phillips et al. 2021,4,4,True,False,True,True,True
3GBN,H:R30S;H:D73E;H:G76S,0.050981978,Phillips et al. 2021,3,4,True,False,True,True,True
3GBN,H:T57A;H:K58N,0.053557641,Phillips et al. 2021,2,4,True,False,False,True,False
3GBN,H:T57A;H:G76S,0.054161241,Phillips et al. 2021,2,4,True,False,True,True,False
3GBN,H:R30S;H:T57A;H:D73E,0.055451034,Phillips et al. 2021,3,4,True,False,True,True,False
3GBN,H:P28T;H:T57A,0.055751022,Phillips et al. 2021,2,4,True,False,True,True,False
3GBN,H:T57A;H:V100L,0.056908339,Phillips et al. 2021,2,4,True,False,True,True,False
3GBN,H:T57A;H:F74S,0.057246182,Phillips et al. 2021,2,4,True,False,False,True,False
3GBN,H:G76S,0.058491688,Phillips et al. 2021,1,4,True,False,True,False,False
3GBN,H:P28T;H:R30S;H:K58N;H:A75T,0.062103406,Phillips et al. 2021,4,4,True,False,True,True,True
3GBN,H:A75T;H:G76S,0.064935869,Phillips et al. 2021,2,4,True,False,True,True,True
3GBN,H:R30S;H:T57A;H:D73E;H:A75T,0.068672459,Phillips et al. 2021,4,4,True,False,True,True,False
3GBN,H:V100L,0.072594307,Phillips et al. 2021,1,4,True,False,True,False,False
3GBN,H:F74S;H:V100L,0.073267884,Phillips et al. 2021,2,4,True,False,True,True,True
3GBN,H:P28T;H:D73E;H:A75T;H:G76S,0.075778556,Phillips et al. 2021,4,4,True,False,True,True,True
3GBN,H:F74S;H:A75T,0.07663796,Phillips et al. 2021,2,4,True,False,True,True,True
3GBN,H:T57A;H:F74S;H:A75T,0.082373384,Phillips et al. 2021,3,4,True,False,True,True,False
3GBN,H:R30S;H:D73E;H:V100L,0.082509192,Phillips et al. 2021,3,4,True,False,True,True,True
3GBN,H:T57A;H:K58N;H:F74S,0.086194019,Phillips et al. 2021,3,4,True,False,False,True,False
3GBN,H:D73E;H:F74S;H:G76S;H:V100L,0.08819823,Phillips et al. 2021,4,4,True,False,True,True,True
3GBN,H:P28T;H:T57A;H:F74S,0.094051381,Phillips et al. 2021,3,4,True,False,True,True,False
3GBN,H:K58N;H:D73E;H:A75T;H:G76S,0.094223512,Phillips et al. 2021,4,4,True,False,True,True,True
3GBN,H:P28T;H:T57A;H:D73E,0.094684513,Phillips et al. 2021,3,4,True,False,True,True,False
3GBN,H:K58N;H:D73E;H:F74S;H:V100L,0.095879248,Phillips et al. 2021,4,4,True,False,True,True,True
3GBN,H:T57A;H:F74S;H:V100L,0.096008909,Phillips et al. 2021,3,4,True,False,True,True,False
3GBN,H:R30S;H:A75T;H:V100L,0.096999689,Phillips et al. 2021,3,4,True,False,True,True,True
3GBN,H:P28T;H:D73E;H:A75T;H:V100L,0.099529428,Phillips et al. 2021,4,4,True,False,True,True,True
3GBN,H:K58N;H:D73E;H:F74S;H:A75T,0.100736976,Phillips et al. 2021,4,4,True,False,True,True,True
3GBN,H:F74S,0.102719124,Phillips et al. 2021,1,4,True,False,False,False,False
3GBN,H:T57A;H:A75T;H:G76S,0.109882787,Phillips et al. 2021,3,4,True,False,True,True,False
3GBN,H:P28T;H:T57A;H:D73E;H:A75T,0.11116949,Phillips et al. 2021,4,4,True,False,True,True,False
3GBN,H:R30S;H:D73E,0.113213092,Phillips et al. 2021,2,4,True,False,True,True,True
3GBN,H:T57A;H:F74S;H:A75T;H:V100L,0.115622011,Phillips et al. 2021,4,4,True,False,True,True,False
3GBN,H:K58N;H:A75T;H:G76S,0.115805829,Phillips et al. 2021,3,4,True,False,True,True,True
3GBN,H:T57A;H:D73E;H:F74S;H:V100L,0.116053694,Phillips et al. 2021,4,4,True,False,True,True,False
3GBN,H:G76S;H:V100L,0.117236724,Phillips et al. 2021,2,4,True,False,True,True,True
3GBN,H:K58N;H:D73E;H:G76S;H:V100L,0.122923202,Phillips et al. 2021,4,4,True,False,True,True,True
3GBN,H:F74S;H:A75T;H:V100L,0.126280141,Phillips et al. 2021,3,4,True,False,True,True,True
3GBN,H:T57A;H:G76S;H:V100L,0.126663581,Phillips et al. 2021,3,4,True,False,True,True,False
3GBN,H:R30S;H:T57A;H:D73E;H:V100L,0.126695604,Phillips et al. 2021,4,4,True,False,True,True,False
3GBN,H:T57A;H:K58N;H:A75T;H:G76S,0.126893021,Phillips et al. 2021,4,4,True,False,True,True,False
3GBN,H:T57A;H:K58N;H:G76S,0.127394359,Phillips et al. 2021,3,4,True,False,True,True,False
3GBN,H:R30S;H:T57A;H:A75T,0.129863187,Phillips et al. 2021,3,4,True,False,True,True,False
3GBN,H:P28T;H:T57A;H:V100L,0.130481247,Phillips et al. 2021,3,4,True,False,True,True,False
3GBN,H:K58N;H:V100L,0.132419899,Phillips et al. 2021,2,4,True,False,True,True,True
3GBN,H:P28T;H:T57A;H:A75T;H:V100L,0.135103673,Phillips et al. 2021,4,4,True,False,True,True,False
3GBN,H:K58N,0.138012788,Phillips et al. 2021,1,4,True,False,False,False,False
3GBN,H:R30S;H:T57A;H:K58N;H:D73E,0.138986582,Phillips et al. 2021,4,4,True,False,True,True,False
3GBN,H:K58N;H:D73E;H:F74S,0.139398157,Phillips et al. 2021,3,4,True,False,True,True,True
3GBN,H:K58N;H:D73E;H:F74S;H:G76S,0.1418278,Phillips et al. 2021,4,4,True,False,True,True,True
3GBN,H:K58N;H:G76S,0.142668273,Phillips et al. 2021,2,4,True,False,True,True,True
3GBN,H:T57A;H:K58N;H:D73E;H:F74S,0.142795308,Phillips et al. 2021,4,4,True,False,True,True,False
3GBN,H:R30S;H:D73E;H:G76S;H:V100L,0.143815702,Phillips et al. 2021,4,4,True,False,True,True,True
3GBN,H:T57A;H:K58N;H:A75T,0.148358348,Phillips et al. 2021,3,4,True,False,True,True,False
3GBN,H:R30S;H:K58N;H:D73E,0.150708128,Phillips et al. 2021,3,4,True,False,True,True,True
3GBN,H:T57A;H:K58N;H:V100L,0.151778607,Phillips et al. 2021,3,4,True,False,True,True,False
3GBN,H:P28T;H:T57A;H:G76S,0.155289633,Phillips et al. 2021,3,4,True,False,True,True,False
3GBN,H:P28T,0.156849232,Phillips et al. 2021,1,4,True,False,True,False,False
3GBN,H:P28T;H:T57A;H:A75T;H:G76S,0.15796475,Phillips et al. 2021,4,4,True,False,True,True,False
3GBN,H:R30S;H:D73E;H:F74S;H:A75T,0.161309413,Phillips et al. 2021,4,4,True,False,True,True,True
3GBN,H:R30S;H:K58N;H:D73E;H:V100L,0.164782791,Phillips et al. 2021,4,4,True,False,True,True,True
3GBN,H:F74S;H:A75T;H:G76S,0.165653636,Phillips et al. 2021,3,4,True,False,True,True,True
3GBN,H:R30S;H:K58N;H:D73E;H:G76S,0.166498628,Phillips et al. 2021,4,4,True,False,True,True,True
3GBN,H:P28T;H:T57A;H:F74S;H:A75T,0.168074224,Phillips et al. 2021,4,4,True,False,True,True,False
3GBN,H:K58N;H:G76S;H:V100L,0.169252856,Phillips et al. 2021,3,4,True,False,True,True,True
3GBN,H:R30S;H:D73E;H:A75T;H:G76S,0.170163558,Phillips et al. 2021,4,4,True,False,True,True,True
3GBN,H:P28T;H:V100L,0.17064788,Phillips et al. 2021,2,4,True,False,True,True,True
3GBN,H:R30S;H:K58N;H:D73E;H:A75T,0.173710402,Phillips et al. 2021,4,4,True,False,True,True,True
3GBN,H:K58N;H:A75T;H:G76S;H:V100L,0.176270354,Phillips et al. 2021,4,4,True,False,True,True,True
3GBN,H:T57A;H:D73E;H:F74S;H:G76S,0.177988804,Phillips et al. 2021,4,4,True,False,True,True,False
3GBN,H:P28T;H:A75T;H:G76S;H:V100L,0.178434696,Phillips et al. 2021,4,4,True,False,True,True,True
3GBN,H:R30S;H:T57A,0.179622262,Phillips et al. 2021,2,4,True,False,False,True,False
3GBN,H:R30S,0.181469197,Phillips et al. 2021,1,4,True,False,False,False,False
3GBN,H:P28T;H:F74S;H:A75T,0.183309595,Phillips et al. 2021,3,4,True,False,True,True,True
3GBN,H:F74S;H:G76S;H:V100L,0.18367182,Phillips et al. 2021,3,4,True,False,True,True,True
3GBN,H:P28T;H:A75T;H:G76S,0.185981654,Phillips et al. 2021,3,4,True,False,True,True,True
3GBN,H:T57A;H:K58N;H:F74S;H:V100L,0.188904706,Phillips et al. 2021,4,4,True,False,True,True,False
3GBN,H:P28T;H:K58N,0.18904391,Phillips et al. 2021,2,4,True,False,True,True,True
3GBN,H:K58N;H:F74S,0.189838349,Phillips et al. 2021,2,4,True,False,False,True,True
3GBN,H:A75T;H:G76S;H:V100L,0.190808298,Phillips et al. 2021,3,4,True,False,True,True,True
3GBN,H:T57A;H:A75T,0.192382294,Phillips et al. 2021,2,4,True,False,True,True,False
3GBN,H:T57A;H:F74S;H:G76S,0.192863206,Phillips et al. 2021,3,4,True,False,True,True,False
3GBN,H:T57A;H:K58N;H:A75T;H:V100L,0.201529071,Phillips et al. 2021,4,4,True,False,True,True,False
3GBN,H:T57A;H:F74S;H:G76S;H:V100L,0.205312511,Phillips et al. 2021,4,4,True,False,True,True,False
3GBN,H:T57A;H:F74S;H:A75T;H:G76S,0.207331479,Phillips et al. 2021,4,4,True,False,True,True,False
3GBN,H:T57A;H:K58N;H:F74S;H:A75T,0.207727244,Phillips et al. 2021,4,4,True,False,True,True,False
3GBN,H:K58N;H:F74S;H:G76S,0.209092829,Phillips et al. 2021,3,4,True,False,True,True,True
3GBN,H:F74S;H:A75T;H:G76S;H:V100L,0.211657342,Phillips et al. 2021,4,4,True,False,True,True,True
3GBN,H:T57A;H:A75T;H:G76S;H:V100L,0.21200424,Phillips et al. 2021,4,4,True,False,True,True,False
3GBN,H:K58N;H:F74S;H:A75T,0.214548201,Phillips et al. 2021,3,4,True,False,True,True,True
3GBN,H:R30S;H:D73E;H:F74S,0.215098327,Phillips et al. 2021,3,4,True,False,True,True,True
3GBN,H:T57A;H:K58N;H:G76S;H:V100L,0.218058817,Phillips et al. 2021,4,4,True,False,True,True,False
3GBN,H:P28T;H:K58N;H:V100L,0.222577911,Phillips et al. 2021,3,4,True,False,True,True,True
3GBN,H:P28T;H:G76S;H:V100L,0.222662239,Phillips et al. 2021,3,4,True,False,True,True,True
3GBN,H:F74S;H:G76S,0.223601923,Phillips et al. 2021,2,4,True,False,True,True,True
3GBN,H:P28T;H:D73E;H:A75T,0.223973125,Phillips et al. 2021,3,4,True,False,True,True,True
3GBN,H:P28T;H:T57A;H:K58N,0.229708005,Phillips et al. 2021,3,4,True,False,True,True,False
3GBN,H:K58N;H:F74S;H:V100L,0.230361621,Phillips et al. 2021,3,4,True,False,True,True,True
3GBN,H:K58N;H:F74S;H:A75T;H:G76S,0.237201163,Phillips et al. 2021,4,4,True,False,True,True,True
3GBN,H:P28T;H:F74S;H:A75T;H:V100L,0.241324928,Phillips et al. 2021,4,4,True,False,True,True,True
3GBN,H:R30S;H:K58N,0.243857934,Phillips et al. 2021,2,4,True,False,False,True,True
3GBN,H:T57A;H:A75T;H:V100L,0.248402293,Phillips et al. 2021,3,4,True,False,True,True,False
3GBN,H:K58N;H:F74S;H:G76S;H:V100L,0.248494454,Phillips et al. 2021,4,4,True,False,True,True,True
3GBN,H:P28T;H:A75T,0.249756728,Phillips et al. 2021,2,4,True,False,True,True,True
3GBN,H:A75T,0.251172275,Phillips et al. 2021,1,4,True,False,True,False,False
3GBN,H:P28T;H:T57A;H:K58N;H:A75T,0.252609494,Phillips et al. 2021,4,4,True,False,True,True,False
3GBN,H:P28T;H:T57A;H:G76S;H:V100L,0.257571846,Phillips et al. 2021,4,4,True,False,True,True,False
3GBN,H:K58N;H:F74S;H:A75T;H:V100L,0.258011251,Phillips et al. 2021,4,4,True,False,True,True,True
3GBN,H:R30S;H:K58N;H:V100L,0.258822426,Phillips et al. 2021,3,4,True,False,True,True,True
3GBN,H:R30S;H:T57A;H:G76S,0.261711158,Phillips et al. 2021,3,4,True,False,True,True,False
3GBN,H:T57A;H:K58N;H:F74S;H:G76S,0.265456374,Phillips et al. 2021,4,4,True,False,True,True,False
3GBN,H:R30S;H:V100L,0.267012317,Phillips et al. 2021,2,4,True,False,True,True,True
3GBN,H:R30S;H:T57A;H:A75T;H:G76S,0.270129493,Phillips et al. 2021,4,4,True,False,True,True,False
3GBN,H:R30S;H:T57A;H:V100L,0.273860686,Phillips et al. 2021,3,4,True,False,True,True,False
3GBN,H:P28T;H:K58N;H:A75T;H:G76S,0.277206024,Phillips et al. 2021,4,4,True,False,True,True,True
3GBN,H:P28T;H:T57A;H:K58N;H:G76S,0.278051551,Phillips et al. 2021,4,4,True,False,True,True,False
3GBN,H:P28T;H:K58N;H:F74S;H:A75T,0.28008558,Phillips et al. 2021,4,4,True,False,True,True,True
3GBN,H:P28T;H:T57A;H:K58N;H:V100L,0.280987339,Phillips et al. 2021,4,4,True,False,True,True,False
3GBN,H:P28T;H:G76S,0.282355589,Phillips et al. 2021,2,4,True,False,True,True,True
3GBN,H:R30S;H:G76S,0.283597388,Phillips et al. 2021,2,4,True,False,True,True,True
3GBN,H:R30S;H:T57A;H:K58N,0.301460768,Phillips et al. 2021,3,4,True,False,False,True,False
3GBN,H:P28T;H:D73E;H:F74S;H:A75T,0.30194176,Phillips et al. 2021,4,4,True,False,True,True,True
3GBN,H:P28T;H:R30S;H:T57A;H:A75T,0.303384551,Phillips et al. 2021,4,4,True,False,True,True,False
3GBN,H:P28T;H:K58N;H:G76S,0.318110376,Phillips et al. 2021,3,4,True,False,True,True,True
3GBN,H:P28T;H:D73E,0.333037869,Phillips et al. 2021,2,4,True,False,True,True,True
3GBN,H:P28T;H:K58N;H:G76S;H:V100L,0.334752687,Phillips et al. 2021,4,4,True,False,True,True,True
3GBN,H:R30S;H:A75T;H:G76S,0.337750355,Phillips et al. 2021,3,4,True,False,True,True,True
3GBN,H:P28T;H:T57A;H:D73E;H:V100L,0.341453479,Phillips et al. 2021,4,4,True,False,True,True,False
3GBN,H:P28T;H:D73E;H:V100L,0.342020852,Phillips et al. 2021,3,4,True,False,True,True,True
3GBN,H:R30S;H:T57A;H:F74S,0.350572835,Phillips et al. 2021,3,4,True,False,False,True,False
3GBN,H:R30S;H:G76S;H:V100L,0.365453322,Phillips et al. 2021,3,4,True,False,True,True,True
3GBN,H:P28T;H:T57A;H:K58N;H:D73E,0.366705553,Phillips et al. 2021,4,4,True,False,True,True,False
3GBN,H:R30S;H:T57A;H:K58N;H:V100L,0.372476897,Phillips et al. 2021,4,4,True,False,True,True,False
3GBN,H:R30S;H:T57A;H:A75T;H:V100L,0.378447227,Phillips et al. 2021,4,4,True,False,True,True,False
3GBN,H:R30S;H:T57A;H:G76S;H:V100L,0.385405151,Phillips et al. 2021,4,4,True,False,True,True,False
3GBN,H:R30S;H:T57A;H:F74S;H:A75T,0.385816,Phillips et al. 2021,4,4,True,False,True,True,False
3GBN,H:R30S;H:D73E;H:F74S;H:V100L,0.388972854,Phillips et al. 2021,4,4,True,False,True,True,True
3GBN,H:P28T;H:R30S;H:T57A,0.393152767,Phillips et al. 2021,3,4,True,False,True,True,False
3GBN,H:R30S;H:K58N;H:G76S;H:V100L,0.39689259,Phillips et al. 2021,4,4,True,False,True,True,True
3GBN,H:P28T;H:K58N;H:D73E,0.398813032,Phillips et al. 2021,3,4,True,False,True,True,True
3GBN,H:P28T;H:T57A;H:D73E;H:G76S,0.3989665,Phillips et al. 2021,4,4,True,False,True,True,False
3GBN,H:R30S;H:F74S,0.403849587,Phillips et al. 2021,2,4,True,False,False,True,True
3GBN,H:R30S;H:K58N;H:G76S,0.404114292,Phillips et al. 2021,3,4,True,False,True,True,True
3GBN,H:P28T;H:K58N;H:D73E;H:V100L,0.408220917,Phillips et al. 2021,4,4,True,False,True,True,True
3GBN,H:R30S;H:F74S;H:A75T;H:V100L,0.408779343,Phillips et al. 2021,4,4,True,False,True,True,True
3GBN,H:R30S;H:T57A;H:K58N;H:G76S,0.409848294,Phillips et al. 2021,4,4,True,False,True,True,False
3GBN,H:P28T;H:F74S,0.415237487,Phillips et al. 2021,2,4,True,False,True,True,True
3GBN,H:P28T;H:K58N;H:D73E;H:A75T,0.416986311,Phillips et al. 2021,4,4,True,False,True,True,True
3GBN,H:R30S;H:F74S;H:A75T,0.428346075,Phillips et al. 2021,3,4,True,False,True,True,True
3GBN,H:R30S;H:T57A;H:F74S;H:V100L,0.42987513,Phillips et al. 2021,4,4,True,False,True,True,False
3GBN,H:P28T;H:D73E;H:G76S,0.439991226,Phillips et al. 2021,3,4,True,False,True,True,True
3GBN,H:P28T;H:T57A;H:F74S;H:V100L,0.456132701,Phillips et al. 2021,4,4,True,False,True,True,False
3GBN,H:R30S;H:K58N;H:A75T;H:G76S,0.464132907,Phillips et al. 2021,4,4,True,False,True,True,True
3GBN,H:R30S;H:K58N;H:A75T;H:V100L,0.469097555,Phillips et al. 2021,4,4,True,False,True,True,True
3GBN,H:R30S;H:T57A;H:D73E;H:F74S,0.496939742,Phillips et al. 2021,4,4,True,False,True,True,False
3GBN,H:R30S;H:K58N;H:F74S,0.505226883,Phillips et al. 2021,3,4,True,False,False,True,True
3GBN,H:R30S;H:F74S;H:V100L,0.511848196,Phillips et al. 2021,3,4,True,False,True,True,True
3GBN,H:R30S;H:K58N;H:F74S;H:V100L,0.516519465,Phillips et al. 2021,4,4,True,False,True,True,True
3GBN,H:R30S;H:T57A;H:K58N;H:F74S,0.520283598,Phillips et al. 2021,4,4,True,False,False,True,False
3GBN,H:R30S;H:A75T;H:G76S;H:V100L,0.536692137,Phillips et al. 2021,4,4,True,False,True,True,True
3GBN,H:R30S;H:T57A;H:K58N;H:A75T,0.53913507,Phillips et al. 2021,4,4,True,False,True,True,False
3GBN,H:P28T;H:F74S;H:V100L,0.547068771,Phillips et al. 2021,3,4,True,False,True,True,True
3GBN,H:P28T;H:D73E;H:G76S;H:V100L,0.606175767,Phillips et al. 2021,4,4,True,False,True,True,True
3GBN,H:R30S;H:K58N;H:F74S;H:A75T,0.609999351,Phillips et al. 2021,4,4,True,False,True,True,True
3GBN,H:P28T;H:K58N;H:F74S,0.621190908,Phillips et al. 2021,3,4,True,False,True,True,True
3GBN,H:P28T;H:T57A;H:K58N;H:F74S,0.653471271,Phillips et al. 2021,4,4,True,False,True,True,False
3GBN,H:P28T;H:R30S,0.673994409,Phillips et al. 2021,2,4,True,False,True,True,True
3GBN,H:R30S;H:K58N;H:D73E;H:F74S,0.691128997,Phillips et al. 2021,4,4,True,False,True,True,True
3GBN,H:P28T;H:F74S;H:A75T;H:G76S,0.711749265,Phillips et al. 2021,4,4,True,False,True,True,True
3GBN,H:P28T;H:R30S;H:T57A;H:V100L,0.721186869,Phillips et al. 2021,4,4,True,False,True,True,False
3GBN,H:K58N;H:A75T;H:V100L,0.739461432,Phillips et al. 2021,3,4,True,False,True,True,True
3GBN,H:P28T;H:R30S;H:V100L,0.740624893,Phillips et al. 2021,3,4,True,False,True,True,True
3GBN,H:P28T;H:K58N;H:D73E;H:G76S,0.762570805,Phillips et al. 2021,4,4,True,False,True,True,True
3GBN,H:P28T;H:R30S;H:K58N,0.795448655,Phillips et al. 2021,3,4,True,False,True,True,True
3GBN,H:P28T;H:T57A;H:F74S;H:G76S,0.843466139,Phillips et al. 2021,4,4,True,False,True,True,False
3GBN,H:P28T;H:R30S;H:T57A;H:K58N,0.886791188,Phillips et al. 2021,4,4,True,False,True,True,False
3GBN,H:P28T;H:K58N;H:F74S;H:V100L,0.926461442,Phillips et al. 2021,4,4,True,False,True,True,True
3GBN,H:P28T;H:R30S;H:D73E;H:A75T,0.987181832,Phillips et al. 2021,4,4,True,False,True,True,True
3GBN,H:P28T;H:R30S;H:K58N;H:V100L,1.02311295,Phillips et al. 2021,4,4,True,False,True,True,True
3GBN,H:R30S;H:F74S;H:G76S,1.128979909,Phillips et al. 2021,3,4,True,False,True,True,True
3GBN,H:P28T;H:F74S;H:G76S,1.170125759,Phillips et al. 2021,3,4,True,False,True,True,True
3GBN,H:P28T;H:D73E;H:F74S;H:V100L,1.190845549,Phillips et al. 2021,4,4,True,False,True,True,True
3GBN,H:R30S;H:D73E;H:F74S;H:G76S,1.196073765,Phillips et al. 2021,4,4,True,False,True,True,True
3GBN,H:P28T;H:T57A;H:D73E;H:F74S,1.19743798,Phillips et al. 2021,4,4,True,False,True,True,False
3GBN,H:P28T;H:R30S;H:T57A;H:D73E,1.212057271,Phillips et al. 2021,4,4,True,False,True,True,False
3GBN,H:P28T;H:F74S;H:G76S;H:V100L,1.222805284,Phillips et al. 2021,4,4,True,False,True,True,True
3GBN,H:P28T;H:R30S;H:D73E;H:G76S,1.2349359,Phillips et al. 2021,4,4,True,False,True,True,True
3GBN,H:R30S;H:T57A;H:F74S;H:G76S,1.268099232,Phillips et al. 2021,4,4,True,False,True,True,False
3GBN,H:P28T;H:R30S;H:T57A;H:G76S,1.278163255,Phillips et al. 2021,4,4,True,False,True,True,False
3GBN,H:P28T;H:K58N;H:F74S;H:G76S,1.308429791,Phillips et al. 2021,4,4,True,False,True,True,True
3GBN,H:P28T;H:D73E;H:F74S,1.309446727,Phillips et al. 2021,3,4,True,False,True,True,True
3GBN,H:P28T;H:R30S;H:D73E,1.326158031,Phillips et al. 2021,3,4,True,False,True,True,True
3GBN,H:P28T;H:R30S;H:D73E;H:V100L,1.377181563,Phillips et al. 2021,4,4,True,False,True,True,True
3GBN,H:R30S;H:F74S;H:A75T;H:G76S,1.421958266,Phillips et al. 2021,4,4,True,False,True,True,True
3GBN,H:P28T;H:K58N;H:D73E;H:F74S,1.495205899,Phillips et al. 2021,4,4,True,False,True,True,True
3GBN,H:P28T;H:R30S;H:K58N;H:G76S,1.527689262,Phillips et al. 2021,4,4,True,False,True,True,True
3GBN,H:R30S;H:F74S;H:G76S;H:V100L,1.5347627,Phillips et al. 2021,4,4,True,False,True,True,True
3GBN,H:P28T;H:R30S;H:G76S,1.57141701,Phillips et al. 2021,3,4,True,False,True,True,True
3GBN,H:P28T;H:R30S;H:D73E;H:F74S,1.616283915,Phillips et al. 2021,4,4,True,False,True,True,True
3GBN,H:P28T;H:R30S;H:K58N;H:D73E,1.644668924,Phillips et al. 2021,4,4,True,False,True,True,True
3GBN,H:P28T;H:D73E;H:F74S;H:G76S,1.735486424,Phillips et al. 2021,4,4,True,False,True,True,True
3GBN,H:P28T;H:R30S;H:G76S;H:V100L,1.75811834,Phillips et al. 2021,4,4,True,False,True,True,True
3GBN,H:P28T;H:R30S;H:F74S;H:A75T,1.76966469,Phillips et al. 2021,4,4,True,False,True,True,True
3GBN,H:R30S;H:K58N;H:F74S;H:G76S,1.805852295,Phillips et al. 2021,4,4,True,False,True,True,True
3GBN,H:P28T;H:R30S;H:A75T;H:V100L,2.041232736,Phillips et al. 2021,4,4,True,False,True,True,True
3GBN,H:P28T;H:R30S;H:A75T;H:G76S,2.359412278,Phillips et al. 2021,4,4,True,False,True,True,True
3GBN,H:P28T;H:R30S;H:F74S;H:V100L,3.239128394,Phillips et al. 2021,4,4,True,False,True,True,True
3GBN,H:P28T;H:R30S;H:T57A;H:F74S,3.893936424,Phillips et al. 2021,4,4,True,False,True,True,False
3GBN,H:P28T;H:R30S;H:F74S,4.073033154,Phillips et al. 2021,3,4,True,False,True,True,True
3GBN,H:P28T;H:R30S;H:F74S;H:G76S,4.221874454,Phillips et al. 2021,4,4,True,False,True,True,True
3GBN,H:P28T;H:R30S;H:K58N;H:F74S,4.349563106,Phillips et al. 2021,4,4,True,False,True,True,True
4FQY,H:A58N;H:S70T;H:F74S;H:S75T,2.505283617,Phillips et al. 2021,4,2,True,False,True,True,True
4FQY,H:T57A;H:N76S,1.400047581,Phillips et al. 2021,2,2,True,False,False,True,False
4FQY,H:S56T;H:T57A;H:A58N;H:S70T,1.035987588,Phillips et al. 2021,4,2,True,False,True,True,False
4FQY,H:N31S;H:T57A;H:S75T,1.988557109,Phillips et al. 2021,3,2,True,False,True,True,False
4FQY,H:S56T;H:A58N;H:N76S,1.45811197,Phillips et al. 2021,3,2,True,False,True,True,True
4FQY,H:A58N,-0.58772878,Phillips et al. 2021,1,2,True,False,True,False,False
4FQY,H:N31S;H:T57A;H:N76S,2.110163636,Phillips et al. 2021,3,2,True,False,False,True,False
4FQY,H:S56T;H:A58N;H:S75T,0.570028167,Phillips et al. 2021,3,2,True,False,True,True,True
4FQY,H:S56T;H:A58N;H:S70T,0.719182853,Phillips et al. 2021,3,2,True,False,True,True,True
4FQY,H:N31S;H:T57A;H:S70T,2.166694811,Phillips et al. 2021,3,2,True,False,True,True,False
4FQY,H:T57A;H:S70T;H:S75T;H:N76S,1.363999665,Phillips et al. 2021,4,2,True,False,True,True,False
4FQY,H:A58N;H:S70T;H:S75T,-0.486379476,Phillips et al. 2021,3,2,True,False,True,True,True
4FQY,H:N31S;H:T57A;H:A58N;H:N76S,1.825401726,Phillips et al. 2021,4,2,True,False,True,True,False
4FQY,H:S56T;H:T57A;H:A58N;H:N76S,1.639202467,Phillips et al. 2021,4,2,True,False,True,True,False
4FQY,H:A58N;H:N76S,0.0787164,Phillips et al. 2021,2,2,True,False,True,True,True
4FQY,H:T57A;H:S70T,0.799173667,Phillips et al. 2021,2,2,True,False,True,True,False
4FQY,H:S56T;H:T57A;H:A58N;H:S75T,1.301709659,Phillips et al. 2021,4,2,True,False,True,True,False
4FQY,H:T57A;H:A58N,0.434477701,Phillips et al. 2021,2,2,True,False,True,True,False
4FQY,H:T57A;H:A58N;H:N76S,1.163384541,Phillips et al. 2021,3,2,True,False,True,True,False
4FQY,H:N31S;H:S70T,1.530270548,Phillips et al. 2021,2,2,True,False,True,True,True
4FQY,H:S70T;H:S75T;H:N76S,0.952564247,Phillips et al. 2021,3,2,True,False,True,True,True
4FQY,H:S29F;H:S56T;H:T57A;H:S70T,2.135584962,Phillips et al. 2021,4,2,True,False,True,True,False
4FQY,H:T57A;H:A58N;H:S75T,0.428598956,Phillips et al. 2021,3,2,True,False,True,True,False
4FQY,H:T57A;H:S75T,0.95689722,Phillips et al. 2021,2,2,True,False,True,True,False
4FQY,H:S56T;H:A58N,0.489429114,Phillips et al. 2021,2,2,True,False,True,True,True
4FQY,H:S29F;H:T57A;H:S70T;H:N76S,1.527852428,Phillips et al. 2021,4,2,True,False,True,True,False
4FQY,H:N30S;H:T57A;H:N76S,2.310527141,Phillips et al. 2021,3,2,True,False,False,True,False
4FQY,H:N76S,0.805839359,Phillips et al. 2021,1,2,True,False,False,False,False
4FQY,H:S29F;H:T57A;H:N76S,1.468707888,Phillips et al. 2021,3,2,True,False,True,True,False
4FQY,H:T57A;H:A58N;H:S75T;H:N76S,1.149074854,Phillips et al. 2021,4,2,True,False,True,True,False
4FQY,H:N31S;H:A58N;H:S70T;H:S75T,0.987887895,Phillips et al. 2021,4,2,True,False,True,True,True
4FQY,H:S29F;H:T57A;H:S70T,1.418142461,Phillips et al. 2021,3,2,True,False,True,True,False
4FQY,H:S29F;H:T57A;H:S70T;H:S100BY,1.709520011,Phillips et al. 2021,4,2,True,False,True,True,False
4FQY,H:N31S;H:A58N;H:N76S,0.690371233,Phillips et al. 2021,3,2,True,False,True,True,True
4FQY,H:T57A;H:A58N;H:S70T,0.392715362,Phillips et al. 2021,3,2,True,False,True,True,False
4FQY,H:T57A;H:N76S;H:S100BY,1.642767712,Phillips et al. 2021,3,2,True,False,True,True,False
4FQY,H:T57A,1.163808769,Phillips et al. 2021,1,2,True,True,False,False,False
4FQY,H:S29F;H:A58N;H:S70T;H:N76S,-0.413623503,Phillips et al. 2021,4,2,True,False,True,True,True
4FQY,H:T57A;H:S70T;H:S100BY,1.307347301,Phillips et al. 2021,3,2,True,False,True,True,False
4FQY,H:A58N;H:S70T;H:S75T;H:N76S,0.433549649,Phillips et al. 2021,4,2,True,False,True,True,True
4FQY,H:S29F,0.451637754,Phillips et al. 2021,1,2,True,False,True,False,False
4FQY,H:T57A;H:S70T;H:N76S,1.377774927,Phillips et al. 2021,3,2,True,False,True,True,False
4FQY,H:S70T;H:S75T,0.026522807,Phillips et al. 2021,2,2,True,False,True,True,True
4FQY,H:S75T,0.059209449,Phillips et al. 2021,1,2,True,False,True,False,False
4FQY,H:S29F;H:T57A,1.480137885,Phillips et al. 2021,2,2,True,False,True,True,False
4FQY,H:T57A;H:S70T;H:S75T,0.944362612,Phillips et al. 2021,3,2,True,False,True,True,False
4FQY,H:A58N;H:S70T;H:N76S,0.196649564,Phillips et al. 2021,3,2,True,False,True,True,True
4FQY,H:A58N;H:N76S;H:S100BY,0.883061462,Phillips et al. 2021,3,2,True,False,True,True,True
4FQY,H:N30S;H:A58N;H:S70T,0.292019625,Phillips et al. 2021,3,2,True,False,True,True,True
4FQY,H:T57A;H:S75T;H:S100BY,1.486225062,Phillips et al. 2021,3,2,True,False,True,True,False
4FQY,H:T57A;H:S70T;H:N76S;H:S100BY,1.657770438,Phillips et al. 2021,4,2,True,False,True,True,False
4FQY,H:S75T;H:N76S,0.723776466,Phillips et al. 2021,2,2,True,False,True,True,True
4FQY,H:T57A;H:A58N;H:S70T;H:S75T,0.355995664,Phillips et al. 2021,4,2,True,False,True,True,False
4FQY,H:S56T;H:T57A;H:A58N,1.108827846,Phillips et al. 2021,3,2,True,False,True,True,False
4FQY,H:N30S;H:A58N;H:S70T;H:N76S,1.20237956,Phillips et al. 2021,4,2,True,False,True,True,True
4FQY,H:A58N;H:F74S,1.84509428,Phillips et al. 2021,2,2,True,False,True,True,True
4FQY,H:A58N;H:S75T,-0.364953293,Phillips et al. 2021,2,2,True,False,True,True,True
4FQY,H:S29F;H:N31S;H:T57A;H:S70T,2.183472607,Phillips et al. 2021,4,2,True,False,True,True,False
4FQY,H:N31S;H:T57A;H:N76S;H:S100BY,2.121230903,Phillips et al. 2021,4,2,True,False,True,True,False
4FQY,H:S70T,0.107646392,Phillips et al. 2021,1,2,True,False,True,False,False
4FQY,H:N76S;H:S100BY,1.158285151,Phillips et al. 2021,2,2,True,False,True,True,True
4FQY,H:S29F;H:T57A;H:N76S;H:S100BY,1.896989035,Phillips et al. 2021,4,2,True,False,True,True,False
4FQY,H:N31S;H:A58N;H:N76S;H:S100BY,0.979147126,Phillips et al. 2021,4,2,True,False,True,True,True
4FQY,H:S56T;H:T57A;H:S70T,1.761802998,Phillips et al. 2021,3,2,True,False,True,True,False
4FQY,H:N31S;H:S70T;H:S75T;H:N76S,1.450907907,Phillips et al. 2021,4,2,True,False,True,True,True
4FQY,H:N30S;H:T57A;H:S70T;H:S75T,1.753781649,Phillips et al. 2021,4,2,True,False,True,True,False
4FQY,H:N30S;H:T57A;H:S75T,1.901744157,Phillips et al. 2021,3,2,True,False,True,True,False
4FQY,H:A58N;H:S100BY,-0.27886025,Phillips et al. 2021,2,2,True,False,True,True,True
4FQY,H:S29F;H:N31S;H:A58N;H:N76S,0.580937214,Phillips et al. 2021,4,2,True,False,True,True,True
4FQY,H:A58N;H:S70T;H:N76S;H:S100BY,0.814696539,Phillips et al. 2021,4,2,True,False,True,True,True
4FQY,H:N30S;H:S56T;H:A58N;H:S75T,1.701850137,Phillips et al. 2021,4,2,True,False,True,True,True
4FQY,H:T57A;H:A58N;H:S70T;H:S100BY,1.321036641,Phillips et al. 2021,4,2,True,False,True,True,False
4FQY,H:S56T;H:A58N;H:S70T;H:N76S,1.614426572,Phillips et al. 2021,4,2,True,False,True,True,True
4FQY,H:S29F;H:S70T;H:S75T,0.559427003,Phillips et al. 2021,3,2,True,False,True,True,True
4FQY,H:A58N;H:S75T;H:S100BY,0.36106199,Phillips et al. 2021,3,2,True,False,True,True,True
4FQY,H:S29F;H:N31S;H:N76S,1.694240527,Phillips et al. 2021,3,2,True,False,True,True,True
4FQY,H:T57A;H:A58N;H:S70T;H:N76S,1.221145499,Phillips et al. 2021,4,2,True,False,True,True,False
4FQY,H:S29F;H:N31S;H:S75T,1.81183425,Phillips et al. 2021,3,2,True,False,True,True,True
4FQY,H:S56T;H:T57A;H:S70T;H:S75T,1.799385332,Phillips et al. 2021,4,2,True,False,True,True,False
4FQY,H:N30S;H:T57A;H:A58N;H:N76S,1.637119198,Phillips et al. 2021,4,2,True,False,True,True,False
4FQY,H:S29F;H:S56T;H:A58N;H:S75T,1.073777938,Phillips et al. 2021,4,2,True,False,True,True,True
4FQY,H:S70T;H:N76S,0.99144018,Phillips et al. 2021,2,2,True,False,True,True,True
4FQY,H:T57A;H:A58N;H:S100BY,0.991277288,Phillips et al. 2021,3,2,True,False,True,True,False
4FQY,H:S29F;H:T57A;H:S75T,1.751711809,Phillips et al. 2021,3,2,True,False,True,True,False
4FQY,H:N30S;H:N31S;H:A58N;H:N76S,1.206748387,Phillips et al. 2021,4,2,True,False,True,True,True
4FQY,H:S29F;H:S70T;H:N76S,0.942924433,Phillips et al. 2021,3,2,True,False,True,True,True
4FQY,H:N31S;H:A58N;H:S75T;H:S100BY,1.374364305,Phillips et al. 2021,4,2,True,False,True,True,True
4FQY,H:N31S;H:T57A;H:S70T;H:N76S,1.877251967,Phillips et al. 2021,4,2,True,False,True,True,False
4FQY,H:N31S;H:S75T,1.626400114,Phillips et al. 2021,2,2,True,False,True,True,True
4FQY,H:S29F;H:S56T;H:A58N,0.546812406,Phillips et al. 2021,3,2,True,False,True,True,True
4FQY,H:S56T;H:T57A;H:S75T,1.770545869,Phillips et al. 2021,3,2,True,False,True,True,False
4FQY,H:S29F;H:T57A;H:S75T;H:N76S,1.812947059,Phillips et al. 2021,4,2,True,False,True,True,False
4FQY,H:N30S;H:N76S,1.639655676,Phillips et al. 2021,2,2,True,False,False,True,True
4FQY,H:S29F;H:T57A;H:A58N;H:S70T,1.191241923,Phillips et al. 2021,4,2,True,False,True,True,False
4FQY,H:N31S;H:A58N;H:S75T,1.033867838,Phillips et al. 2021,3,2,True,False,True,True,True
4FQY,H:N31S;H:S75T;H:N76S;H:S100BY,1.468405418,Phillips et al. 2021,4,2,True,False,True,True,True
4FQY,H:S56T;H:A58N;H:N76S;H:S100BY,2.029828826,Phillips et al. 2021,4,2,True,False,True,True,True
4FQY,H:N31S;H:S56T;H:A58N;H:N76S,1.815061,Phillips et al. 2021,4,2,True,False,True,True,True
4FQY,H:N30S;H:A58N,0.369220443,Phillips et al. 2021,2,2,True,False,True,True,True
4FQY,H:N30S;H:S56T;H:A58N;H:N76S,2.103030022,Phillips et al. 2021,4,2,True,False,True,True,True
4FQY,H:N30S;H:S70T;H:S75T;H:N76S,1.568425463,Phillips et al. 2021,4,2,True,False,True,True,True
4FQY,H:T57A;H:S75T;H:N76S,1.381507787,Phillips et al. 2021,3,2,True,False,True,True,False
4FQY,H:S29F;H:N31S;H:T57A,2.241837399,Phillips et al. 2021,3,2,True,False,True,True,False
4FQY,H:S100BY,0.397892132,Phillips et al. 2021,1,2,True,False,True,False,False
4FQY,H:N31S;H:T57A;H:A58N;H:S75T,1.764489245,Phillips et al. 2021,4,2,True,False,True,True,False
4FQY,H:S29F;H:A58N;H:S70T;H:F74S,2.933774534,Phillips et al. 2021,4,2,True,False,True,True,True
4FQY,H:S75T;H:S100BY,0.39439749,Phillips et al. 2021,2,2,True,False,True,True,True
4FQY,H:S56T;H:A58N;H:S70T;H:S75T,0.814232367,Phillips et al. 2021,4,2,True,False,True,True,True
4FQY,H:N31S;H:A58N;H:S70T;H:N76S,0.958345455,Phillips et al. 2021,4,2,True,False,True,True,True
4FQY,H:S29F;H:T57A;H:A58N;H:N76S,1.286865868,Phillips et al. 2021,4,2,True,False,True,True,False
4FQY,H:A58N;H:S70T;H:S100BY,0.144242883,Phillips et al. 2021,3,2,True,False,True,True,True
4FQY,H:N30S;H:S56T;H:T57A;H:S70T,1.945913942,Phillips et al. 2021,4,2,True,False,True,True,False
4FQY,H:N30S;H:T57A;H:S70T;H:S100BY,2.068952297,Phillips et al. 2021,4,2,True,False,True,True,False
4FQY,H:N30S;H:A58N;H:N76S,0.871748083,Phillips et al. 2021,3,2,True,False,True,True,True
4FQY,H:N31S;H:N76S,1.307752453,Phillips et al. 2021,2,2,True,False,False,True,True
4FQY,H:N31S;H:T57A;H:S100BY,2.356771854,Phillips et al. 2021,3,2,True,False,True,True,False
4FQY,H:N31S;H:T57A;H:S70T;H:S100BY,2.338856514,Phillips et al. 2021,4,2,True,False,True,True,False
4FQY,H:S29F;H:A58N;H:N76S,-0.064795585,Phillips et al. 2021,3,2,True,False,True,True,True
4FQY,H:A58N;H:S70T,-0.421624771,Phillips et al. 2021,2,2,True,False,True,True,True
4FQY,H:S56T;H:T57A,1.741950568,Phillips et al. 2021,2,2,True,False,True,True,False
4FQY,H:N31S;H:T57A,2.032665818,Phillips et al. 2021,2,2,True,False,False,True,False
4FQY,H:N30S;H:S75T;H:N76S,1.592143922,Phillips et al. 2021,3,2,True,False,True,True,True
4FQY,H:N30S;H:N31S;H:N76S,1.824112003,Phillips et al. 2021,3,2,True,False,False,True,True
4FQY,H:S70T;H:S75T;H:N76S;H:S100BY,1.510752215,Phillips et al. 2021,4,2,True,False,True,True,True
4FQY,H:S29F;H:S70T;H:S75T;H:S100BY,0.878524416,Phillips et al. 2021,4,2,True,False,True,True,True
4FQY,H:N30S;H:T57A,1.775584975,Phillips et al. 2021,2,2,True,False,False,True,False
4FQY,H:T57A;H:A58N;H:N76S;H:S100BY,1.509838572,Phillips et al. 2021,4,2,True,False,True,True,False
4FQY,H:S29F;H:A58N;H:S75T,-0.425573332,Phillips et al. 2021,3,2,True,False,True,True,True
4FQY,H:T57A;H:S100BY,1.510291037,Phillips et al. 2021,2,2,True,False,True,True,False
4FQY,H:S29F;H:N31S;H:A58N,0.354000844,Phillips et al. 2021,3,2,True,False,True,True,True
4FQY,H:S56T;H:A58N;H:S75T;H:N76S,1.793490302,Phillips et al. 2021,4,2,True,False,True,True,True
4FQY,H:N31S;H:A58N,0.719920204,Phillips et al. 2021,2,2,True,False,True,True,True
4FQY,H:N30S;H:S56T;H:A58N,1.402318848,Phillips et al. 2021,3,2,True,False,True,True,True
4FQY,H:S29F;H:N30S;H:A58N,0.687592321,Phillips et al. 2021,3,2,True,False,True,True,True
4FQY,H:S29F;H:T57A;H:A58N;H:S75T,1.603299448,Phillips et al. 2021,4,2,True,False,True,True,False
4FQY,H:A58N;H:S70T;H:S75T;H:S100BY,0.223304259,Phillips et al. 2021,4,2,True,False,True,True,True
4FQY,H:S29F;H:N31S;H:T57A;H:N76S,2.258387158,Phillips et al. 2021,4,2,True,False,True,True,False
4FQY,H:S70T;H:S75T;H:S100BY,0.788140881,Phillips et al. 2021,3,2,True,False,True,True,True
4FQY,H:N31S;H:N76S;H:S100BY,1.517262571,Phillips et al. 2021,3,2,True,False,True,True,True
4FQY,H:N31S;H:S75T;H:N76S,1.606695714,Phillips et al. 2021,3,2,True,False,True,True,True
4FQY,H:N30S;H:A58N;H:S75T,0.20006772,Phillips et al. 2021,3,2,True,False,True,True,True
4FQY,H:S70T;H:S100BY,0.768740271,Phillips et al. 2021,2,2,True,False,True,True,True
4FQY,H:N30S;H:T57A;H:S75T;H:S100BY,2.22607177,Phillips et al. 2021,4,2,True,False,True,True,False
4FQY,H:S29F;H:T57A;H:S70T;H:S75T,1.738887685,Phillips et al. 2021,4,2,True,False,True,True,False
4FQY,H:N31S;H:S70T;H:S75T,1.750350026,Phillips et al. 2021,3,2,True,False,True,True,True
4FQY,H:N30S;H:T57A;H:S70T;H:N76S,2.108203215,Phillips et al. 2021,4,2,True,False,True,True,False
4FQY,H:S56T;H:S75T,2.082455125,Phillips et al. 2021,2,2,True,False,True,True,True
4FQY,H:N30S,0.926656018,Phillips et al. 2021,1,2,True,False,False,False,False
4FQY,H:S29F;H:S70T;H:S100BY,0.97903183,Phillips et al. 2021,3,2,True,False,True,True,True
4FQY,H:S29F;H:N30S;H:A58N;H:S100BY,0.995601665,Phillips et al. 2021,4,2,True,False,True,True,True
4FQY,H:N31S;H:S56T;H:A58N;H:S70T,1.99817054,Phillips et al. 2021,4,2,True,False,True,True,True
4FQY,H:N30S;H:T57A;H:S70T,1.863803906,Phillips et al. 2021,3,2,True,False,True,True,False
4FQY,H:S56T;H:T57A;H:S70T;H:N76S,1.839019104,Phillips et al. 2021,4,2,True,False,True,True,False
4FQY,H:N31S;H:S100BY,1.622211772,Phillips et al. 2021,2,2,True,False,True,True,True
4FQY,H:N31S;H:S75T;H:S100BY,1.728001123,Phillips et al. 2021,3,2,True,False,True,True,True
4FQY,H:S29F;H:S56T;H:S70T;H:N76S,2.682918907,Phillips et al. 2021,4,2,True,False,True,True,True
4FQY,H:S29F;H:S56T;H:A58N;H:N76S,1.132888882,Phillips et al. 2021,4,2,True,False,True,True,True
4FQY,H:A58N;H:S75T;H:N76S,0.22610164,Phillips et al. 2021,3,2,True,False,True,True,True
4FQY,H:N30S;H:N31S;H:A58N,1.387827949,Phillips et al. 2021,3,2,True,False,True,True,True
4FQY,H:S29F;H:S70T,0.36163986,Phillips et al. 2021,2,2,True,False,True,True,True
4FQY,H:S56T;H:T57A;H:N76S,1.7747017,Phillips et al. 2021,3,2,True,False,True,True,False
4FQY,H:N30S;H:N31S;H:S75T,1.765118996,Phillips et al. 2021,3,2,True,False,True,True,True
4FQY,H:N31S;H:A58N;H:S75T;H:N76S,0.670258699,Phillips et al. 2021,4,2,True,False,True,True,True
4FQY,H:S29F;H:S56T;H:A58N;H:S100BY,0.985202836,Phillips et al. 2021,4,2,True,False,True,True,True
4FQY,H:N30S;H:A58N;H:S75T;H:S100BY,1.272442516,Phillips et al. 2021,4,2,True,False,True,True,True
4FQY,H:N30S;H:S56T;H:T57A;H:S75T,2.313949552,Phillips et al. 2021,4,2,True,False,True,True,False
4FQY,H:S29F;H:S56T;H:T57A;H:A58N,1.627945462,Phillips et al. 2021,4,2,True,False,True,True,False
4FQY,H:N31S;H:T57A;H:A58N,1.610244958,Phillips et al. 2021,3,2,True,False,True,True,False
4FQY,H:S56T;H:A58N;H:S75T;H:S100BY,1.445612652,Phillips et al. 2021,4,2,True,False,True,True,True
4FQY,H:N31S;H:S70T;H:N76S;H:S100BY,1.749248764,Phillips et al. 2021,4,2,True,False,True,True,True
4FQY,H:S29F;H:N31S;H:S70T;H:S75T,2.215195425,Phillips et al. 2021,4,2,True,False,True,True,True
4FQY,H:N30S;H:T57A;H:A58N;H:S70T,1.21714307,Phillips et al. 2021,4,2,True,False,True,True,False
4FQY,H:S29F;H:S75T;H:N76S;H:S100BY,1.46012658,Phillips et al. 2021,4,2,True,False,True,True,True
4FQY,H:A58N;H:F74S;H:S75T,1.637284689,Phillips et al. 2021,3,2,True,False,True,True,True
4FQY,H:S56T;H:A58N;H:S70T;H:S100BY,1.570956273,Phillips et al. 2021,4,2,True,False,True,True,True
4FQY,H:S29F;H:A58N;H:S70T;H:I73K,2.208290065,Phillips et al. 2021,4,2,True,False,True,True,True
4FQY,H:N30S;H:S70T;H:N76S,1.91380505,Phillips et al. 2021,3,2,True,False,True,True,True
4FQY,H:S29F;H:A58N;H:S70T,-0.48371987,Phillips et al. 2021,3,2,True,False,True,True,True
4FQY,H:S29F;H:N31S;H:T57A;H:A58N,1.967152764,Phillips et al. 2021,4,2,True,False,True,True,False
4FQY,H:S29F;H:N31S;H:S70T;H:S100BY,1.920220854,Phillips et al. 2021,4,2,True,False,True,True,True
4FQY,H:N31S;H:T57A;H:S75T;H:N76S,2.139662896,Phillips et al. 2021,4,2,True,False,True,True,False
4FQY,H:S56T;H:T57A;H:S70T;H:S100BY,2.079868036,Phillips et al. 2021,4,2,True,False,True,True,False
4FQY,H:S29F;H:S56T;H:T57A;H:S75T,2.343633021,Phillips et al. 2021,4,2,True,False,True,True,False
4FQY,H:N30S;H:A58N;H:S70T;H:S100BY,1.098677775,Phillips et al. 2021,4,2,True,False,True,True,True
4FQY,H:S29F;H:N31S;H:S70T,1.544513344,Phillips et al. 2021,3,2,True,False,True,True,True
4FQY,H:N30S;H:T57A;H:A58N,1.252752955,Phillips et al. 2021,3,2,True,False,True,True,False
4FQY,H:S29F;H:S56T;H:A58N;H:S70T,1.032322796,Phillips et al. 2021,4,2,True,False,True,True,True
4FQY,H:S29F;H:A58N;H:S70T;H:S75T,-0.137099817,Phillips et al. 2021,4,2,True,False,True,True,True
4FQY,H:N31S;H:S56T;H:A58N;H:S100BY,2.467086678,Phillips et al. 2021,4,2,True,False,True,True,True
4FQY,H:N30S;H:S75T,0.824501128,Phillips et al. 2021,2,2,True,False,True,True,True
4FQY,H:N30S;H:S56T;H:T57A;H:A58N,1.739676904,Phillips et al. 2021,4,2,True,False,True,True,False
4FQY,H:S56T;H:A58N;H:S100BY,1.345842344,Phillips et al. 2021,3,2,True,False,True,True,True
4FQY,H:N30S;H:A58N;H:N76S;H:S100BY,1.588623592,Phillips et al. 2021,4,2,True,False,True,True,True
4FQY,H:S29F;H:N31S,1.432584071,Phillips et al. 2021,2,2,True,False,True,True,True
4FQY,H:T57A;H:S75T;H:N76S;H:S100BY,1.890754744,Phillips et al. 2021,4,2,True,False,True,True,False
4FQY,H:N30S;H:N31S;H:A58N;H:S75T,1.460767646,Phillips et al. 2021,4,2,True,False,True,True,True
4FQY,H:S29F;H:T57A;H:S75T;H:S100BY,2.04536049,Phillips et al. 2021,4,2,True,False,True,True,False
4FQY,H:T57A;H:S70T;H:S75T;H:S100BY,1.422426759,Phillips et al. 2021,4,2,True,False,True,True,False
4FQY,H:S29F;H:S56T;H:S70T,2.47097421,Phillips et al. 2021,3,2,True,False,True,True,True
4FQY,H:S29F;H:S56T;H:T57A;H:N76S,2.282421284,Phillips et al. 2021,4,2,True,False,True,True,False
4FQY,H:N30S;H:A58N;H:S70T;H:S75T,0.450787533,Phillips et al. 2021,4,2,True,False,True,True,True
4FQY,H:N30S;H:N31S,1.778361868,Phillips et al. 2021,2,2,True,False,False,True,True
4FQY,H:S29F;H:A58N;H:S75T;H:N76S,-0.20183424,Phillips et al. 2021,4,2,True,False,True,True,True
4FQY,H:N31S;H:S70T;H:S75T;H:S100BY,1.808249199,Phillips et al. 2021,4,2,True,False,True,True,True
4FQY,H:S29F;H:N76S,0.810704073,Phillips et al. 2021,2,2,True,False,True,True,True
4FQY,H:S29F;H:N31S;H:A58N;H:S70T,0.558635921,Phillips et al. 2021,4,2,True,False,True,True,True
4FQY,H:T57A;H:A58N;H:S75T;H:S100BY,1.291092778,Phillips et al. 2021,4,2,True,False,True,True,False
4FQY,H:S56T;H:S70T;H:N76S,2.368791651,Phillips et al. 2021,3,2,True,False,True,True,True
4FQY,H:S56T;H:T57A;H:A58N;H:S100BY,1.597786738,Phillips et al. 2021,4,2,True,False,True,True,False
4FQY,H:S29F;H:S56T,2.315894964,Phillips et al. 2021,2,2,True,False,True,True,True
4FQY,H:N31S,1.256795968,Phillips et al. 2021,1,2,True,False,False,False,False
4FQY,H:S29F;H:A58N;H:S70T;H:S100BY,0.139061909,Phillips et al. 2021,4,2,True,False,True,True,True
4FQY,H:N31S;H:S70T;H:S100BY,1.667562587,Phillips et al. 2021,3,2,True,False,True,True,True
4FQY,H:S29F;H:N30S;H:S75T,1.934917301,Phillips et al. 2021,3,2,True,False,True,True,True
4FQY,H:N31S;H:S70T;H:N76S,1.304305558,Phillips et al. 2021,3,2,True,False,True,True,True
4FQY,H:S56T;H:T57A;H:S75T;H:N76S,2.081595129,Phillips et al. 2021,4,2,True,False,True,True,False
4FQY,H:S29F;H:A58N;H:N76S;H:S100BY,0.64718993,Phillips et al. 2021,4,2,True,False,True,True,True
4FQY,H:A58N;H:F74S;H:N76S,3.12564474,Phillips et al. 2021,3,2,True,False,True,True,True
4FQY,H:S29F;H:N31S;H:S75T;H:N76S,2.243191393,Phillips et al. 2021,4,2,True,False,True,True,True
4FQY,H:S29F;H:N31S;H:A58N;H:S75T,0.530287541,Phillips et al. 2021,4,2,True,False,True,True,True
4FQY,H:N30S;H:N31S;H:S70T;H:N76S,1.810643143,Phillips et al. 2021,4,2,True,False,True,True,True
4FQY,H:N30S;H:S56T;H:A58N;H:S70T,1.662577677,Phillips et al. 2021,4,2,True,False,True,True,True
4FQY,H:N30S;H:T57A;H:S75T;H:N76S,2.367417356,Phillips et al. 2021,4,2,True,False,True,True,False
4FQY,H:N30S;H:S70T,1.128988895,Phillips et al. 2021,2,2,True,False,True,True,True
4FQY,H:N31S;H:S56T;H:A58N,1.904488978,Phillips et al. 2021,3,2,True,False,True,True,True
4FQY,H:S29F;H:T57A;H:S100BY,1.874806919,Phillips et al. 2021,3,2,True,False,True,True,False
4FQY,H:N31S;H:A58N;H:S70T;H:S100BY,1.229640853,Phillips et al. 2021,4,2,True,False,True,True,True
4FQY,H:S29F;H:N31S;H:A58N;H:S100BY,0.52070936,Phillips et al. 2021,4,2,True,False,True,True,True
4FQY,H:A58N;H:S75T;H:N76S;H:S100BY,0.681542149,Phillips et al. 2021,4,2,True,False,True,True,True
4FQY,H:S29F;H:N30S;H:S75T;H:N76S,2.005390548,Phillips et al. 2021,4,2,True,False,True,True,True
4FQY,H:S29F;H:N30S;H:A58N;H:N76S,1.211628572,Phillips et al. 2021,4,2,True,False,True,True,True
4FQY,H:S29F;H:T57A;H:A58N,1.30461055,Phillips et al. 2021,3,2,True,False,True,True,False
4FQY,H:S70T;H:N76S;H:S100BY,1.480790595,Phillips et al. 2021,3,2,True,False,True,True,True
4FQY,H:N31S;H:T57A;H:S70T;H:S75T,2.081613893,Phillips et al. 2021,4,2,True,False,True,True,False
4FQY,H:S29F;H:S70T;H:S75T;H:N76S,1.075959656,Phillips et al. 2021,4,2,True,False,True,True,True
4FQY,H:S75T;H:N76S;H:S100BY,1.463282414,Phillips et al. 2021,3,2,True,False,True,True,True
4FQY,H:N30S;H:T57A;H:A58N;H:S75T,1.293980149,Phillips et al. 2021,4,2,True,False,True,True,False
4FQY,H:S29F;H:S100BY,0.505207577,Phillips et al. 2021,2,2,True,False,True,True,True
4FQY,H:S56T;H:S70T,1.813539637,Phillips et al. 2021,2,2,True,False,True,True,True
4FQY,H:N30S;H:S56T;H:A58N;H:S100BY,2.564574609,Phillips et al. 2021,4,2,True,False,True,True,True
4FQY,H:S29F;H:S75T,0.871740294,Phillips et al. 2021,2,2,True,False,True,True,True
4FQY,H:N30S;H:S70T;H:S100BY,1.541860698,Phillips et al. 2021,3,2,True,False,True,True,True
4FQY,H:N31S;H:A58N;H:S70T,0.964903535,Phillips et al. 2021,3,2,True,False,True,True,True
4FQY,H:N30S;H:S70T;H:N76S;H:S100BY,1.995791294,Phillips et al. 2021,4,2,True,False,True,True,True
4FQY,H:S29F;H:N31S;H:S56T;H:A58N,1.636824885,Phillips et al. 2021,4,2,True,False,True,True,True
4FQY,H:N30S;H:N31S;H:A58N;H:S70T,1.492026984,Phillips et al. 2021,4,2,True,False,True,True,True
4FQY,H:S29F;H:S75T;H:S100BY,1.00112665,Phillips et al. 2021,3,2,True,False,True,True,True
4FQY,H:S29F;H:A58N,-0.217726715,Phillips et al. 2021,2,2,True,False,True,True,True
4FQY,H:N31S;H:T57A;H:A58N;H:S100BY,1.969293655,Phillips et al. 2021,4,2,True,False,True,True,False
4FQY,H:N31S;H:T57A;H:A58N;H:S70T,1.838023387,Phillips et al. 2021,4,2,True,False,True,True,False
4FQY,H:N31S;H:S56T;H:T57A;H:A58N,2.271304909,Phillips et al. 2021,4,2,True,False,True,True,False
4FQY,H:S29F;H:A58N;H:S100BY,-0.114704384,Phillips et al. 2021,3,2,True,False,True,True,True
4FQY,H:N30S;H:S100BY,1.024305882,Phillips et al. 2021,2,2,True,False,True,True,True
4FQY,H:S29F;H:N30S;H:S70T;H:N76S,2.140723067,Phillips et al. 2021,4,2,True,False,True,True,True
4FQY,H:A58N;H:I73K,2.194956843,Phillips et al. 2021,2,2,True,False,True,True,True
4FQY,H:S29F;H:A58N;H:S75T;H:S100BY,0.259174631,Phillips et al. 2021,4,2,True,False,True,True,True
4FQY,H:N31S;H:S56T;H:T57A,3.060902299,Phillips et al. 2021,3,2,True,False,True,True,False
4FQY,H:N30S;H:T57A;H:A58N;H:S100BY,1.806378478,Phillips et al. 2021,4,2,True,False,True,True,False
4FQY,H:S29F;H:S56T;H:N76S,2.718021897,Phillips et al. 2021,3,2,True,False,True,True,True
4FQY,H:N31S;H:S56T;H:A58N;H:S75T,1.90070954,Phillips et al. 2021,4,2,True,False,True,True,True
4FQY,H:N30S;H:S56T;H:T57A,2.295210576,Phillips et al. 2021,3,2,True,False,True,True,False
4FQY,H:S29F;H:N31S;H:T57A;H:S75T,2.462504794,Phillips et al. 2021,4,2,True,False,True,True,False
4FQY,H:S29F;H:N30S;H:N31S;H:S70T,2.832319267,Phillips et al. 2021,4,2,True,False,True,True,True
4FQY,H:S56T;H:T57A;H:S100BY,2.305665113,Phillips et al. 2021,3,2,True,False,True,True,False
4FQY,H:N30S;H:N31S;H:A58N;H:S100BY,1.85672654,Phillips et al. 2021,4,2,True,False,True,True,True
4FQY,H:S29F;H:S75T;H:N76S,1.148571115,Phillips et al. 2021,3,2,True,False,True,True,True
4FQY,H:S29F;H:S56T;H:T57A,1.662770889,Phillips et al. 2021,3,2,True,False,True,True,False
4FQY,H:N30S;H:S70T;H:S75T,1.056540275,Phillips et al. 2021,3,2,True,False,True,True,True
4FQY,H:S29F;H:N30S;H:S70T;H:S75T,1.796787015,Phillips et al. 2021,4,2,True,False,True,True,True
4FQY,H:N30S;H:N31S;H:S56T;H:A58N,2.555879982,Phillips et al. 2021,4,2,True,False,True,True,True
4FQY,H:S70T;H:F74S,2.609385795,Phillips et al. 2021,2,2,True,False,True,True,True
4FQY,H:S29F;H:N30S;H:N76S,2.086848055,Phillips et al. 2021,3,2,True,False,True,True,True
4FQY,H:A58N;H:S70T;H:F74S,2.284078487,Phillips et al. 2021,3,2,True,False,True,True,True
4FQY,H:S56T,2.120166447,Phillips et al. 2021,1,2,True,False,True,False,False
4FQY,H:S56T;H:T57A;H:N76S;H:S100BY,2.683929926,Phillips et al. 2021,4,2,True,False,True,True,False
4FQY,H:S29F;H:N30S,2.006946239,Phillips et al. 2021,2,2,True,False,True,True,True
4FQY,H:A58N;H:S70T;H:I73K,2.440850886,Phillips et al. 2021,3,2,True,False,True,True,True
4FQY,H:N30S;H:A58N;H:S75T;H:N76S,0.783420217,Phillips et al. 2021,4,2,True,False,True,True,True
4FQY,H:S56T;H:T57A;H:S75T;H:S100BY,2.047099006,Phillips et al. 2021,4,2,True,False,True,True,False
4FQY,H:N30S;H:S75T;H:S100BY,1.258817172,Phillips et al. 2021,3,2,True,False,True,True,True
4FQY,H:N30S;H:T57A;H:S100BY,2.166075488,Phillips et al. 2021,3,2,True,False,True,True,False
4FQY,H:N30S;H:N31S;H:S75T;H:N76S,1.787524434,Phillips et al. 2021,4,2,True,False,True,True,True
4FQY,H:S56T;H:N76S,2.864598807,Phillips et al. 2021,2,2,True,False,True,True,True
4FQY,H:S29F;H:N30S;H:S75T;H:S100BY,1.665673351,Phillips et al. 2021,4,2,True,False,True,True,True
4FQY,H:N30S;H:A58N;H:S100BY,0.750488174,Phillips et al. 2021,3,2,True,False,True,True,True
4FQY,H:S29F;H:N31S;H:N76S;H:S100BY,1.832247611,Phillips et al. 2021,4,2,True,False,True,True,True
4FQY,H:S29F;H:S70T;H:N76S;H:S100BY,1.442768071,Phillips et al. 2021,4,2,True,False,True,True,True
4FQY,H:N30S;H:T57A;H:N76S;H:S100BY,2.149754212,Phillips et al. 2021,4,2,True,False,True,True,False
4FQY,H:S29F;H:S56T;H:N76S;H:S100BY,2.584613188,Phillips et al. 2021,4,2,True,False,True,True,True
4FQY,H:A58N;H:S70T;H:I73K;H:S75T,2.748881563,Phillips et al. 2021,4,2,True,False,True,True,True
4FQY,H:A58N;H:F74S;H:S100BY,2.841107342,Phillips et al. 2021,3,2,True,False,True,True,True
4FQY,H:S29F;H:N30S;H:T57A;H:S70T,2.943285599,Phillips et al. 2021,4,2,True,False,True,True,False
4FQY,H:N30S;H:S75T;H:N76S;H:S100BY,1.836755051,Phillips et al. 2021,4,2,True,False,True,True,True
4FQY,H:S29F;H:S56T;H:S100BY,2.761839584,Phillips et al. 2021,3,2,True,False,True,True,True
4FQY,H:S29F;H:A58N;H:F74S;H:N76S,3.091083403,Phillips et al. 2021,4,2,True,False,True,True,True
4FQY,H:N31S;H:T57A;H:S75T;H:S100BY,2.154376331,Phillips et al. 2021,4,2,True,False,True,True,False
4FQY,H:S29F;H:A58N;H:I73K;H:S100BY,2.385814702,Phillips et al. 2021,4,2,True,False,True,True,True
4FQY,H:N30S;H:S70T;H:S75T;H:S100BY,1.60190857,Phillips et al. 2021,4,2,True,False,True,True,True
4FQY,H:N30S;H:N31S;H:N76S;H:S100BY,2.034895992,Phillips et al. 2021,4,2,True,False,True,True,True
4FQY,H:N30S;H:N31S;H:S70T,2.119346188,Phillips et al. 2021,3,2,True,False,True,True,True
4FQY,H:S29F;H:N76S;H:S100BY,1.22852093,Phillips et al. 2021,3,2,True,False,True,True,True
4FQY,H:S29F;H:N30S;H:T57A,3.177784458,Phillips et al. 2021,3,2,True,False,True,True,False
4FQY,H:S29F;H:N31S;H:S70T;H:N76S,1.705817654,Phillips et al. 2021,4,2,True,False,True,True,True
4FQY,H:S29F;H:N30S;H:A58N;H:S70T,0.768938813,Phillips et al. 2021,4,2,True,False,True,True,True
4FQY,H:N31S;H:S56T;H:T57A;H:S70T,2.766366441,Phillips et al. 2021,4,2,True,False,True,True,False
4FQY,H:N30S;H:N31S;H:T57A;H:S70T,2.462979158,Phillips et al. 2021,4,2,True,False,True,True,False
4FQY,H:S56T;H:S70T;H:S100BY,2.599717587,Phillips et al. 2021,3,2,True,False,True,True,True
4FQY,H:N31S;H:A58N;H:S100BY,0.973088644,Phillips et al. 2021,3,2,True,False,True,True,True
4FQY,H:S29F;H:S56T;H:S75T,3.121393139,Phillips et al. 2021,3,2,True,False,True,True,True
4FQY,H:S29F;H:N31S;H:S100BY,1.899542614,Phillips et al. 2021,3,2,True,False,True,True,True
4FQY,H:S29F;H:N30S;H:T57A;H:A58N,2.731005972,Phillips et al. 2021,4,2,True,False,True,True,False
4FQY,H:F74S;H:S75T,2.759511838,Phillips et al. 2021,2,2,True,False,True,True,True
4FQY,H:N31S;H:S56T;H:T57A;H:N76S,2.378505204,Phillips et al. 2021,4,2,True,False,True,True,False
4FQY,H:S29F;H:N30S;H:A58N;H:S75T,0.693474799,Phillips et al. 2021,4,2,True,False,True,True,True
4FQY,H:N30S;H:N76S;H:S100BY,1.587191859,Phillips et al. 2021,3,2,True,False,True,True,True
4FQY,H:S29F;H:S56T;H:S75T;H:N76S,2.846000979,Phillips et al. 2021,4,2,True,False,True,True,True
4FQY,H:S29F;H:S56T;H:T57A;H:S100BY,2.15484485,Phillips et al. 2021,4,2,True,False,True,True,False
4FQY,H:S29F;H:N30S;H:N31S;H:N76S,2.567357236,Phillips et al. 2021,4,2,True,False,True,True,True
4FQY,H:F74S,2.673682013,Phillips et al. 2021,1,2,True,False,False,False,False
4FQY,H:S29F;H:N30S;H:N76S;H:S100BY,2.33064666,Phillips et al. 2021,4,2,True,False,True,True,True
4FQY,H:N30S;H:N31S;H:T57A;H:N76S,2.853526734,Phillips et al. 2021,4,2,True,False,False,True,False
4FQY,H:S29F;H:N30S;H:S70T;H:S100BY,2.511506602,Phillips et al. 2021,4,2,True,False,True,True,True
4FQY,H:A58N;H:I73K;H:S100BY,2.703569109,Phillips et al. 2021,3,2,True,False,True,True,True
4FQY,H:N30S;H:N31S;H:T57A;H:S75T,2.715936819,Phillips et al. 2021,4,2,True,False,True,True,False
4FQY,H:A58N;H:S70T;H:F74S;H:S100BY,2.689936606,Phillips et al. 2021,4,2,True,False,True,True,True
4FQY,H:S29F;H:N31S;H:S75T;H:S100BY,1.859748703,Phillips et al. 2021,4,2,True,False,True,True,True
4FQY,H:N31S;H:S56T;H:T57A;H:S100BY,3.454822502,Phillips et al. 2021,4,2,True,False,True,True,False
4FQY,H:S29F;H:T57A;H:A58N;H:S100BY,1.481767464,Phillips et al. 2021,4,2,True,False,True,True,False
4FQY,H:N30S;H:N31S;H:S70T;H:S75T,2.288337903,Phillips et al. 2021,4,2,True,False,True,True,True
4FQY,H:S29F;H:A58N;H:I73K;H:N76S,2.49690183,Phillips et al. 2021,4,2,True,False,True,True,True
4FQY,H:N30S;H:N31S;H:S70T;H:S100BY,1.972127588,Phillips et al. 2021,4,2,True,False,True,True,True
4FQY,H:N30S;H:N31S;H:T57A,2.983817599,Phillips et al. 2021,3,2,True,False,False,True,False
4FQY,H:S29F;H:N31S;H:S56T;H:T57A,2.824424858,Phillips et al. 2021,4,2,True,False,True,True,False
4FQY,H:S29F;H:A58N;H:F74S;H:S100BY,2.45610943,Phillips et al. 2021,4,2,True,False,True,True,True
4FQY,H:A58N;H:I73K;H:N76S,3.111733999,Phillips et al. 2021,3,2,True,False,True,True,True
4FQY,H:A58N;H:S70T;H:F74S;H:N76S,3.371415124,Phillips et al. 2021,4,2,True,False,True,True,True
4FQY,H:S29F;H:A58N;H:F74S,2.621002963,Phillips et al. 2021,3,2,True,False,True,True,True
4FQY,H:N30S;H:N31S;H:S75T;H:S100BY,2.179215447,Phillips et al. 2021,4,2,True,False,True,True,True
4FQY,H:S56T;H:A58N;H:S70T;H:I73K,3.154382548,Phillips et al. 2021,4,2,True,False,True,True,True
4FQY,H:S29F;H:N30S;H:N31S;H:S75T,2.841393341,Phillips et al. 2021,4,2,True,False,True,True,True
4FQY,H:S29F;H:N30S;H:S56T;H:A58N,2.216411939,Phillips et al. 2021,4,2,True,False,True,True,True
4FQY,H:A58N;H:S70T;H:I73K;H:S100BY,2.90686892,Phillips et al. 2021,4,2,True,False,True,True,True
4FQY,H:S29F;H:N31S;H:T57A;H:S100BY,2.866825651,Phillips et al. 2021,4,2,True,False,True,True,False
4FQY,H:S29F;H:A58N;H:I73K;H:S75T,2.815790623,Phillips et al. 2021,4,2,True,False,True,True,True
4FQY,H:S29F;H:N30S;H:N31S;H:A58N,1.324359119,Phillips et al. 2021,4,2,True,False,True,True,True
4FQY,H:S29F;H:A58N;H:I73K,1.848879578,Phillips et al. 2021,3,2,True,False,True,True,True
4FQY,H:S29F;H:N30S;H:S70T,2.036749906,Phillips et al. 2021,3,2,True,False,True,True,True
4FQY,H:S29F;H:N30S;H:N31S,2.635145752,Phillips et al. 2021,3,2,True,False,True,True,True
4FQY,H:N30S;H:N31S;H:S100BY,1.654706667,Phillips et al. 2021,3,2,True,False,True,True,True
4FQY,H:S29F;H:N31S;H:S70T;H:I73K,3.478658081,Phillips et al. 2021,4,2,True,False,True,True,True
4FQY,H:S29F;H:N30S;H:S100BY,1.460443026,Phillips et al. 2021,3,2,True,False,True,True,True
4FQY,H:S29F;H:N30S;H:T57A;H:S75T,2.985910626,Phillips et al. 2021,4,2,True,False,True,True,False
4FQY,H:S29F;H:S56T;H:S70T;H:S100BY,2.334613318,Phillips et al. 2021,4,2,True,False,True,True,True
4FQY,H:S29F;H:N30S;H:T57A;H:N76S,3.014475894,Phillips et al. 2021,4,2,True,False,True,True,False
4FQY,H:S56T;H:S70T;H:S75T,1.867941426,Phillips et al. 2021,3,2,True,False,True,True,True
4FQY,H:N31S;H:S56T;H:T57A;H:S75T,2.865815347,Phillips et al. 2021,4,2,True,False,True,True,False
4FQY,H:S56T;H:S100BY,2.913005888,Phillips et al. 2021,2,2,True,False,True,True,True
4FQY,H:S29F;H:N31S;H:S56T;H:S70T,2.666622726,Phillips et al. 2021,4,2,True,False,True,True,True
4FQY,H:S29F;H:N30S;H:N31S;H:S100BY,3.251093388,Phillips et al. 2021,4,2,True,False,True,True,True
4FQY,H:N30S;H:S56T;H:T57A;H:N76S,2.737714237,Phillips et al. 2021,4,2,True,False,True,True,False
4FQY,H:N30S;H:N31S;H:T57A;H:A58N,1.905120188,Phillips et al. 2021,4,2,True,False,True,True,False
4FQY,H:S56T;H:N76S;H:S100BY,3.275863367,Phillips et al. 2021,3,2,True,False,True,True,True
4FQY,H:S56T;H:S75T;H:S100BY,2.937740392,Phillips et al. 2021,3,2,True,False,True,True,True
4FQY,H:S56T;H:S70T;H:N76S;H:S100BY,3.396817571,Phillips et al. 2021,4,2,True,False,True,True,True
4FQY,H:S56T;H:S70T;H:S75T;H:N76S,3.448097463,Phillips et al. 2021,4,2,True,False,True,True,True
4FQY,H:N30S;H:A58N;H:F74S,3.302264535,Phillips et al. 2021,3,2,True,False,True,True,True
4FQY,H:A58N;H:I73K;H:S75T,2.407492192,Phillips et al. 2021,3,2,True,False,True,True,True
4FQY,H:N30S;H:S56T;H:T57A;H:S100BY,2.923687916,Phillips et al. 2021,4,2,True,False,True,True,False
4FQY,H:S29F;H:I73K,3.259443923,Phillips et al. 2021,2,2,True,False,True,True,True
4FQY,H:S29F;H:N31S;H:A58N;H:I73K,3.010161106,Phillips et al. 2021,4,2,True,False,True,True,True
4FQY,H:S29F;H:N30S;H:T57A;H:S100BY,3.005929499,Phillips et al. 2021,4,2,True,False,True,True,False
4FQY,H:A58N;H:F74S;H:N76S;H:S100BY,3.276662907,Phillips et al. 2021,4,2,True,False,True,True,True
4FQY,H:N30S;H:A58N;H:S70T;H:I73K,3.429644045,Phillips et al. 2021,4,2,True,False,True,True,True
4FQY,H:A58N;H:I73K;H:S75T;H:S100BY,3.308757438,Phillips et al. 2021,4,2,True,False,True,True,True
4FQY,H:F74S;H:S75T;H:S100BY,3.544938388,Phillips et al. 2021,3,2,True,False,True,True,True
4FQY,H:A58N;H:F74S;H:S75T;H:S100BY,2.755660155,Phillips et al. 2021,4,2,True,False,True,True,True
4FQY,H:N30S;H:A58N;H:S70T;H:F74S,3.250045853,Phillips et al. 2021,4,2,True,False,True,True,True
4FQY,H:S29F;H:N31S;H:S56T,3.116792367,Phillips et al. 2021,3,2,True,False,True,True,True
4FQY,H:N30S;H:S56T,3.259367544,Phillips et al. 2021,2,2,True,False,True,True,True
4FQY,H:N30S;H:S56T;H:S70T,3.215584538,Phillips et al. 2021,3,2,True,False,True,True,True
4FQY,H:S29F;H:A58N;H:F74S;H:S75T,3.26774073,Phillips et al. 2021,4,2,True,False,True,True,True
4FQY,H:S29F;H:S56T;H:S70T;H:S75T,2.824546575,Phillips et al. 2021,4,2,True,False,True,True,True
4FQY,H:A58N;H:S70T;H:I73K;H:N76S,3.329512985,Phillips et al. 2021,4,2,True,False,True,True,True
4FQY,H:N31S;H:S56T;H:S70T;H:N76S,3.41193843,Phillips et al. 2021,4,2,True,False,True,True,True
4FQY,H:N30S;H:N31S;H:T57A;H:S100BY,3.193508764,Phillips et al. 2021,4,2,True,False,True,True,False
4FQY,H:S29F;H:S56T;H:S75T;H:S100BY,3.019983228,Phillips et al. 2021,4,2,True,False,True,True,True
4FQY,H:F74S;H:S100BY,3.253167231,Phillips et al. 2021,2,2,True,False,True,True,True
4FQY,H:S70T;H:I73K,3.228770808,Phillips et al. 2021,2,2,True,False,True,True,True
4FQY,H:S56T;H:S70T;H:S75T;H:S100BY,3.090158393,Phillips et al. 2021,4,2,True,False,True,True,True
4FQY,H:S56T;H:A58N;H:I73K,3.036658943,Phillips et al. 2021,3,2,True,False,True,True,True
4FQY,H:N31S;H:S56T;H:N76S,3.460788637,Phillips et al. 2021,3,2,True,False,True,True,True
4FQY,H:N30S;H:A58N;H:I73K,3.539851452,Phillips et al. 2021,3,2,True,False,True,True,True
4FQY,H:S29F;H:N31S;H:S56T;H:N76S,3.317530194,Phillips et al. 2021,4,2,True,False,True,True,True
4FQY,H:S29F;H:S56T;H:A58N;H:I73K,3.131620102,Phillips et al. 2021,4,2,True,False,True,True,True
4FQY,H:N30S;H:A58N;H:F74S;H:S75T,3.492420113,Phillips et al. 2021,4,2,True,False,True,True,True
4FQY,H:S29F;H:N31S;H:A58N;H:F74S,3.34261254,Phillips et al. 2021,4,2,True,False,True,True,True
4FQY,H:I73K,3.261608526,Phillips et al. 2021,1,2,True,False,True,False,False
4FQY,H:N31S;H:A58N;H:F74S;H:N76S,3.274414921,Phillips et al. 2021,4,2,True,False,True,True,True
4FQY,H:S29F;H:S70T;H:I73K,2.972019728,Phillips et al. 2021,3,2,True,False,True,True,True
4FQY,H:S29F;H:S70T;H:I73K;H:S100BY,2.832294783,Phillips et al. 2021,4,2,True,False,True,True,True
4FQY,H:T57A;H:A58N;H:F74S,3.466972609,Phillips et al. 2021,3,2,True,False,True,True,False
4FQY,H:S29F;H:S70T;H:I73K;H:N76S,3.229520102,Phillips et al. 2021,4,2,True,False,True,True,True
4FQY,H:A58N;H:I73K;H:N76S;H:S100BY,3.434949672,Phillips et al. 2021,4,2,True,False,True,True,True
4FQY,H:S29F;H:I73K;H:S100BY,3.023783729,Phillips et al. 2021,3,2,True,False,True,True,True
4FQY,H:S29F;H:N30S;H:S56T,3.500775485,Phillips et al. 2021,3,2,True,False,True,True,True
4FQY,H:S29F;H:I73K;H:N76S,3.460016146,Phillips et al. 2021,3,2,True,False,True,True,True
4FQY,H:S29F;H:N31S;H:S56T;H:S100BY,3.540482862,Phillips et al. 2021,4,2,True,False,True,True,True
4FQY,H:A58N;H:F74S;H:S75T;H:N76S,3.381912812,Phillips et al. 2021,4,2,True,False,True,True,True
4FQY,H:S29F;H:F74S;H:S100BY,3.451112039,Phillips et al. 2021,3,2,True,False,True,True,True
4FQY,H:S29F;H:N31S;H:I73K,3.494379128,Phillips et al. 2021,3,2,True,False,True,True,True
4FQY,H:I73K;H:S100BY,3.527020441,Phillips et al. 2021,2,2,True,False,True,True,True
