#PDB,Position,WT_AA,Mut_AA,DDG
1DQJ,[161],['D'],['A'],3.54886669
1DQJ,[227],['W'],['A'],5.148013021
1DQJ,[162],['Y'],['A'],3.583094326
1DQJ,[179],['Y'],['A'],2.479179695
1DQJ,[182],['Y'],['A'],5.249001406
1DQJ,[370],['N'],['A'],-1.227001743
1DQJ,[371],['N'],['A'],3.055580988
1DQJ,[430],['S'],['A'],0.067950143
1DQJ,[389],['Y'],['A'],3.429648509
1DQJ,[435],['Y'],['A'],-0.830635434
1MHP,[284],['F'],['W'],0.03831383
1MHP,[284],['F'],['Y'],-1.462310291
1MHP,[285],['G'],['F'],-3.779455607
1MHP,[285],['G'],['L'],0.195544242
1MHP,[285],['G'],['M'],-0.635343231
1MHP,[285],['G'],['S'],-0.695924641
1MHP,[238],['G'],['A'],-1.522438023
1MHP,[238],['G'],['N'],2.52397786
1MHP,[238],['G'],['S'],1.954867048
1MHP,[239],['G'],['I'],-0.53797585
1MHP,[239],['G'],['T'],3.218337552
1MHP,[239],['G'],['Y'],14.44745566
1MHP,[249],['K'],['D'],0.021796416
1MHP,[249],['K'],['E'],0.029542085
1MHP,[249],['K'],['N'],-0.042723331
1MHP,[249],['K'],['Q'],-0.045108633
1MHP,[245],['L'],['D'],0.095135111
1MHP,[216],['R'],['Q'],0.176696276
1MHP,[220],['S'],['A'],-0.004233123
1MHP,[220],['S'],['Q'],1.109495913
1MHP,[237],['S'],['M'],1.292469971
1MHP,[218],['T'],['N'],3.474915825
1MHP,[218],['T'],['V'],-3.738885165
1MHP,[235],['T'],['V'],1.049844506
1MHP,[243],['Y'],['E'],5.484749669
1MHP,[243],['Y'],['Q'],5.902768713
1MHP,[243],['Y'],['W'],1.220057107
1MHP,[244],['Y'],['E'],0.121215448
1MHP,[495],['G'],['Q'],3.444930558
1MHP,[495],['G'],['S'],4.769910226
1MHP,[434],['H'],['K'],1.636731868
1MHP,[434],['H'],['R'],6.356984708
1MHP,[434],['H'],['W'],1.710851793
1MHP,[452],['L'],['F'],0.966785231
1MHP,[452],['L'],['K'],-1.710639138
1MHP,[452],['L'],['W'],0.272059642
1MHP,[433],['N'],['V'],-4.396240269
1MHP,[433],['N'],['W'],-2.050482402
1MHP,[433],['N'],['Y'],-0.899306844
1MHP,[455],['N'],['D'],-0.026186164
1MHP,[455],['N'],['E'],0.475949537
1MHP,[455],['N'],['K'],-0.168877725
1MHP,[455],['N'],['R'],0.269202114
1MHP,[455],['N'],['Y'],2.636655148
1MHP,[427],['S'],['R'],-0.019102218
1MHP,[431],['S'],['Q'],-0.077627108
1MHP,[494],['S'],['Q'],5.648955692
1MHP,[494],['S'],['R'],-2.067012999
1MHP,[494],['S'],['T'],0.326143862
1MHP,[493],['W'],['Q'],0.772096224
1MLC,[186],['S'],['A'],-1.129619528
1MLC,[186],['S'],['V'],-0.72564838
1MLC,[157],['T'],['D'],-1.104161449
1MLC,[160],['T'],['A'],0.256465008
1MLC,[160],['T'],['V'],-1.234799525
1MLC,[160],['T'],['W'],-4.18089048
1MLC,[187],['T'],['D'],0.786940136
1MLC,[379],['N'],['G'],0.283164075
1MLC,[379],['N'],['Y'],0.733658172
1MLC,[439],['N'],['A'],0.632274592
1N8Z,[615],['D'],['A'],4.268923519
1N8Z,[614],['K'],['A'],-0.042102259
1N8Z,[616],['T'],['A'],-1.380086651
1N8Z,[617],['Y'],['A'],3.527219941
1N8Z,[636],['Y'],['A'],-0.015835332
1N8Z,[832],['D'],['N'],0.550211203
1N8Z,[857],['F'],['N'],4.233990952
1N8Z,[895],['H'],['F'],-0.007784503
1N8Z,[895],['H'],['F'],-0.007784503
1N8Z,[834],['N'],['A'],1.903445996
1N8Z,[834],['N'],['S'],2.39439366
1N8Z,[870],['R'],['G'],0.103294617
1N8Z,[854],['S'],['A'],-1.132213357
1N8Z,[856],['S'],['A'],0.190642363
1N8Z,[835],['T'],['A'],1.207815179
1N8Z,[897],['T'],['A'],-0.45190595
1N8Z,[898],['T'],['A'],1.408548414
1N8Z,[898],['T'],['S'],0.319697993
1N8Z,[853],['Y'],['A'],0.959233351
1N8Z,[896],['Y'],['A'],0.86818414
1N8Z,[896],['Y'],['F'],-0.591587994
1VFB,[229],['D'],['A'],4.358705259
1VFB,[183],['D'],['A'],2.837988099
1VFB,[187],['D'],['E'],-0.118809677
1VFB,[187],['D'],['N'],-0.028494439
1VFB,[160],['G'],['A'],1.227524745
1VFB,[160],['G'],['E'],6.186405494
1VFB,[160],['G'],['W'],1.564772921
1VFB,[228],['R'],['W'],1.756201217
1VFB,[228],['R'],['Y'],1.383337577
1VFB,[157],['S'],['D'],-0.101353706
1VFB,[157],['S'],['E'],-0.101245144
1VFB,[157],['S'],['N'],-0.088042753
1VFB,[157],['S'],['Q'],-0.083294811
1VFB,[181],['W'],['A'],3.695870432
1VFB,[230],['Y'],['A'],6.904833558
1VFB,[230],['Y'],['F'],6.012981044
1VFB,[161],['Y'],['A'],3.152133363
1VFB,[161],['Y'],['E'],1.268202332
1VFB,[276],['N'],['W'],-1.022199094
1VFB,[297],['T'],['F'],-2.978226666
1VFB,[298],['T'],['R'],3.91907359
1VFB,[337],['W'],['A'],4.346090527
1VFB,[277],['Y'],['A'],2.618361285
1VFB,[295],['Y'],['A'],0.636181827
1VFB,[295],['Y'],['K'],3.535596958
1VFB,[295],['Y'],['R'],-0.340383887
1YY9,[673],['N'],['A'],-1.40277408
1YY9,[678],['T'],['E'],-0.073291161
1YY9,[930],['N'],['A'],0.128950404
1YY9,[863],['S'],['D'],-0.372931237
1YY9,[868],['T'],['E'],-0.084964825
2NYY,[1298],['K'],['R'],0.466327973
2NYY,[1302],['M'],['Q'],-4.160826442
2NYY,[1299],['Y'],['D'],-2.229186429
2NYY,[1299],['Y'],['Q'],0.032874392
2NYY,[1325],['Y'],['Q'],-0.013946288
2NYY,[1516],['D'],['Y'],14.14586589
2NYY,[1520],['H'],['R'],-0.056619057
2NYY,[1514],['S'],['Q'],0.467894758
2NYY,[1517],['S'],['N'],10.20446332
3BDY,[32],['D'],['A'],-0.221028124
3BDY,[103],['D'],['A'],-0.529928363
3BDY,[105],['F'],['A'],-1.072222265
3BDY,[101],['G'],['A'],-0.444899455
3BDY,[102],['G'],['A'],0.645048074
3BDY,[104],['G'],['A'],-1.515158428
3BDY,[31],['K'],['A'],0.030873739
3BDY,[56],['N'],['A'],0.058187854
3BDY,[51],['R'],['A'],0.311747286
3BDY,[60],['R'],['A'],0.052621639
3BDY,[33],['T'],['A'],0.504628279
3BDY,[55],['T'],['A'],0.017339618
3BDY,[100],['W'],['A'],2.706904306
3BDY,[106],['Y'],['A'],7.371968705
3BDY,[34],['Y'],['A'],-3.156047266
3BDY,[53],['Y'],['A'],-0.419483457
3BDY,[58],['Y'],['A'],-0.335662736
3BDY,[251],['G'],['A'],4.970930938
3BDY,[271],['G'],['A'],1.031310017
3BDY,[311],['H'],['A'],0.575367534
3BDY,[245],['I'],['A'],-0.472249105
3BDY,[249],['I'],['A'],1.077111169
3BDY,[246],['P'],['A'],0.756676299
3BDY,[247],['R'],['A'],0.131141937
3BDY,[248],['S'],['A'],-0.272017849
3BDY,[250],['S'],['A'],1.363037768
3BDY,[272],['S'],['A'],-0.044546149
3BDY,[313],['T'],['A'],1.890886604
3BDY,[314],['T'],['A'],0.015817753
3BDY,[270],['W'],['A'],3.866547115
3BDY,[252],['Y'],['A'],0.028714143
3BDY,[273],['Y'],['A'],0.500819919
3BDY,[312],['Y'],['A'],0.333715376
3BE1,[616],['D'],['A'],0.144975267
3BE1,[687],['D'],['A'],0.66584058
3BE1,[689],['F'],['A'],0.031958524
3BE1,[685],['G'],['A'],3.027168841
3BE1,[686],['G'],['A'],-0.852345609
3BE1,[688],['G'],['A'],-0.144277824
3BE1,[615],['K'],['A'],0.046665271
3BE1,[640],['N'],['A'],-2.27016485
3BE1,[635],['R'],['A'],4.117997568
3BE1,[644],['R'],['A'],-0.325168898
3BE1,[617],['T'],['A'],-0.063573826
3BE1,[639],['T'],['A'],0.053849598
3BE1,[684],['W'],['A'],1.883906506
3BE1,[690],['Y'],['A'],6.382736126
3BE1,[618],['Y'],['A'],2.38088832
3BE1,[637],['Y'],['A'],0.385723036
3BE1,[642],['Y'],['A'],1.175256262
3BE1,[826],['D'],['A'],0.477763211
3BE1,[833],['G'],['A'],-2.487653082
3BE1,[853],['G'],['A'],-1.257073335
3BE1,[893],['H'],['A'],0.714988885
3BE1,[827],['I'],['A'],0.006181575
3BE1,[831],['I'],['A'],0.967529075
3BE1,[828],['P'],['A'],-0.216643728
3BE1,[829],['R'],['A'],0.452475059
3BE1,[830],['S'],['A'],0.139822248
3BE1,[832],['S'],['A'],-0.353797873
3BE1,[854],['S'],['A'],-0.09906055
3BE1,[895],['T'],['A'],0.08051596
3BE1,[896],['T'],['A'],-0.487821388
3BE1,[852],['W'],['A'],2.528917883
3BE1,[834],['Y'],['A'],-0.049027089
3BE1,[855],['Y'],['A'],0.539584553
3BE1,[894],['Y'],['A'],0.578224374
3BN9,[352],['Q'],['V'],12.5731442
3BN9,[277],['S'],['G'],3.813885939
3BN9,[277],['S'],['N'],3.828702182
3BN9,[275],['T'],['R'],-0.185956257
3BN9,[349],['T'],['Q'],0.808408775
3BN9,[349],['T'],['R'],-0.481248762
3BN9,[350],['Y'],['S'],5.025561898
3HFM,[246],['D'],['A'],-0.933410601
3HFM,[246],['D'],['N'],-1.464168605
3HFM,[245],['S'],['A'],-2.911550115
3HFM,[247],['Y'],['A'],4.2312818
3HFM,[31],['N'],['A'],-1.825027352
3HFM,[31],['N'],['D'],3.551547816
3HFM,[31],['N'],['E'],6.002296692
3HFM,[32],['N'],['A'],4.186331488
3HFM,[53],['Q'],['A'],2.027195658
3HFM,[50],['Y'],['A'],-2.618172458
3HFM,[50],['Y'],['F'],-2.446249648
3HFM,[50],['Y'],['L'],1.387855596
3HFM,[96],['Y'],['A'],-3.375494536
3HFM,[96],['Y'],['F'],-0.329187572
3NGB,[416],['A'],['G'],0.656049505
3NGB,[414],['G'],['S'],5.612845259
3NGB,[389],['I'],['T'],0.335819717
3NGB,[411],['K'],['N'],3.586871224
3NGB,[422],['P'],['K'],0.457877145
3NGB,[413],['R'],['N'],4.089335476
3NGB,[421],['R'],['Q'],1.299155527
3NGB,[392],['T'],['Y'],1.304249436
3NGB,[417],['V'],['T'],1.740464322
3NGB,[433],['V'],['T'],0.523626834
3NGB,[434],['Y'],['S'],-0.591071612
1DVF,[30],['H'],['A'],0.674680985
1DVF,[93],['S'],['A'],5.227172702
1DVF,[92],['W'],['A'],3.056129956
1DVF,[32],['Y'],['A'],-0.020599563
1DVF,[49],['Y'],['A'],1.371630909
1DVF,[49],['Y'],['A'],1.371630909
1DVF,[50],['Y'],['A'],-1.396184861
1DVF,[207],['D'],['A'],19.27186172
1DVF,[161],['D'],['A'],5.7640297
1DVF,[165],['D'],['A'],2.278757986
1DVF,[205],['E'],['A'],0.338844835
1DVF,[163],['N'],['A'],-0.90604026
1DVF,[206],['R'],['A'],1.330796573
1DVF,[137],['T'],['A'],-0.358574685
1DVF,[159],['W'],['A'],0.729185933
1DVF,[208],['Y'],['F'],0.036590785
1DVF,[139],['Y'],['A'],-1.022088898
1DVF,[273],['Y'],['A'],3.009493978
1DVF,[384],['D'],['A'],-0.239310628
1DVF,[365],['H'],['A'],-1.946008965
1DVF,[362],['K'],['A'],-1.209210821
1KIQ,[208],['F'],['Y'],4.725905962
1KIP,[139],['A'],['Y'],1.243527499
1KIR,[50],['S'],['Y'],6.279155222
1NCA,[637],['N'],['Q'],0.29289685
1NCA,[706],['E'],['D'],1.08231104
1NCA,[707],['D'],['K'],22.83686859
1NCA,[708],['N'],['Q'],0.984601065
1JRH,[27],['E'],['A'],4.196103913
1JRH,[28],['D'],['A'],3.850093431
1JRH,[30],['Y'],['A'],0.58705231
1JRH,[91],['Y'],['A'],4.310643807
1JRH,[92],['W'],['A'],3.544672011
1JRH,[93],['S'],['A'],-2.516429039
1JRH,[94],['T'],['A'],0.282800745
1JRH,[95],['W'],['A'],2.29983582
1JRH,[199],['Y'],['A'],2.71271892
1JRH,[221],['W'],['A'],3.695378338
1JRH,[222],['W'],['A'],1.616149016
1JRH,[223],['D'],['A'],5.931323724
1JRH,[224],['D'],['A'],0.003947787
1JRH,[225],['D'],['A'],1.127230122
1JRH,[227],['Y'],['A'],0.760049953
1JRH,[267],['R'],['A'],3.796646811
1JRH,[270],['F'],['A'],0.387570208
1JRH,[271],['Y'],['A'],4.849106802
1JRH,[274],['H'],['A'],2.58085937
1NMB,[554],['D'],['N'],3.034901641
1NMB,[554],['D'],['E'],8.453499977
1NMB,[600],['Y'],['A'],2.321551209
1NMB,[602],['Y'],['F'],-0.715836675
1NMB,[422],['Y'],['F'],8.44885998
1NMB,[483],['T'],['F'],8.478347634
1NMB,[483],['T'],['W'],64.59422562
1NMB,[484],['L'],['V'],0.660588354
3G6D,[314],['H'],['A'],0.487666314
3G6D,[315],['W'],['A'],4.435677954
1XGU,[247],['F'],['L'],7.201880894
1XGU,[247],['F'],['I'],2.23386712
1XGU,[247],['F'],['V'],6.942627313
1XGU,[247],['F'],['A'],5.848554978
1XGP,[248],['A'],['F'],-4.87817336
1XGP,[248],['A'],['L'],0.959101829
1XGP,[248],['A'],['I'],-0.716884866
1XGP,[248],['A'],['V'],0.036635918
1XGQ,[248],['V'],['F'],-5.159978834
1XGQ,[248],['V'],['L'],1.465708231
1XGQ,[248],['V'],['I'],-1.188692065
1XGQ,[248],['V'],['A'],0.652330039
1XGR,[248],['I'],['F'],-2.555988465
1XGR,[248],['I'],['L'],-9.002973753
1XGR,[248],['I'],['V'],1.190430975
1XGR,[248],['I'],['A'],2.304656928
1XGT,[248],['L'],['F'],-6.516847015
1XGT,[248],['L'],['I'],0.870646182
1XGT,[248],['L'],['V'],1.164913489
1XGT,[248],['L'],['A'],1.847696986
3N85,[710],['W'],['F'],-0.666301057
3N85,[713],['W'],['Y'],-2.483445119
3N85,[865],['W'],['K'],-2.758876173
3N85,[865],['W'],['R'],-1.333503198
3N85,[867],['S'],['Y'],0.313519676
3N85,[867],['S'],['A'],2.103321499
3N85,[885],['S'],['G'],-0.668247048
3N85,[887],['S'],['Y'],24.80037872
3N85,[935],['W'],['F'],1.495974725
3N85,[935],['W'],['F'],1.590708907
3L5X,[94],['Y'],['A'],0.29481507
1BJ1,[27],['Y'],['A'],0.295029643
1BJ1,[54],['Y'],['A'],0.877497696
1BJ1,[59],['T'],['A'],0.614572613
1BJ1,[99],['Y'],['A'],2.317064717
1BJ1,[107],['H'],['A'],0.396277867
1BJ1,[54],['Y'],['W'],-0.940386598
1BJ1,[28],['T'],['D'],0.374455673
1BJ1,[31],['N'],['H'],-0.34389445
1BJ1,[101],['H'],['Y'],13.27659298
1BJ1,[105],['S'],['T'],-0.736328501
2B2X,[253],['E'],['K'],-0.007567722
2B2X,[239],['V'],['T'],-0.430511582
2B2X,[451],['Y'],['E'],1.671281034
2B2X,[253],['E'],['K'],-0.007567722
2B2X,[239],['V'],['T'],-0.430511582
2BDN,[309],['L'],['R'],-0.965026697
2BDN,[309],['L'],['K'],-1.219202257
2BDN,[310],['N'],['D'],-0.049056676
2BDN,[310],['N'],['Q'],-0.050482815
2BDN,[313],['D'],['E'],6.608518255
2BDN,[98],['Y'],['K'],0.951514786
2BDN,[99],['N'],['R'],0.723957078
2BDN,[99],['N'],['K'],0.160836798
2BDN,[121],['S'],['D'],0.021405114
2BDN,[121],['S'],['E'],0.076728972
2BDN,[124],['T'],['D'],-3.077450043
2BDN,[124],['T'],['E'],-0.904789876
5C6T,[606],['R'],['S'],0.58730465
5C6T,[607],['S'],['A'],-2.026565609
5C6T,[672],['N'],['A'],0.380719636
5C6T,[673],['Y'],['A'],3.460322396
5C6T,[674],['F'],['A'],3.810707502
5C6T,[679],['Y'],['A'],4.762325377
5C6T,[735],['Y'],['A'],0.845601998
5C6T,[736],['R'],['A'],4.08353985
3SE8,[387],['R'],['A'],0.340482651
3SE8,[404],['W'],['A'],2.027661683
3SE8,[407],['W'],['A'],2.850912475
3SE8,[409],['K'],['A'],4.574404492
3SE8,[411],['L'],['A'],5.555182077
3SE8,[412],['W'],['A'],5.035462764
3SE8,[413],['G'],['A'],-2.57265862
3SE8,[415],['V'],['A'],-3.073953265
3SE8,[416],['S'],['A'],1.615877241
3SE8,[417],['Y'],['A'],1.340851735
3SE8,[419],['R'],['A'],0.019782092
3SE8,[420],['Q'],['A'],2.595718004
3SE8,[422],['Q'],['A'],1.179729996
3SE8,[429],['R'],['A'],2.238178662
3SE8,[433],['Q'],['A'],1.737073545
3SE8,[435],['P'],['A'],1.375893188
3SE8,[438],['P'],['A'],0.045994939
3SE8,[467],['D'],['A'],0.016605715
3SE8,[468],['Y'],['A'],-0.44363497
3SE8,[471],['D'],['A'],-3.690176001
3SE8,[472],['F'],['A'],2.441330129
3SE8,[591],['E'],['A'],-6.189840838
3SE8,[617],['Q'],['A'],0.001604509
3SE8,[620],['N'],['A'],-1.264044568
3SE8,[639],['D'],['A'],-0.430085789
3SE8,[680],['F'],['A'],1.879389538
3SE8,[681],['E'],['A'],3.237001424
3SE8,[682],['F'],['A'],3.35314235
1C08,[293],['Y'],['F'],-4.768563997
1C08,[334],['S'],['A'],1.167321228
1C08,[336],['S'],['A'],-0.718539584
1C08,[274],['N'],['A'],-2.578280101
1C08,[274],['N'],['D'],1.131803137
1C08,[275],['N'],['A'],3.075837807
1C08,[275],['N'],['D'],0.605133635
1C08,[335],['N'],['D'],2.373614848
1C08,[274],['N'],['A'],-2.578280101
1C08,[274],['N'],['D'],1.131803137
1C08,[274],['N'],['E'],2.089686004
1C08,[275],['N'],['A'],3.075837807
1C08,[293],['Y'],['A'],-1.940330334
1C08,[293],['Y'],['L'],4.255004289
1C08,[293],['Y'],['F'],-4.768563997
1C08,[296],['Q'],['A'],4.025212194
1C08,[339],['Y'],['A'],3.071397272
1C08,[339],['Y'],['F'],4.838327214
1C08,[160],['S'],['A'],0.564070408
1C08,[161],['D'],['A'],-0.923447318
1C08,[161],['D'],['N'],-3.022525975
1C08,[162],['Y'],['A'],0.07774422
1C08,[179],['Y'],['A'],1.097366571
1C08,[227],['W'],['A'],3.74522082
1C08,[227],['W'],['F'],8.147833043
1C08,[182],['Y'],['W'],-0.054245536
1C08,[182],['Y'],['F'],-0.035655843
1C08,[182],['Y'],['L'],0.462614657
1C08,[182],['Y'],['A'],1.531881114
1C08,[162],['Y'],['W'],0.007434917
1C08,[162],['Y'],['F'],0.079096972
1C08,[162],['Y'],['L'],-1.906632907
1C08,[179],['Y'],['F'],-1.392281669
1C08,[179],['Y'],['L'],1.080397503
1C08,[187],['Y'],['F'],0.294015877
1C08,[187],['Y'],['L'],1.865751514
1C08,[187],['Y'],['A'],-0.128043189
3GBN,[585],['D'],['E'],-0.543147692
3GBN,[569],['T'],['A'],-0.334633596
3GBN,[588],['G'],['S'],4.04676127
3GBN,[615],['V'],['L'],-0.002969954
3GBN,[586],['F'],['S'],14.7625691
3GBN,[570],['K'],['N'],-0.048988803
3GBN,[539],['P'],['T'],2.141146382
3GBN,[541],['R'],['S'],-0.597856247
3GBN,[587],['A'],['T'],4.692090815
4FQY,[549],['A'],['N'],-0.711366688
4FQY,[567],['N'],['S'],-4.099379651
4FQY,[548],['T'],['A'],-1.659107102
4FQY,[519],['S'],['F'],3.41996337
4FQY,[566],['S'],['T'],-1.162302536
4FQY,[561],['S'],['T'],-3.550726316
4FQY,[596],['S'],['Y'],0.562330269
4FQY,[520],['N'],['S'],1.285243465
4FQY,[521],['N'],['S'],-0.6511758
4FQY,[547],['S'],['T'],0.459863655
4FQY,[565],['F'],['S'],1.779566394
4FQY,[564],['I'],['K'],3.213800782
